Sample Number ,Site Province ,District Name,Site Name ,Sample Collection Date,HAV Result,HEV Result,Clinical_Result
AIR-WGS-25-0001,Gauteng,Ekurhuleni MM,Airline 1,1/15/2025,,,
AIR-WGS-25-0002,Gauteng,Ekurhuleni MM,Airline 2,1/15/2025,,,
AIR-WGS-25-0003,Gauteng,Ekurhuleni MM,Airline 4,1/15/2025,,,
AIR-WGS-25-0004,Gauteng,Ekurhuleni MM,Airline 3,1/15/2025,,,
AIR-WGS-25-0005,Gauteng,Ekurhuleni MM,Airline 1,1/22/2025,,,
AIR-WGS-25-0006,Gauteng,Ekurhuleni MM,Airline 3,1/22/2025,,,
AIR-WGS-25-0007,Gauteng,Ekurhuleni MM,Airline 4,1/22/2025,,,
AIR-WGS-25-0008,Gauteng,Ekurhuleni MM,Airline 2,1/29/2025,,,
AIR-WGS-25-0009,Gauteng,Ekurhuleni MM,Airline 3,1/29/2025,,,
AIR-WGS-25-0010,Gauteng,Ekurhuleni MM,Airline 4,1/29/2025,,,
AIR-WGS-25-0011,Gauteng,Ekurhuleni MM,Airline 1,2/5/2025,,,
AIR-WGS-25-0012,Gauteng,Ekurhuleni MM,Airline 4,2/5/2025,,,
AIR-WGS-25-0013,Gauteng,Ekurhuleni MM,Airline 3,2/5/2025,,,
AIR-WGS-25-0014,Gauteng,Ekurhuleni MM,Airline 2,2/5/2025,,,
AIR-WGS-25-0015,Gauteng,Ekurhuleni MM,Airline 1,2/12/2025,,,
AIR-WGS-25-0016,Gauteng,Ekurhuleni MM,Airline 3,2/12/2025,,,
AIR-WGS-25-0017,Gauteng,Ekurhuleni MM,Airline 1,2/19/2025,,,
AIR-WGS-25-0018,Gauteng,Ekurhuleni MM,Airline 2,2/19/2025,,,
AIR-WGS-25-0019,Gauteng,Ekurhuleni MM,Airline 3,2/19/2025,,,
AIR-WGS-25-0020,Gauteng,Ekurhuleni MM,Airline 1,2/26/2025,Negative,Negative,
AIR-WGS-25-0021,Gauteng,Ekurhuleni MM,Airline 2,2/26/2025,Negative,Negative,
AIR-WGS-25-0022,Gauteng,Ekurhuleni MM,Airline 3,2/26/2025,Failed,Failed,
AIR-WGS-25-0023,Gauteng,Ekurhuleni MM,Airline 4,2/26/2025,,,
AIR-WGS-25-0024,Gauteng,Ekurhuleni MM,Airline 2,4/2/2025,,,
AIR-WGS-25-0025,Gauteng,Ekurhuleni MM,Airline 3,4/2/2025,,,
AIR-WGS-25-0026,Gauteng,Ekurhuleni MM,Airline 4,4/2/2025,,,
AIR-WGS-25-0027,Gauteng,Ekurhuleni MM,Airline 4,4/9/2025,,,
AIR-WGS-25-0028,Gauteng,Ekurhuleni MM,OR Tambo International Airport,8/20/2025,,,
AIR-WGS-25-0029,Gauteng,Ekurhuleni MM,Airline 2,8/27/2025,,,
AIR-WGS-25-0030,Gauteng,Ekurhuleni MM,Airline 3,8/27/2025,,,
AIR-WGS-25-0031,Gauteng,Ekurhuleni MM,Airline 4,8/27/2025,,,
AIR-WGS-25-0032,Gauteng,Ekurhuleni MM,Airline 1,9/3/2025,,,
AIR-WGS-25-0033,Gauteng,Ekurhuleni MM,Airline 3,9/3/2025,,,
AIR-WGS-25-0034,Gauteng,Ekurhuleni MM,Airline 4,9/3/2025,,,
AIR-WGS-25-0035,Gauteng,Ekurhuleni MM,Airline 1,9/10/2025,,,
AIR-WGS-25-0036,Gauteng,Ekurhuleni MM,Airline 2,9/10/2025,,,
AIR-WGS-25-0037,Gauteng,Ekurhuleni MM,Airline 3,9/10/2025,,,
AIR-WGS-25-0038,Gauteng,Ekurhuleni MM,Airline 1,9/17/2025,,,
AIR-WGS-25-0039,Gauteng,Ekurhuleni MM,Airline 2,9/17/2025,,,
AIR-WGS-25-0040,Gauteng,Ekurhuleni MM,Airline 3,9/17/2025,,,
AIR-WGS-25-0041,Gauteng,Ekurhuleni MM,Airline 4,9/17/2025,,,
AIR-WGS-25-0042,Gauteng,Ekurhuleni MM,Airline 1,10/1/2025,,,
AIR-WGS-25-0043,Gauteng,Ekurhuleni MM,Airline 3,10/1/2025,,,
AIR-WGS-25-0044,Gauteng,Ekurhuleni MM,OR Tambo International Airport,10/2/2025,,,
AIR-WGS-25-0045,Gauteng,Ekurhuleni MM,OR Tambo International Airport,10/6/2025,,,
AIR-WGS-25-0046,Gauteng,Ekurhuleni MM,Airline 1,10/8/2025,,,
AIR-WGS-25-0047,Gauteng,Ekurhuleni MM,Airline 2,10/8/2025,,,
AIR-WGS-25-0048,Gauteng,Ekurhuleni MM,Airline 3,10/8/2025,,,
AIR-WGS-25-0049,Gauteng,Ekurhuleni MM,Airline 4,10/8/2025,,,
AIR-WGS-25-0050,Gauteng,Ekurhuleni MM,OR Tambo International Airport,10/9/2025,,,
AIR-WGS-25-0051,Gauteng,Ekurhuleni MM,OR Tambo International Airport,10/13/2025,,,
AIR-WGS-25-0052,Gauteng,Ekurhuleni MM,Airline 1,10/15/2025,,,
AIR-WGS-25-0053,Gauteng,Ekurhuleni MM,Airline 2,10/15/2025,,,
AIR-WGS-25-0054,Gauteng,Ekurhuleni MM,Airline 3,10/15/2025,,,
AIR-WGS-25-0055,Gauteng,Ekurhuleni MM,Airline 4,10/15/2025,,,
AIR-WGS-25-0056,Gauteng,Ekurhuleni MM,OR Tambo International Airport,10/16/2025,,,
AIR-WGS-25-0057,,,,,,,
AIR-WGS-25-0058,Gauteng,Ekurhuleni MM,Airline 2,10/22/2025,Negative,Negative,
AIR-WGS-25-0059,Gauteng,Ekurhuleni MM,Airline 3,10/22/2025,Negative,Negative,
AIR-WGS-25-0060,Gauteng,Ekurhuleni MM,Airline 4,10/22/2025,Negative,Negative,
AIR-WGS-25-0061,Gauteng,Ekurhuleni MM,OR Tambo International Airport,10/23/2025,,,
AIR-WGS-25-0062,,,,,,,
AIR-WGS-25-0063,Gauteng,Ekurhuleni MM,OR Tambo International Airport,10/30/2025,,,
AIR-WGS-25-0064,Gauteng,Ekurhuleni MM,Airline 2,10/29/2025,,,
AIR-WGS-25-0065,Gauteng,Ekurhuleni MM,Airline 3,10/29/2025,,,
AIR-WGS-25-0066,Gauteng,Ekurhuleni MM,Airline 4,10/29/2025,,,
AIR-WGS-25-0067,Gauteng,Ekurhuleni MM,Airline 1,10/29/2025,,,
AIR-WGS-25-0068,Gauteng,Ekurhuleni MM,OR Tambo International Airport,11/3/2025,Negative,Negative,
AIR-WGS-25-0069,Gauteng,Ekurhuleni MM,Airline 1,11/5/2025,Negative,Negative,
AIR-WGS-25-0070,Gauteng,Ekurhuleni MM,Airline 2,11/5/2025,Negative,Negative,
AIR-WGS-25-0071,Gauteng,Ekurhuleni MM,Airline 4,11/5/2025,Negative,Negative,
AIR-WGS-25-0072,Gauteng,Ekurhuleni MM,OR Tambo International Airport,11/6/2025,Negative,Negative,
AIR-WGS-25-0073,Gauteng,Ekurhuleni MM,OR Tambo International Airport,11/10/2025,Negative,Negative,
AIR-WGS-25-0074,Gauteng,Ekurhuleni MM,Airline 1,11/12/2025,Positive,Negative,
AIR-WGS-25-0075,Gauteng,Ekurhuleni MM,Airline 2,11/12/2025,Negative,Negative,
AIR-WGS-25-0076,Gauteng,Ekurhuleni MM,Airline 3,11/12/2025,Negative,Negative,
AIR-WGS-25-0077,Gauteng,Ekurhuleni MM,Airline 4,11/12/2025,Negative,Negative,
AIR-WGS-25-0078,Gauteng,Ekurhuleni MM,OR Tambo International Airport,11/13/2025,Negative,Negative,
AIR-WGS-25-0079,Gauteng,Ekurhuleni MM,OR Tambo International Airport,11/17/2025,Negative,Negative,
AIR-WGS-25-0080,Gauteng,Ekurhuleni MM,Airline 1,11/19/2025,Negative,Negative,
AIR-WGS-25-0081,Gauteng,Ekurhuleni MM,Airline 2,11/19/2025,Negative,Negative,
AIR-WGS-25-0082,Gauteng,Ekurhuleni MM,Airline 3,11/19/2025,Negative,Negative,
AIR-WGS-25-0083,Gauteng,Ekurhuleni MM,Airline 4,11/19/2025,Negative,Negative,
AIR-WGS-25-0084,Gauteng,Ekurhuleni MM,OR Tambo International Airport,11/26/2025,Negative,Negative,
AIR-WGS-25-0085,Gauteng,Ekurhuleni MM,Airline 2,11/26/2025,Negative,Negative,
AIR-WGS-25-0086,Gauteng,Ekurhuleni MM,Airline 3,11/26/2025,Negative,Negative,
AIR-WGS-25-0087,Gauteng,Ekurhuleni MM,Airline 4,11/26/2025,Negative,Negative,
AIR-WGS-25-0088,Gauteng,Ekurhuleni MM,OR Tambo International Airport,12/1/2025,Negative,Negative,
AIR-WGS-25-0089,Gauteng,Ekurhuleni MM,Airline 1,12/3/2025,Negative,Negative,
AIR-WGS-25-0090,Gauteng,Ekurhuleni MM,Airline 2,12/3/2025,Negative,Negative,
AIR-WGS-25-0091,Gauteng,Ekurhuleni MM,Airline 3,12/3/2025,Negative,Negative,
AIR-WGS-25-0092,Gauteng,Ekurhuleni MM,Airline 4,12/3/2025,Negative,Negative,
AIR-WGS-25-0093,Gauteng,Ekurhuleni MM,OR Tambo International Airport,12/4/2025,Negative,Negative,
AIR-WGS-25-0094,,,,,Negative,Negative,
AIR-WGS-25-0095,Gauteng,Ekurhuleni MM,Airline 1,12/10/2025,Negative,Negative,
AIR-WGS-25-0096,Gauteng,Ekurhuleni MM,Airline 2,12/10/2025,Positive,Negative,
AIR-WGS-25-0097,Gauteng,Ekurhuleni MM,Airline 3,12/10/2025,Positive,Negative,
AIR-WGS-25-0098,Gauteng,Ekurhuleni MM,Airline 4,12/10/2025,Negative,Negative,
AIR-WGS-25-0099,,,,,Negative,Negative,
AIR-WGS-25-0100,,,,,Positive,Negative,
AIR-WGS-25-0101,,,,,Negative,Negative,
AIR-WGS-26-0001,Gauteng,Ekurhuleni MM,OR Tambo International Airport,1/8/2026,,,
AIR-WGS-26-0002,Gauteng,Ekurhuleni MM,OR Tambo International Airport,1/12/2026,,,
AIR-WGS-26-0003,Gauteng,Ekurhuleni MM,Airline 1,1/14/2026,,,
AIR-WGS-26-0004,Gauteng,Ekurhuleni MM,Airline 2,1/14/2026,,,
AIR-WGS-26-0005,Gauteng,Ekurhuleni MM,Airline 3,1/14/2026,,,
AIR-WGS-26-0006,Gauteng,Ekurhuleni MM,Airline 4,1/14/2026,,,
AIR-WGS-26-0007,Gauteng,Ekurhuleni MM,OR Tambo International Airport,1/15/2026,,,
AIR-WGS-26-0008,Gauteng,Ekurhuleni MM,OR Tambo International Airport,1/19/2026,Negative,Negative,
AIR-WGS-26-0009,Gauteng,Ekurhuleni MM,Airline 1,1/21/2026,Positive,Positive,
AIR-WGS-26-0010,Gauteng,Ekurhuleni MM,Airline 2,1/21/2026,Positive,Positive,
AIR-WGS-26-0011,Gauteng,Ekurhuleni MM,Airline 3,1/21/2026,Positive,Negative,
AIR-WGS-26-0012,Gauteng,Ekurhuleni MM,Airline 4,1/21/2026,Positive,Positive,
AIR-WGS-26-0013,Gauteng,Ekurhuleni MM,OR Tambo International Airport,1/22/2026,Positive,Negative,
AIR-WGS-26-0014,Gauteng,Ekurhuleni MM,OR Tambo International Airport,1/26/2026,Negative,Negative,
AIR-WGS-26-0015,,,,,Negative,Negative,
AIR-WGS-26-0016,Gauteng,Ekurhuleni MM,Airline 2,1/28/2026,Negative,Negative,
AIR-WGS-26-0017,Gauteng,Ekurhuleni MM,Airline 4,1/28/2026,Negative,Negative,
AIR-WGS-26-0018,Gauteng,Ekurhuleni MM,OR Tambo International Airport,2/2/2026,Positive,Positive,
AIR-WGS-26-0019,Gauteng,Ekurhuleni MM,Airline 2,2/3/2026,Positive,Negative,
AIR-WGS-26-0020,Gauteng,Ekurhuleni MM,Airline 3,2/3/2026,Negative,Negative,
AIR-WGS-26-0021,Gauteng,Ekurhuleni MM,Airline 4,2/3/2026,Negative,Negative,
AIR-WGS-26-0022,Gauteng,Ekurhuleni MM,OR Tambo International Airport,2/5/2026,Negative,Negative,
AIR-WGS-26-0023,Gauteng,Ekurhuleni MM,OR Tambo International Airport,2/9/2026,Positive,Negative,
AIR-WGS-26-0024,Gauteng,Ekurhuleni MM,Airline 1,2/11/2026,Positive,Positive,
AIR-WGS-26-0025,Gauteng,Ekurhuleni MM,Airline 2,2/11/2026,Negative,Negative,
AIR-WGS-26-0026,Gauteng,Ekurhuleni MM,Airline 3,2/11/2026,Negative,Negative,
AIR-WGS-26-0027,Gauteng,Ekurhuleni MM,Airline 4,2/11/2026,Negative,Negative,
AIR-WGS-26-0028,Gauteng,Ekurhuleni MM,OR Tambo International Airport,2/12/2026,Negative,Negative,
AIR-WGS-26-0029,Gauteng,Ekurhuleni MM,OR Tambo International Airport,2/16/2026,Positive,Positive,
AIR-WGS-26-0030,Gauteng,Ekurhuleni MM,Airline 1,2/18/2026,Negative,Negative,
AIR-WGS-26-0031,Gauteng,Ekurhuleni MM,Airline 2,2/18/2026,Positive,Negative,
AIR-WGS-26-0032,Gauteng,Ekurhuleni MM,Airline 3,2/18/2026,Negative,Negative,
AIR-WGS-26-0033,Gauteng,Ekurhuleni MM,OR Tambo International Airport,2/19/2026,Positive,Negative,
AIR-WGS-26-0034,Gauteng,Ekurhuleni MM,Airline 1,2/25/2026,Negative,Negative,
AIR-WGS-26-0035,Gauteng,Ekurhuleni MM,Airline 2,2/25/2026,Negative,Negative,
AIR-WGS-26-0036,Gauteng,Ekurhuleni MM,Airline 4,2/25/2026,Negative,Negative,
AIR-WGS-26-0037,Gauteng,Ekurhuleni MM,OR Tambo International Airport,2/26/2026,Negative,Negative,
AIR-WGS-26-0038,Gauteng,Ekurhuleni MM,OR Tambo International Airport,2/27/2026,Negative,Negative,
AIR-WGS-26-0039,Gauteng,Ekurhuleni MM,OR Tambo International Airport,3/2/2026,Negative,Negative,
AIR-WGS-26-0040,Gauteng,Ekurhuleni MM,OR Tambo International Airport,3/9/2026,,,
AIR-WGS-26-0041,Gauteng,Ekurhuleni MM,Airline 2,3/4/2026,Negative,Negative,
AIR-WGS-26-0042,Gauteng,Ekurhuleni MM,Airline 3,3/4/2026,Negative,Negative,
AIR-WGS-26-0043,Gauteng,Ekurhuleni MM,Airline 4,3/4/2026,Negative,Negative,
AIR-WGS-26-0044,Gauteng,Ekurhuleni MM,OR Tambo International Airport,3/16/2026,,,
AIR-WGS-26-0045,Gauteng,Ekurhuleni MM,Airline 1,3/11/2026,,,
AIR-WGS-26-0046,Gauteng,Ekurhuleni MM,Airline 4,3/11/2026,,,
AIR-WGS-26-0047,Gauteng,Ekurhuleni MM,Airline 2,3/18/2026,,,
AIR-WGS-26-0048,Gauteng,Ekurhuleni MM,Airline 3,3/18/2026,,,
AIR-WGS-26-0049,Gauteng,Ekurhuleni MM,OR Tambo International Airport,3/19/2026,,,
AIR-WGS-26-0050,Gauteng,Ekurhuleni MM,OR Tambo International Airport,3/23/2026,,,
CST-WGS--25-0897,Gauteng,Ekurhuleni MM,Tembisa Hospital Downstream,7/14/2025,,,
CST-WGS-25-0001,,,,,Negative,Negative,
CST-WGS-25-0002,,,,,Negative,Negative,
CST-WGS-25-0003,,,,,Negative,Negative,
CST-WGS-25-0004,,,,,Negative,Negative,
CST-WGS-25-0005,,,,,Negative,Negative,
CST-WGS-25-0006,,,,,Negative,Negative,
CST-WGS-25-0007,,,,,Negative,Negative,
CST-WGS-25-0008,,,,,Negative,Negative,
CST-WGS-25-0009,,,,,Positive,Positive,
CST-WGS-25-0010,,,,,Negative,Negative,
CST-WGS-25-0011,,,,,Negative,Negative,
CST-WGS-25-0012,,,,,Positive,Negative,
CST-WGS-25-0013,,,,,Negative,Negative,
CST-WGS-25-0014,,,,,Negative,Positive,
CST-WGS-25-0015,,,,,Negative,Negative,
CST-WGS-25-0016,,,,,Negative,Negative,
CST-WGS-25-0017,,,,,Negative,Negative,
CST-WGS-25-0018,,,,,Negative,Positive,
CST-WGS-25-0019,,,,,Negative,Negative,
CST-WGS-25-0020,,,,,Positive,Negative,
CST-WGS-25-0021,,,,,Positive,Positive,
CST-WGS-25-0022,,,,,Negative,Negative,
CST-WGS-25-0023,,,,,Negative,Negative,
CST-WGS-25-0024,,,,,Positive,Negative,
CST-WGS-25-0025,,,,,Negative,Negative,
CST-WGS-25-0026,,,,,Positive,Negative,
CST-WGS-25-0027,,,,,Positive,Negative,
CST-WGS-25-0028,,,,,Positive,Negative,
CST-WGS-25-0055,Gauteng,Ekurhuleni MM,Sasol Garage,1/16/2025,Positive,Negative,
CST-WGS-25-0056,Gauteng,Ekurhuleni MM,Moloreng,1/16/2025,Positive,Negative,
CST-WGS-25-0057,Gauteng,Ekurhuleni MM,Namane Drive,1/16/2025,Positive,Negative,
CST-WGS-25-0058,Gauteng,Ekurhuleni MM,Tembisa Hospital East and West,1/16/2025,Negative,Negative,
CST-WGS-25-0059,Gauteng,Ekurhuleni MM,Tembisa Hospital Downstream,1/16/2025,Positive,Negative,
CST-WGS-25-0060,Gauteng,Ekurhuleni MM,Tembisa Mall,1/16/2025,Positive,Negative,
CST-WGS-25-0061,Gauteng,Ekurhuleni MM,Midstream,1/16/2025,Negative,Negative,
CST-WGS-25-0062,Gauteng,Ekurhuleni MM,Olifantsfontein,1/16/2025,,,
CST-WGS-25-0063,Gauteng,Ekurhuleni MM,OR Tambo International Airport,1/16/2025,Negative,Negative,
CST-WGS-25-0064,Gauteng,Tshwane MM,Daspoort Wastewater Treatment Works,1/17/2025,Positive,Negative,
CST-WGS-25-0065,Gauteng,Tshwane MM,SAPS Training College,1/17/2025,Negative,Negative,
CST-WGS-25-0066,Gauteng,Tshwane MM,Kalafong Hospital,1/17/2025,Positive,Negative,
CST-WGS-25-0067,Gauteng,Tshwane MM,Atteridgeville Train Station,1/17/2025,Negative,Negative,
CST-WGS-25-0068,Gauteng,Tshwane MM,Vergenoeg,1/17/2025,Positive,Negative,
CST-WGS-25-0069,Gauteng,Tshwane MM,Laudium,1/17/2025,Positive,Negative,
CST-WGS-25-0070,Gauteng,Tshwane MM,Groenkloof,1/17/2025,Negative,Negative,
CST-WGS-25-0072,Gauteng,Ekurhuleni MM,Sasol Garage,1/20/2025,Negative,Negative,
CST-WGS-25-0073,Gauteng,Ekurhuleni MM,Moloreng,1/20/2025,Positive,Negative,
CST-WGS-25-0074,Gauteng,Ekurhuleni MM,Namane Drive,1/20/2025,Negative,Negative,
CST-WGS-25-0075,Gauteng,Ekurhuleni MM,Tembisa Hospital East and West,1/20/2025,Negative,Negative,
CST-WGS-25-0076,Gauteng,Ekurhuleni MM,Tembisa Hospital Downstream,1/20/2025,Positive,Negative,
CST-WGS-25-0077,Gauteng,Ekurhuleni MM,Tembisa Mall,1/20/2025,Positive,Negative,
CST-WGS-25-0078,Gauteng,Ekurhuleni MM,Midstream,1/20/2025,Positive,Positive,
CST-WGS-25-0079,Gauteng,Ekurhuleni MM,Olifantsfontein,1/20/2025,Positive,Positive,
CST-WGS-25-0080,Gauteng,Ekurhuleni MM,OR Tambo International Airport,1/20/2025,Negative,Negative,
CST-WGS-25-0081,Gauteng,Tshwane MM,Daspoort Wastewater Treatment Works,1/21/2025,Positive,Negative,
CST-WGS-25-0082,Gauteng,Tshwane MM,SAPS Training College,1/21/2025,Negative,Negative,
CST-WGS-25-0083,Gauteng,Tshwane MM,Kalafong Hospital,1/21/2025,Negative,Negative,
CST-WGS-25-0084,Gauteng,Tshwane MM,Atteridgeville Train Station,1/21/2025,Positive,Negative,
CST-WGS-25-0085,Gauteng,Tshwane MM,Vergenoeg,1/21/2025,Positive,Negative,
CST-WGS-25-0086,Gauteng,Tshwane MM,Laudium,1/21/2025,Positive,Negative,
CST-WGS-25-0087,Gauteng,Tshwane MM,Groenkloof,1/21/2025,Negative,Negative,
CST-WGS-25-0088,Gauteng,Johannesburg MM,Bushkoppies Inlet,1/22/2025,Positive,Negative,
CST-WGS-25-0089,Gauteng,Johannesburg MM,Bushkoppies Final,1/22/2025,Positive,Positive,
CST-WGS-25-0090,Gauteng,Johannesburg MM,Klipsruit Yard (Before tunnel),1/22/2025,Positive,Negative,
CST-WGS-25-0091,Gauteng,Johannesburg MM,Klipspruit Veggies (After tunnel),1/22/2025,Negative,Negative,
CST-WGS-25-0092,Gauteng,Johannesburg MM,Motsoaledi,1/22/2025,Positive,Positive,
CST-WGS-25-0093,Gauteng,Ekurhuleni MM,Sasol Garage,1/23/2025,Positive,Negative,
CST-WGS-25-0094,Gauteng,Ekurhuleni MM,Moloreng,1/23/2025,Positive,Negative,
CST-WGS-25-0095,Gauteng,Ekurhuleni MM,Namane Drive,1/23/2025,Positive,Negative,
CST-WGS-25-0096,Gauteng,Ekurhuleni MM,Tembisa Hospital East and West,1/23/2025,Negative,Negative,
CST-WGS-25-0097,Gauteng,Ekurhuleni MM,Tembisa Hospital Downstream,1/23/2025,Positive,Negative,
CST-WGS-25-0098,Gauteng,Ekurhuleni MM,Tembisa Mall,1/23/2025,Negative,Negative,
CST-WGS-25-0099,Gauteng,Ekurhuleni MM,Midstream,1/23/2025,Positive,Positive,
CST-WGS-25-0100,Gauteng,Ekurhuleni MM,Olifantsfontein,1/23/2025,Positive,Positive,
CST-WGS-25-0101,Gauteng,Ekurhuleni MM,OR Tambo International Airport,1/23/2025,Negative,Negative,
CST-WGS-25-0102,Gauteng,Tshwane MM,Daspoort Wastewater Treatment Works,1/24/2025,Positive,Negative,
CST-WGS-25-0103,Gauteng,Tshwane MM,SAPS Training College,1/24/2025,Negative,Negative,
CST-WGS-25-0104,Gauteng,Tshwane MM,Kalafong Hospital,1/24/2025,Negative,Negative,
CST-WGS-25-0105,Gauteng,Tshwane MM,Atteridgeville Train Station,1/24/2025,Positive,Negative,
CST-WGS-25-0106,Gauteng,Tshwane MM,Vergenoeg,1/24/2025,Positive,Negative,
CST-WGS-25-0107,Gauteng,Tshwane MM,Laudium,1/24/2025,Positive,Negative,
CST-WGS-25-0108,Gauteng,Tshwane MM,Groenkloof,1/24/2025,Negative,Negative,
CST-WGS-25-0109,Gauteng,Ekurhuleni MM,Moloreng,1/27/2025,Positive,Negative,
CST-WGS-25-0110,Gauteng,Ekurhuleni MM,Namane Drive,1/27/2025,Negative,Positive,
CST-WGS-25-0111,Gauteng,Ekurhuleni MM,Tembisa Hospital East and West,1/27/2025,Negative,Negative,
CST-WGS-25-0112,Gauteng,Ekurhuleni MM,Tembisa Hospital Downstream,1/27/2025,Positive,Positive,
CST-WGS-25-0113,Gauteng,Ekurhuleni MM,Tembisa Mall,1/27/2025,Negative,Negative,
CST-WGS-25-0114,Gauteng,Ekurhuleni MM,Midstream,1/27/2025,Positive,Negative,
CST-WGS-25-0115,Gauteng,Ekurhuleni MM,Olifantsfontein,1/27/2025,Positive,Positive,
CST-WGS-25-0116,Gauteng,Ekurhuleni MM,OR Tambo International Airport,1/27/2025,Negative,Negative,
CST-WGS-25-0117,Gauteng,Tshwane MM,Daspoort Wastewater Treatment Works,1/28/2025,Positive,Negative,
CST-WGS-25-0118,Gauteng,Tshwane MM,SAPS Training College,1/28/2025,Positive,Negative,
CST-WGS-25-0119,Gauteng,Tshwane MM,Kalafong Hospital,1/28/2025,Negative,Negative,
CST-WGS-25-0120,Gauteng,Tshwane MM,Atteridgeville Train Station,1/28/2025,Negative,Negative,
CST-WGS-25-0121,Gauteng,Tshwane MM,Vergenoeg,1/28/2025,Positive,Negative,
CST-WGS-25-0122,Gauteng,Tshwane MM,Laudium,1/28/2025,Positive,Negative,
CST-WGS-25-0123,Gauteng,Tshwane MM,Groenkloof,1/28/2025,Negative,Negative,
CST-WGS-25-0124,Gauteng,Johannesburg MM,Bushkoppies Inlet,1/29/2025,Positive,Positive,
CSt-WGS-25-0125,Gauteng,Johannesburg MM,Bushkoppies Final,1/29/2025,Positive,Positive,
CST-WGS-25-0126,Gauteng,Johannesburg MM,Klipsruit Yard (Before tunnel),1/29/2025,Negative,Negative,
CST-WGS-25-0127,Gauteng,Johannesburg MM,Klipspruit Veggies (After tunnel),1/29/2025,Negative,Negative,
CST-WGS-25-0128,Gauteng,Johannesburg MM,Motsoaledi,1/29/2025,Negative,Negative,
CST-WGS-25-0129,Gauteng,Ekurhuleni MM,Sasol Garage,1/30/2025,Positive,Negative,
CST-WGS-25-0130,Gauteng,Ekurhuleni MM,Moloreng,1/30/2025,Positive,Negative,
CST-WGS-25-0131,Gauteng,Ekurhuleni MM,Namane Drive,1/30/2025,Negative,Negative,
CST-WGS-25-0132,Gauteng,Ekurhuleni MM,Tembisa Hospital East and West,1/30/2025,Negative,Positive,
CST-WGS-25-0133,Gauteng,Ekurhuleni MM,Tembisa Hospital Downstream,1/30/2025,Positive,Positive,
CST-WGS-25-0134,Gauteng,Ekurhuleni MM,Tembisa Mall,1/30/2025,Negative,Negative,
CST-WGS-25-0135,Gauteng,Ekurhuleni MM,Midstream,1/30/2025,Positive,Positive,
CST-WGS-25-0136,Gauteng,Ekurhuleni MM,Olifantsfontein,1/30/2025,Positive,Positive,
CST-WGS-25-0137,Gauteng,Ekurhuleni MM,OR Tambo International Airport,1/30/2025,Negative,Negative,
CST-WGS-25-0138,Gauteng,Tshwane MM,Daspoort Wastewater Treatment Works,1/31/2025,Positive,Positive,
CST-WGS-25-0139,Gauteng,Tshwane MM,SAPS Training College,1/31/2025,Negative,Negative,
CST-WGS-25-0140,Gauteng,Tshwane MM,Kalafong Hospital,1/31/2025,Negative,Negative,
CST-WGS-25-0141,Gauteng,Tshwane MM,Atteridgeville Train Station,1/31/2025,Negative,Negative,
CST-WGS-25-0142,Gauteng,Tshwane MM,Vergenoeg,1/31/2025,Negative,Negative,
CST-WGS-25-0143,Gauteng,Tshwane MM,Laudium,1/31/2025,Positive,Negative,
CST-WGS-25-0144,Gauteng,Tshwane MM,Groenkloof,1/31/2025,Positive,Negative,
CST-WGS-25-0145,Gauteng,Ekurhuleni MM,Sasol Garage,2/3/2025,Positive,Negative,
CST-WGS-25-0146,Gauteng,Ekurhuleni MM,Moloreng,2/3/2025,Positive,Negative,
CST-WGS-25-0147,Gauteng,Ekurhuleni MM,Namane Drive,2/3/2025,Negative,Positive,
CST-WGS-25-0148,Gauteng,Ekurhuleni MM,Tembisa Hospital East and West,2/3/2025,Negative,Positive,
CST-WGS-25-0149,Gauteng,Ekurhuleni MM,Tembisa Hospital Downstream,2/3/2025,Positive,Negative,
CST-WGS-25-0150,Gauteng,Ekurhuleni MM,Tembisa Mall,2/3/2025,Negative,Negative,
CST-WGS-25-0151,Gauteng,Ekurhuleni MM,Midstream,2/3/2025,Negative,Positive,
CST-WGS-25-0152,Gauteng,Ekurhuleni MM,Olifantsfontein,2/3/2025,Positive,Negative,
CST-WGS-25-0153,Gauteng,Ekurhuleni MM,OR Tambo International Airport,2/3/2025,Negative,Negative,
CST-WGS-25-0154,Gauteng,Tshwane MM,Daspoort Wastewater Treatment Works,2/4/2025,Negative,Positive,
CST-WGS-25-0155,Gauteng,Tshwane MM,SAPS Training College,2/4/2025,Negative,Negative,
CST-WGS-25-0156,Gauteng,Tshwane MM,Kalafong Hospital,2/4/2025,Negative,Negative,
CST-WGS-25-0157,Gauteng,Tshwane MM,Atteridgeville Train Station,2/4/2025,Negative,Negative,
CST-WGS-25-0158,Gauteng,Tshwane MM,Vergenoeg,2/4/2025,Positive,Negative,
CST-WGS-25-0159,Gauteng,Tshwane MM,Laudium,2/4/2025,Negative,Negative,
CST-WGS-25-016,,,,,,,
CST-WGS-25-0160,Gauteng,Tshwane MM,Groenkloof,2/4/2025,Positive,Negative,
CST-WGS-25-0161,Gauteng,Johannesburg MM,Bushkoppies Inlet,2/5/2025,Positive,Negative,
CST-WGS-25-0162,Gauteng,Johannesburg MM,Bushkoppies Final,2/5/2025,Positive,Negative,
CST-WGS-25-0163,Gauteng,Johannesburg MM,Klipsruit Yard (Before tunnel),2/5/2025,Positive,Negative,
CST-WGS-25-0164,Gauteng,Johannesburg MM,Klipspruit Veggies (After tunnel),2/5/2025,Negative,Negative,
CST-WGS-25-0165,Gauteng,Johannesburg MM,Motsoaledi,2/5/2025,Positive,Negative,
CST-WGS-25-0166,Gauteng,Ekurhuleni MM,Sasol Garage,2/6/2025,Positive,Positive,
CST-WGS-25-0167,Gauteng,Ekurhuleni MM,Moloreng,2/6/2025,Positive,Negative,
CST-WGS-25-0168,Gauteng,Ekurhuleni MM,Namane Drive,2/6/2025,Negative,Positive,
CST-WGS-25-0169,Gauteng,Ekurhuleni MM,Tembisa Hospital East and West,2/6/2025,Negative,Positive,
CST-WGS-25-0170,Gauteng,Ekurhuleni MM,Tembisa Hospital Downstream,2/6/2025,Positive,Negative,
CST-WGS-25-0171,Gauteng,Ekurhuleni MM,Tembisa Mall,2/6/2025,Negative,Negative,
CST-WGS-25-0172,Gauteng,Ekurhuleni MM,Midstream,2/6/2025,Negative,Negative,
CST-WGS-25-0173,Gauteng,Ekurhuleni MM,Olifantsfontein,2/6/2025,Positive,Negative,
CST-WGS-25-0174,Gauteng,Ekurhuleni MM,OR Tambo International Airport,2/6/2025,Negative,Negative,
CST-WGS-25-0175,Gauteng,Tshwane MM,Daspoort Wastewater Treatment Works,2/7/2025,Positive,Negative,
CST-WGS-25-0176,Gauteng,Tshwane MM,SAPS Training College,2/7/2025,Positive,Negative,
CST-WGS-25-0177,Gauteng,Tshwane MM,Kalafong Hospital,2/7/2025,Negative,Negative,
CST-WGS-25-0178,Gauteng,Tshwane MM,Atteridgeville Train Station,2/7/2025,Negative,Negative,
CST-WGS-25-0179,Gauteng,Tshwane MM,Vergenoeg,2/7/2025,Positive,Negative,
CST-WGS-25-0180,Gauteng,Tshwane MM,Laudium,2/7/2025,Positive,Negative,
CST-WGS-25-0181,Gauteng,Tshwane MM,Groenkloof,2/7/2025,Positive,Positive,
CST-WGS-25-0182,Gauteng,Ekurhuleni MM,Sasol Garage,2/10/2025,Positive,Negative,
CST-WGS-25-0183,Gauteng,Ekurhuleni MM,Moloreng,2/10/2025,Positive,Negative,
CST-WGS-25-0184,Gauteng,Ekurhuleni MM,Namane Drive,2/10/2025,Positive,Negative,
CST-WGS-25-0185,Gauteng,Ekurhuleni MM,Tembisa Hospital East and West,2/10/2025,Positive,Negative,
CST-WGS-25-0186,Gauteng,Ekurhuleni MM,Tembisa Hospital Downstream,2/10/2025,Positive,Negative,
CST-WGS-25-0187,Gauteng,Ekurhuleni MM,Tembisa Mall,2/10/2025,,,
CST-WGS-25-0188,Gauteng,Ekurhuleni MM,Midstream,2/10/2025,,,
CST-WGS-25-0189,Gauteng,Ekurhuleni MM,Olifantsfontein,2/10/2025,,,
CST-WGS-25-0190,Gauteng,Ekurhuleni MM,OR Tambo International Airport,2/10/2025,,,
CST-WGS-25-0191,Gauteng,Tshwane MM,Daspoort Wastewater Treatment Works,2/11/2025,,,
CST-WGS-25-0192,Gauteng,Tshwane MM,SAPS Training College,2/11/2025,,,
CST-WGS-25-0193,Gauteng,Tshwane MM,Kalafong Hospital,2/11/2025,,,
CST-WGS-25-0194,Gauteng,Tshwane MM,Atteridgeville Train Station,2/11/2025,,,
CST-WGS-25-0195,Gauteng,Tshwane MM,Vergenoeg,2/11/2025,,,
CST-WGS-25-0196,Gauteng,Tshwane MM,Laudium,2/11/2025,,,
CST-WGS-25-0197,Gauteng,Tshwane MM,Groenkloof,2/11/2025,,,
CST-WGS-25-0198,Gauteng,Johannesburg MM,Bushkoppies Inlet,2/12/2025,,,
CST-WGS-25-0199,Gauteng,Johannesburg MM,Bushkoppies Final,2/12/2025,,,
CST-WGS-25-0200,Gauteng,Johannesburg MM,Motsoaledi,2/12/2025,,,
CST-WGS-25-0201,Gauteng,Johannesburg MM,Chris Hani Baragwanath Hospital,2/12/2025,,,
CST-WGS-25-0202,Gauteng,Ekurhuleni MM,Sasol Garage,2/13/2025,,,
CST-WGS-25-0203,Gauteng,Ekurhuleni MM,Moloreng,2/13/2025,,,
CST-WGS-25-0204,Gauteng,Ekurhuleni MM,Namane Drive,2/13/2025,,,
CST-WGS-25-0205,Gauteng,Ekurhuleni MM,Tembisa Hospital East and West,2/13/2025,,,
CST-WGS-25-0206,Gauteng,Ekurhuleni MM,Tembisa Hospital Downstream,2/13/2025,,,
CST-WGS-25-0207,Gauteng,Ekurhuleni MM,Tembisa Mall,2/13/2025,,,
CST-WGS-25-0208,Gauteng,Ekurhuleni MM,Midstream,,,,
CST-WGS-25-0209,Gauteng,Ekurhuleni MM,Olifantsfontein,,,,
CST-WGS-25-0210,Gauteng,Ekurhuleni MM,OR Tambo International Airport,2/13/2025,,,
CST-WGS-25-0211,Gauteng,Tshwane MM,Daspoort Wastewater Treatment Works,2/14/2025,,,
CST-WGS-25-0212,Gauteng,Tshwane MM,SAPS Training College,2/14/2025,,,
CST-WGS-25-0213,Gauteng,Tshwane MM,Kalafong Hospital,2/14/2025,,,
CST-WGS-25-0214,Gauteng,Tshwane MM,Atteridgeville Train Station,2/14/2025,,,
CST-WGS-25-0215,Gauteng,Tshwane MM,Vergenoeg,2/14/2025,,,
CST-WGS-25-0216,Gauteng,Tshwane MM,Laudium,2/14/2025,,,
CST-WGS-25-0217,Gauteng,Tshwane MM,Groenkloof,2/14/2025,,,
CST-WGS-25-0218,Gauteng,Ekurhuleni MM,Sasol Garage,2/17/2025,,,
CST-WGS-25-0219,Gauteng,Ekurhuleni MM,Moloreng,2/17/2025,,,
CST-WGS-25-0220,Gauteng,Ekurhuleni MM,Namane Drive,2/17/2025,,,
CST-WGS-25-0221,Gauteng,Ekurhuleni MM,Tembisa Hospital East and West,2/17/2025,,,
CST-WGS-25-0222,Gauteng,Ekurhuleni MM,Tembisa Hospital Downstream,2/17/2025,,,
CST-WGS-25-0223,Gauteng,Ekurhuleni MM,Tembisa Mall,2/17/2025,,,
CST-WGS-25-0224,Gauteng,Ekurhuleni MM,Midstream,2/17/2025,,,
CST-WGS-25-0225,Gauteng,Ekurhuleni MM,Olifantsfontein,2/17/2025,,,
CST-WGS-25-0226,Gauteng,Ekurhuleni MM,OR Tambo International Airport,2/17/2025,,,
CST-WGS-25-0227,Gauteng,Tshwane MM,Daspoort Wastewater Treatment Works,2/18/2025,,,
CST-WGS-25-0228,Gauteng,Tshwane MM,SAPS Training College,2/18/2025,,,
CST-WGS-25-0229,Gauteng,Tshwane MM,Kalafong Hospital,2/18/2025,,,
CST-WGS-25-0230,Gauteng,Tshwane MM,Atteridgeville Train Station,2/18/2025,,,
CST-WGS-25-0231,Gauteng,Tshwane MM,Vergenoeg,2/18/2025,,,
CST-WGS-25-0232,Gauteng,Tshwane MM,Laudium,2/18/2025,,,
CST-WGS-25-0233,Gauteng,Tshwane MM,Groenkloof,2/18/2025,,,
CST-WGS-25-0234,Gauteng,Johannesburg MM,Bushkoppies Inlet,2/19/2025,,,
CST-WGS-25-0235,Gauteng,Johannesburg MM,Bushkoppies Final,2/19/2025,,,
CST-WGS-25-0236,Gauteng,Johannesburg MM,Motsoaledi,2/19/2025,,,
CST-WGS-25-0237,Gauteng,Ekurhuleni MM,Sasol Garage,2/20/2025,,,
CST-WGS-25-0238,Gauteng,Ekurhuleni MM,Moloreng,2/20/2025,,,
CST-WGS-25-0239,Gauteng,Ekurhuleni MM,Namane Drive,2/20/2025,,,
CST-WGS-25-0240,Gauteng,Ekurhuleni MM,Tembisa Hospital East and West,2/20/2025,,,
CST-WGS-25-0241,Gauteng,Ekurhuleni MM,Tembisa Hospital Downstream,2/20/2025,,,
CST-WGS-25-0242,Gauteng,Ekurhuleni MM,Tembisa Mall,2/20/2025,,,
CST-WGS-25-0243,Gauteng,Ekurhuleni MM,Midstream,2/20/2025,,,
CST-WGS-25-0244,Gauteng,Ekurhuleni MM,Olifantsfontein,2/20/2025,,,
CST-WGS-25-0245,Gauteng,Ekurhuleni MM,OR Tambo International Airport,2/20/2025,,,
CST-WGS-25-0246,Gauteng,Tshwane MM,Daspoort Wastewater Treatment Works,2/21/2025,,,
CST-WGS-25-0247,Gauteng,Tshwane MM,SAPS Training College,2/21/2025,,,
CST-WGS-25-0248,Gauteng,Tshwane MM,Kalafong Hospital,2/21/2025,Positive,Negative,
CST-WGS-25-0249,Gauteng,Tshwane MM,Atteridgeville Train Station,2/21/2025,Negative,Negative,
CST-WGS-25-0250,Gauteng,Tshwane MM,Vergenoeg,2/21/2025,Negative,Negative,
CST-WGS-25-0251,Gauteng,Tshwane MM,Laudium,2/21/2025,Positive,Negative,
CST-WGS-25-0252,Gauteng,Tshwane MM,Groenkloof,2/21/2025,Negative,Negative,
CST-WGS-25-0253,Gauteng,Ekurhuleni MM,Sasol Garage,2/24/2025,Positive,Negative,
CST-WGS-25-0254,Gauteng,Ekurhuleni MM,Moloreng,2/24/2025,Negative,Negative,
CST-WGS-25-0255,Gauteng,Ekurhuleni MM,Namane Drive,2/24/2025,Positive,Negative,
CST-WGS-25-0256,Gauteng,Ekurhuleni MM,Tembisa Hospital East and West,2/24/2025,Negative,Negative,
CST-WGS-25-0257,Gauteng,Ekurhuleni MM,Tembisa Hospital Downstream,2/24/2025,Positive,Positive,
CST-WGS-25-0258,Gauteng,Ekurhuleni MM,Tembisa Mall,2/24/2025,Positive,Negative,
CST-WGS-25-0259,Gauteng,Ekurhuleni MM,Midstream,2/24/2025,Negative,Negative,
CST-WGS-25-0260,Gauteng,Ekurhuleni MM,Olifantsfontein,2/24/2025,Positive,Positive,
CST-WGS-25-0261,Gauteng,Ekurhuleni MM,OR Tambo International Airport,2/24/2025,Negative,Negative,
CST-WGS-25-0262,Gauteng,Tshwane MM,Daspoort Wastewater Treatment Works,2/25/2025,Positive,Negative,
CST-WGS-25-0263,Gauteng,Tshwane MM,SAPS Training College,2/25/2025,Positive,Negative,
CST-WGS-25-0264,Gauteng,Tshwane MM,Atteridgeville Train Station,2/25/2025,Positive,Negative,
CST-WGS-25-0265,Gauteng,Tshwane MM,Kalafong Hospital,2/25/2025,Positive,Negative,
CST-WGS-25-0266,Gauteng,Tshwane MM,Vergenoeg,2/25/2025,Positive,Negative,
CST-WGS-25-0267,Gauteng,Tshwane MM,Laudium,2/25/2025,Negative,Negative,
CST-WGS-25-0268,Gauteng,Tshwane MM,Groenkloof,2/25/2025,Negative,Negative,
CST-WGS-25-0269,Gauteng,Johannesburg MM,Motsoaledi,2/26/2025,Positive,Negative,
CST-WGS-25-0270,Gauteng,Johannesburg MM,Klipsruit Yard (Before tunnel),2/26/2025,Positive,Negative,
CST-WGS-25-0271,Gauteng,Johannesburg MM,Klipspruit Veggies (After tunnel),2/26/2025,Positive,Negative,
CST-WGS-25-0272,Gauteng,Johannesburg MM,Bushkoppies Inlet,2/26/2025,Positive,Negative,
CST-WGS-25-0273,Gauteng,Johannesburg MM,Bushkoppies Final,2/26/2025,Positive,Negative,
CST-WGS-25-0274,Gauteng,Ekurhuleni MM,Olifantsfontein,2/27/2025,Positive,Negative,
CST-WGS-25-0275,Gauteng,Ekurhuleni MM,Midstream,2/27/2025,Positive,Negative,
CST-WGS-25-0276,Gauteng,Ekurhuleni MM,Tembisa Mall,2/27/2025,Positive,Negative,
CST-WGS-25-0277,Gauteng,Ekurhuleni MM,Tembisa Hospital Downstream,2/27/2025,Positive,Negative,
CST-WGS-25-0278,Gauteng,Ekurhuleni MM,Tembisa Hospital East and West,2/27/2025,Negative,Negative,
CST-WGS-25-0279,Gauteng,Ekurhuleni MM,Moloreng,2/27/2025,Positive,Negative,
CST-WGS-25-0280,Gauteng,Ekurhuleni MM,Namane Drive,2/27/2025,Negative,Negative,
CST-WGS-25-0281,Gauteng,Ekurhuleni MM,OR Tambo International Airport,2/27/2025,Positive,Positive,
CST-WGS-25-0282,Gauteng,Ekurhuleni MM,Sasol Garage,2/27/2025,Positive,Negative,
CST-WGS-25-0283,Gauteng,Tshwane MM,Daspoort Wastewater Treatment Works,2/28/2025,Positive,Negative,
CST-WGS-25-0284,Gauteng,Tshwane MM,SAPS Training College,2/28/2025,Positive,Negative,
CST-WGS-25-0285,Gauteng,Tshwane MM,Atteridgeville Train Station,2/28/2025,Negative,Negative,
CST-WGS-25-0286,Gauteng,Tshwane MM,Kalafong Hospital,2/28/2025,Negative,Negative,
CST-WGS-25-0287,Gauteng,Tshwane MM,Vergenoeg,2/28/2025,Negative,Negative,
CST-WGS-25-0288,Gauteng,Tshwane MM,Laudium,2/28/2025,,,
CST-WGS-25-0289,Gauteng,Tshwane MM,Groenkloof,2/28/2025,,,
CST-WGS-25-0291,Gauteng,Ekurhuleni MM,Midstream,3/3/2025,Positive,Negative,
CST-WGS-25-0292,Gauteng,Ekurhuleni MM,Olifantsfontein,3/3/2025,Positive,Negative,
CST-WGS-25-0293,Gauteng,Tshwane MM,Daspoort Wastewater Treatment Works,3/4/2025,Negative,Negative,
CST-WGS-25-0294,Gauteng,Tshwane MM,SAPS Training College,3/4/2025,Negative,Negative,
CST-WGS-25-0295,Gauteng,Tshwane MM,Kalafong Hospital,3/4/2025,Negative,Negative,
CST-WGS-25-0296,Gauteng,Tshwane MM,Atteridgeville Train Station,3/4/2025,Positive,Negative,
CST-WGS-25-0297,Gauteng,Tshwane MM,Vergenoeg,3/4/2025,Positive,Negative,
CST-WGS-25-0298,Gauteng,Tshwane MM,Laudium,3/4/2025,Negative,Negative,
CST-WGS-25-0299,Gauteng,Tshwane MM,Groenkloof,3/4/2025,Positive,Negative,
CST-WGS-25-0300,Gauteng,Johannesburg MM,Bushkoppies Inlet,3/5/2025,Positive,Negative,
CST-WGS-25-0301,Gauteng,Johannesburg MM,Bushkoppies Final,3/5/2025,Positive,Negative,
CST-WGS-25-0302,Gauteng,Johannesburg MM,Klipsruit Yard (Before tunnel),3/5/2025,Negative,Negative,
CST-WGS-25-0303,Gauteng,Johannesburg MM,Klipsruit Yard (Before tunnel),3/5/2025,Positive,Negative,
CST-WGS-25-0304,Gauteng,Johannesburg MM,Motsoaledi,3/5/2025,Positive,Negative,
CST-WGS-25-0305,Gauteng,Ekurhuleni MM,Sasol Garage,3/6/2025,Negative,Negative,
CST-WGS-25-0306,Gauteng,Ekurhuleni MM,Moloreng,3/6/2025,Positive,Negative,
CST-WGS-25-0307,Gauteng,Ekurhuleni MM,Namane Drive,3/6/2025,Negative,Negative,
CST-WGS-25-0308,Gauteng,Ekurhuleni MM,Tembisa Hospital East and West,3/6/2025,Positive,Negative,
CST-WGS-25-0309,Gauteng,Ekurhuleni MM,Tembisa Hospital Downstream,3/6/2025,Positive,Negative,
CST-WGS-25-0310,Gauteng,Ekurhuleni MM,Tembisa Mall,3/6/2025,Positive,Negative,
CST-WGS-25-0311,Gauteng,Ekurhuleni MM,Midstream,3/6/2025,Positive,Negative,
CST-WGS-25-0312,Gauteng,Ekurhuleni MM,Olifantsfontein,3/6/2025,Positive,Negative,
CST-WGS-25-0313,Gauteng,Ekurhuleni MM,OR Tambo International Airport,3/6/2025,Positive,Negative,
CST-WGS-25-0314,Gauteng,Tshwane MM,Daspoort Wastewater Treatment Works,3/7/2025,Positive,Negative,
CST-WGS-25-0315,Gauteng,Tshwane MM,SAPS Training College,3/7/2025,Negative,Negative,
CST-WGS-25-0316,Gauteng,Tshwane MM,Kalafong Hospital,3/7/2025,Negative,Positive,
CST-WGS-25-0317,Gauteng,Tshwane MM,Atteridgeville Train Station,3/7/2025,Negative,Negative,
CST-WGS-25-0318,Gauteng,Tshwane MM,Vergenoeg,3/11/2025,Negative,Negative,
CST-WGS-25-0319,Gauteng,Tshwane MM,Laudium,3/11/2025,Positive,Negative,
CST-WGS-25-0320,Gauteng,Tshwane MM,Groenkloof,3/11/2025,Negative,Negative,
CST-WGS-25-0321,Gauteng,Ekurhuleni MM,Sasol Garage,3/10/2025,Positive,Negative,
CST-WGS-25-0322,Gauteng,Ekurhuleni MM,Moloreng,3/10/2025,Negative,Negative,
CST-WGS-25-0323,Gauteng,Ekurhuleni MM,Namane Drive,3/10/2025,Positive,Negative,
CST-WGS-25-0324,Gauteng,Ekurhuleni MM,Tembisa Hospital East and West,3/10/2025,Negative,Negative,
CST-WGS-25-0325,Gauteng,Ekurhuleni MM,Tembisa Hospital Downstream,3/10/2025,Positive,Negative,
CST-WGS-25-0326,Gauteng,Ekurhuleni MM,Tembisa Mall,3/10/2025,Positive,Negative,
CST-WGS-25-0327,Gauteng,Ekurhuleni MM,Midstream,3/10/2025,Negative,Negative,
CST-WGS-25-0328,Gauteng,Ekurhuleni MM,Olifantsfontein,3/10/2025,Positive,Negative,
CST-WGS-25-0329,Gauteng,Ekurhuleni MM,OR Tambo International Airport,3/10/2025,Positive,Positive,
CST-WGS-25-0330,Gauteng,Tshwane MM,Daspoort Wastewater Treatment Works,3/11/2025,Negative,Negative,
CST-WGS-25-0331,Gauteng,Tshwane MM,SAPS Training College,3/11/2025,Negative,Positive,
CST-WGS-25-0332,Gauteng,Tshwane MM,Kalafong Hospital,3/11/2025,Negative,Negative,
CST-WGS-25-0333,Gauteng,Tshwane MM,Atteridgeville Train Station,3/11/2025,Negative,Negative,
CST-WGS-25-0334,Gauteng,Tshwane MM,Laudium,3/11/2025,Positive,Negative,
CST-WGS-25-0335,Gauteng,Tshwane MM,Groenkloof,3/11/2025,Negative,Negative,
CST-WGS-25-0336,Gauteng,Johannesburg MM,Bushkoppies Inlet,3/12/2025,Negative,Negative,
CST-WGS-25-0337,Gauteng,Johannesburg MM,Bushkoppies Final,3/12/2025,Negative,Negative,
CST-WGS-25-0338,Gauteng,Johannesburg MM,Klipsruit Yard (Before tunnel),3/12/2025,Positive,Negative,
CST-WGS-25-0339,Gauteng,Johannesburg MM,Klipspruit Veggies (After tunnel),3/12/2025,Negative,Negative,
CST-WGS-25-0340,Gauteng,Johannesburg MM,Motsoaledi,3/12/2025,Negative,Negative,
CST-WGS-25-0341,Gauteng,Ekurhuleni MM,Sasol Garage,3/13/2025,Positive,Negative,
CST-WGS-25-0342,Gauteng,Ekurhuleni MM,Moloreng,3/13/2025,Positive,Negative,
CST-WGS-25-0343,Gauteng,Ekurhuleni MM,Namane Drive,3/13/2025,Negative,Negative,
CST-WGS-25-0344,Gauteng,Ekurhuleni MM,Tembisa Hospital East and West,3/13/2025,Negative,Negative,
CST-WGS-25-0345,Gauteng,Ekurhuleni MM,Tembisa Hospital Downstream,3/13/2025,Positive,Negative,
CST-WGS-25-0346,Gauteng,Ekurhuleni MM,Tembisa Mall,3/13/2025,Negative,Negative,
CST-WGS-25-0347,Gauteng,Ekurhuleni MM,Midstream,3/13/2025,Positive,Negative,
CST-WGS-25-0348,Gauteng,Ekurhuleni MM,Olifantsfontein,3/13/2025,Positive,Negative,
CST-WGS-25-0349,Gauteng,Ekurhuleni MM,OR Tambo International Airport,3/13/2025,Negative,Negative,
CST-WGS-25-0350,Gauteng,Tshwane MM,Daspoort Wastewater Treatment Works,3/14/2025,Positive,Negative,
CST-WGS-25-0351,Gauteng,Tshwane MM,SAPS Training College,3/14/2025,Negative,Negative,
CST-WGS-25-0352,Gauteng,Tshwane MM,Kalafong Hospital,3/14/2025,Negative,Negative,
CST-WGS-25-0353,Gauteng,Tshwane MM,Atteridgeville Train Station,3/14/2025,Negative,Negative,
CST-WGS-25-0354,Gauteng,Tshwane MM,Vergenoeg,3/14/2025,Positive,Negative,
CST-WGS-25-0355,Gauteng,Tshwane MM,Laudium,3/14/2025,Negative,Negative,
CST-WGS-25-0356,Gauteng,Tshwane MM,Groenkloof,3/14/2025,Positive,Negative,
CST-WGS-25-0357,Gauteng,Ekurhuleni MM,Sasol Garage,3/17/2025,Positive,Negative,
CST-WGS-25-0358,Gauteng,Ekurhuleni MM,Moloreng,3/17/2025,Positive,Positive,
CST-WGS-25-0359,Gauteng,Ekurhuleni MM,Namane Drive,3/17/2025,Negative,Negative,
CST-WGS-25-0360,Gauteng,Ekurhuleni MM,Tembisa Hospital East and West,3/17/2025,Negative,Negative,
CST-WGS-25-0361,Gauteng,Ekurhuleni MM,Tembisa Hospital Downstream,3/17/2025,Positive,Negative,
CST-WGS-25-0362,Gauteng,Ekurhuleni MM,Tembisa Mall,3/17/2025,Positive,Negative,
CST-WGS-25-0363,Gauteng,Ekurhuleni MM,Midstream,3/17/2025,Positive,Negative,
CST-WGS-25-0364,Gauteng,Ekurhuleni MM,Olifantsfontein,3/17/2025,Positive,Negative,
CST-WGS-25-0365,Gauteng,Ekurhuleni MM,OR Tambo International Airport,3/17/2025,Negative,Negative,
CST-WGS-25-0366,Gauteng,Tshwane MM,Daspoort Wastewater Treatment Works,3/17/2025,Negative,Negative,
CST-WGS-25-0367,Gauteng,Tshwane MM,Kalafong Hospital,3/18/2025,Negative,Negative,
CST-WGS-25-0368,Gauteng,Tshwane MM,Atteridgeville Train Station,3/18/2025,Negative,Negative,
CST-WGS-25-0369,Gauteng,Tshwane MM,Atteridgeville Train Station,3/18/2025,Negative,Negative,
CST-WGS-25-0370,Gauteng,Tshwane MM,Laudium,3/18/2025,Positive,Negative,
CST-WGS-25-0371,Gauteng,Tshwane MM,Groenkloof,3/18/2025,Negative,Negative,
CST-WGS-25-0372,Gauteng,Johannesburg MM,Bushkoppies Inlet,3/19/2025,Negative,Negative,
CST-WGS-25-0373,Gauteng,Johannesburg MM,Bushkoppies Final,3/19/2025,Positive,Negative,
CST-WGS-25-0374,Gauteng,Johannesburg MM,Klipsruit Yard (Before tunnel),3/19/2025,Positive,Negative,
CST-WGS-25-0375,Gauteng,Johannesburg MM,Klipspruit Veggies (After tunnel),3/19/2025,Positive,Negative,
CST-WGS-25-0376,Gauteng,Johannesburg MM,Klipspruit Veggies (After tunnel),3/19/2025,Negative,Negative,
CST-WGS-25-0377,Gauteng,Ekurhuleni MM,Sasol Garage,3/20/2025,Positive,Negative,
CST-WGS-25-0378,Gauteng,Ekurhuleni MM,Moloreng,3/20/2025,Positive,Negative,
CST-WGS-25-0379,Gauteng,Ekurhuleni MM,Namane Drive,3/20/2025,Negative,Negative,
CST-WGS-25-0380,Gauteng,Ekurhuleni MM,Tembisa Hospital East and West,3/20/2025,Negative,Negative,
CST-WGS-25-0381,Gauteng,Ekurhuleni MM,Tembisa Hospital Downstream,3/20/2025,Positive,Positive,
CST-WGS-25-0382,Gauteng,Ekurhuleni MM,Tembisa Mall,3/20/2025,Negative,Negative,
CST-WGS-25-0383,Gauteng,Ekurhuleni MM,Midstream,3/20/2025,Negative,Negative,
CST-WGS-25-0384,Gauteng,Ekurhuleni MM,Olifantsfontein,3/20/2025,Negative,Positive,
CST-WGS-25-0385,Gauteng,Ekurhuleni MM,OR Tambo International Airport,3/20/2025,Positive,Negative,
CST-WGS-25-0386,Gauteng,Ekurhuleni MM,Sasol Garage,3/24/2025,Positive,Negative,
CST-WGS-25-0387,Gauteng,Ekurhuleni MM,Moloreng,3/24/2025,Positive,Negative,
CST-WGS-25-0388,Gauteng,Ekurhuleni MM,Namane Drive,3/24/2025,Negative,Negative,
CST-WGS-25-0389,Gauteng,Ekurhuleni MM,Tembisa Hospital East and West,3/24/2025,Negative,Negative,
CST-WGS-25-0390,Gauteng,Ekurhuleni MM,Tembisa Hospital Downstream,3/24/2025,Negative,Positive,
CST-WGS-25-0391,Gauteng,Ekurhuleni MM,Tembisa Mall,3/24/2025,Negative,Negative,
CST-WGS-25-0392,Gauteng,Ekurhuleni MM,Midstream,3/24/2025,Negative,Negative,
CST-WGS-25-0393,Gauteng,Ekurhuleni MM,Olifantsfontein,3/24/2025,Positive,Positive,
CST-WGS-25-0394,Gauteng,Ekurhuleni MM,OR Tambo International Airport,3/24/2025,Negative,Negative,
CST-WGS-25-0395,Gauteng,Tshwane MM,Daspoort Wastewater Treatment Works,3/25/2025,Negative,Negative,
CST-WGS-25-0396,Gauteng,Tshwane MM,SAPS Training College,3/25/2025,Negative,Negative,
CST-WGS-25-0397,Gauteng,Tshwane MM,Kalafong Hospital,3/25/2025,Negative,Negative,
CST-WGS-25-0398,Gauteng,Tshwane MM,Atteridgeville Train Station,3/25/2025,Negative,Negative,
CST-WGS-25-0399,Gauteng,Tshwane MM,Vergenoeg,3/25/2025,Positive,Negative,
CST-WGS-25-0400,Gauteng,Tshwane MM,Laudium,3/25/2025,Negative,Negative,
CST-WGS-25-0401,Gauteng,Tshwane MM,Groenkloof,3/25/2025,Negative,Negative,
CST-WGS-25-0402,Gauteng,Johannesburg MM,Bushkoppies Inlet,3/26/2025,Positive,Positive,
CST-WGS-25-0403,Gauteng,Johannesburg MM,Bushkoppies Final,3/26/2025,Negative,Negative,
CST-WGS-25-0404,Gauteng,Johannesburg MM,Klipsruit Yard (Before tunnel),3/26/2025,Negative,Negative,
CST-WGS-25-0405,Gauteng,Johannesburg MM,Klipspruit Veggies (After tunnel),3/26/2025,Negative,Negative,
CST-WGS-25-0406,Gauteng,Johannesburg MM,Motsoaledi,3/26/2025,Negative,Negative,
CST-WGS-25-0407,Gauteng,Johannesburg MM,Chris Hani Baragwanath Hospital,3/26/2025,Negative,Negative,
CST-WGS-25-0408,Gauteng,Ekurhuleni MM,Sasol Garage,3/27/2025,Negative,Negative,
CST-WGS-25-0409,Gauteng,Ekurhuleni MM,Moloreng,3/27/2025,Positive,Negative,
CST-WGS-25-0410,Gauteng,Ekurhuleni MM,Namane Drive,3/27/2025,Negative,Negative,
CST-WGS-25-0411,Gauteng,Ekurhuleni MM,Tembisa Hospital East and West,3/27/2025,Negative,Negative,
CST-WGS-25-0412,Gauteng,Ekurhuleni MM,Tembisa Hospital Downstream,3/27/2025,Positive,Negative,
CST-WGS-25-0413,Gauteng,Ekurhuleni MM,Tembisa Mall,3/27/2025,Positive,Negative,
CST-WGS-25-0414,Gauteng,Ekurhuleni MM,Midstream,3/27/2025,Negative,Negative,
CST-WGS-25-0415,Gauteng,Ekurhuleni MM,Olifantsfontein,3/27/2025,Positive,Negative,
CST-WGS-25-0416,Gauteng,Ekurhuleni MM,OR Tambo International Airport,3/27/2025,Negative,Negative,
CST-WGS-25-0417,Gauteng,Tshwane MM,Daspoort Wastewater Treatment Works,3/28/2025,Negative,Negative,
CST-WGS-25-0418,Gauteng,Tshwane MM,SAPS Training College,3/28/2025,Negative,Negative,
CST-WGS-25-0419,Gauteng,Tshwane MM,Kalafong Hospital,3/28/2025,Negative,Negative,
CST-WGS-25-0420,Gauteng,Tshwane MM,Atteridgeville Train Station,3/28/2025,Negative,Negative,
CST-WGS-25-0421,Gauteng,Tshwane MM,Vergenoeg,3/28/2025,Positive,Negative,
CST-WGS-25-0422,Gauteng,Tshwane MM,Laudium,3/28/2025,Negative,Negative,
CST-WGS-25-0423,Gauteng,Tshwane MM,Groenkloof,3/28/2025,Negative,Negative,
CST-WGS-25-0424,Gauteng,Ekurhuleni MM,Sasol Garage,3/31/2025,Positive,Negative,
CST-WGS-25-0425,Gauteng,Ekurhuleni MM,Moloreng,3/31/2025,Negative,Positive,
CST-WGS-25-0426,Gauteng,Ekurhuleni MM,Namane Drive,3/31/2025,Negative,Negative,
CST-WGS-25-0427,Gauteng,Ekurhuleni MM,Tembisa Hospital East and West,3/31/2025,Negative,Negative,
CST-WGS-25-0428,Gauteng,Ekurhuleni MM,Tembisa Hospital Downstream,3/31/2025,Positive,Positive,
CST-WGS-25-0429,Gauteng,Ekurhuleni MM,Tembisa Mall,3/31/2025,Positive,Negative,
CST-WGS-25-0430,Gauteng,Ekurhuleni MM,Midstream,3/31/2025,Negative,Negative,
CST-WGS-25-0431,Gauteng,Ekurhuleni MM,Olifantsfontein,3/31/2025,Positive,Positive,
CST-WGS-25-0432,Gauteng,Ekurhuleni MM,OR Tambo International Airport,3/31/2025,Negative,Negative,
CST-WGS-25-0433,Gauteng,Tshwane MM,Daspoort Wastewater Treatment Works,4/1/2025,Negative,Negative,
CST-WGS-25-0434,Gauteng,Tshwane MM,SAPS Training College,4/1/2025,Negative,Negative,
CST-WGS-25-0435,Gauteng,Tshwane MM,Kalafong Hospital,4/1/2025,Negative,Negative,
CST-WGS-25-0436,Gauteng,Tshwane MM,Atteridgeville Train Station,4/1/2025,Negative,Negative,
CST-WGS-25-0437,Gauteng,Tshwane MM,Vergenoeg,4/1/2025,Positive,Negative,
CST-WGS-25-0438,Gauteng,Tshwane MM,Laudium,4/1/2025,Negative,Negative,
CST-WGS-25-0439,Gauteng,Tshwane MM,Groenkloof,4/1/2025,Positive,Negative,
CST-WGS-25-0440,Gauteng,Johannesburg MM,Bushkoppies Inlet,4/2/2025,Positive,Negative,
CST-WGS-25-0441,Gauteng,Johannesburg MM,Bushkoppies Final,4/2/2025,Positive,Positive,
CST-WGS-25-0442,Gauteng,Johannesburg MM,Klipsruit Yard (Before tunnel),4/2/2025,Negative,Negative,
CST-WGS-25-0443,Gauteng,Johannesburg MM,Klipspruit Veggies (After tunnel),4/2/2025,Positive,Negative,
CST-WGS-25-0444,Gauteng,Johannesburg MM,Motsoaledi,4/2/2025,Negative,Negative,
CST-WGS-25-0445,Gauteng,Johannesburg MM,Chris Hani Baragwanath Hospital,4/2/2025,Negative,Negative,
CST-WGS-25-0446,Gauteng,Ekurhuleni MM,Sasol Garage,4/3/2025,Positive,Negative,
CST-WGS-25-0447,Gauteng,Ekurhuleni MM,Moloreng,4/3/2025,Positive,Negative,
CST-WGS-25-0448,Gauteng,Ekurhuleni MM,Namane Drive,4/3/2025,Positive,Negative,
CST-WGS-25-0449,Gauteng,Ekurhuleni MM,Tembisa Hospital East and West,4/3/2025,Positive,Negative,
CST-WGS-25-0450,Gauteng,Ekurhuleni MM,Tembisa Hospital Downstream,4/3/2025,Positive,Negative,
CST-WGS-25-0451,Gauteng,Ekurhuleni MM,Tembisa Mall,4/3/2025,Positive,Negative,
CST-WGS-25-0452,Gauteng,Ekurhuleni MM,Olifantsfontein,4/3/2025,Negative,Negative,
CST-WGS-25-0453,Gauteng,Ekurhuleni MM,Olifantsfontein,4/3/2025,Positive,Positive,
CST-WGS-25-0454,Gauteng,Ekurhuleni MM,OR Tambo International Airport,4/3/2025,Negative,Negative,
CST-WGS-25-0455,Gauteng,Tshwane MM,Daspoort Wastewater Treatment Works,4/4/2025,Negative,Negative,
CST-WGS-25-0456,Gauteng,Tshwane MM,SAPS Training College,4/4/2025,Negative,Negative,
CST-WGS-25-0457,Gauteng,Tshwane MM,Kalafong Hospital,4/4/2025,Negative,Negative,
CST-WGS-25-0458,Gauteng,Tshwane MM,Atteridgeville Train Station,4/4/2025,Negative,Negative,
CST-WGS-25-0459,Gauteng,Tshwane MM,Vergenoeg,4/4/2025,Negative,Negative,
CST-WGS-25-0460,Gauteng,Tshwane MM,Laudium,4/4/2025,Negative,Negative,
CST-WGS-25-0461,Gauteng,Tshwane MM,Groenkloof,4/4/2025,Negative,Negative,
CST-WGS-25-0462,Gauteng,Ekurhuleni MM,Sasol Garage,4/7/2025,Negative,Negative,
CST-WGS-25-0463,Gauteng,Ekurhuleni MM,Moloreng,4/7/2025,Positive,Negative,
CST-WGS-25-0464,Gauteng,Ekurhuleni MM,Namane Drive,4/7/2025,Negative,Negative,
CST-WGS-25-0465,Gauteng,Ekurhuleni MM,Tembisa Hospital East and West,4/7/2025,Negative,Negative,
CST-WGS-25-0466,Gauteng,Ekurhuleni MM,Tembisa Hospital Downstream,4/7/2025,Positive,Negative,
CST-WGS-25-0467,Gauteng,Ekurhuleni MM,Tembisa Mall,4/7/2025,Failed,Failed,
CST-WGS-25-0468,Gauteng,Ekurhuleni MM,Midstream,4/7/2025,Negative,Negative,
CST-WGS-25-0469,Gauteng,Ekurhuleni MM,Olifantsfontein,4/7/2025,Positive,Negative,
CST-WGS-25-0470,Gauteng,Ekurhuleni MM,OR Tambo International Airport,4/7/2025,Negative,Positive,
CST-WGS-25-0471,Gauteng,Tshwane MM,Daspoort Wastewater Treatment Works,4/10/2025,Negative,Negative,
CST-WGS-25-0472,Gauteng,Tshwane MM,SAPS Training College,4/10/2025,Positive,Negative,
CST-WGS-25-0473,Gauteng,Tshwane MM,Kalafong Hospital,4/8/2025,Negative,Negative,
CST-WGS-25-0474,Gauteng,Tshwane MM,Atteridgeville Train Station,4/8/2025,Negative,Positive,
CST-WGS-25-0475,Gauteng,Tshwane MM,Laudium,4/8/2025,Negative,Negative,
CST-WGS-25-0476,Gauteng,Tshwane MM,Groenkloof,4/8/2025,Negative,Negative,
CST-WGS-25-0477,Gauteng,Johannesburg MM,Bushkoppies Inlet,4/9/2025,Positive,Negative,
CST-WGS-25-0478,Gauteng,Johannesburg MM,Bushkoppies Final,4/9/2025,Negative,Negative,
CST-WGS-25-0479,Gauteng,Johannesburg MM,Chris Hani Baragwanath Hospital,4/9/2025,Negative,Negative,
CST-WGS-25-0480,Gauteng,Johannesburg MM,Motsoaledi,4/9/2025,Negative,Negative,
CST-WGS-25-0481,Gauteng,Ekurhuleni MM,Sasol Garage,4/10/2025,Positive,Negative,
CST-WGS-25-0482,Gauteng,Ekurhuleni MM,Moloreng,4/10/2025,Positive,Negative,
CST-WGS-25-0483,Gauteng,Ekurhuleni MM,Namane Drive,4/10/2025,Positive,Negative,
CST-WGS-25-0484,Gauteng,Ekurhuleni MM,Tembisa Hospital East and West,4/10/2025,Negative,Negative,
CST-WGS-25-0485,Gauteng,Ekurhuleni MM,Tembisa Hospital Downstream,4/10/2025,Positive,Negative,
CST-WGS-25-0486,Gauteng,Ekurhuleni MM,Tembisa Mall,4/10/2025,Positive,Negative,
CST-WGS-25-0487,Gauteng,Ekurhuleni MM,Midstream,4/10/2025,Positive,Negative,
CST-WGS-25-0488,Gauteng,Ekurhuleni MM,Olifantsfontein,4/8/2025,Positive,Positive,
CST-WGS-25-0489,Gauteng,Tshwane MM,Daspoort Wastewater Treatment Works,4/11/2025,Positive,Negative,
CST-WGS-25-0490,Gauteng,Tshwane MM,SAPS Training College,4/11/2025,Negative,Negative,
CST-WGS-25-0491,Gauteng,Tshwane MM,Kalafong Hospital,4/11/2025,Negative,Negative,
CST-WGS-25-0492,Gauteng,Tshwane MM,Atteridgeville Train Station,4/11/2025,Negative,Negative,
CST-WGS-25-0493,Gauteng,Tshwane MM,Vergenoeg,4/11/2025,Negative,Negative,
CST-WGS-25-0494,Gauteng,Tshwane MM,Laudium,4/11/2025,Negative,Negative,
CST-WGS-25-0495,Gauteng,Tshwane MM,Groenkloof,4/11/2025,Negative,Positive,
CST-WGS-25-0496,Gauteng,Ekurhuleni MM,Sasol Garage,4/14/2025,Positive,Negative,
CST-WGS-25-0497,Gauteng,Ekurhuleni MM,Moloreng,4/14/2025,Negative,Negative,
CST-WGS-25-0498,Gauteng,Ekurhuleni MM,Namane Drive,4/14/2025,Negative,Negative,
CST-WGS-25-0499,Gauteng,Ekurhuleni MM,Tembisa Hospital East and West,4/14/2025,Negative,Negative,
CST-WGS-25-0500,Gauteng,Ekurhuleni MM,Tembisa Hospital Downstream,4/14/2025,Positive,Positive,
CST-WGS-25-0501,Gauteng,Ekurhuleni MM,Tembisa Mall,4/14/2025,Negative,Negative,
CST-WGS-25-0502,Gauteng,Ekurhuleni MM,Midstream,4/14/2025,Positive,Negative,
CST-WGS-25-0503,Gauteng,Ekurhuleni MM,Olifantsfontein,4/14/2025,Positive,Positive,
CST-WGS-25-0504,Gauteng,Tshwane MM,Daspoort Wastewater Treatment Works,4/15/2025,Negative,Negative,
CST-WGS-25-0505,Gauteng,Tshwane MM,SAPS Training College,4/15/2025,Negative,Negative,
CST-WGS-25-0506,Gauteng,Tshwane MM,Kalafong Hospital,4/15/2025,Negative,Negative,
CST-WGS-25-0507,Gauteng,Tshwane MM,Atteridgeville Train Station,4/15/2025,Negative,Negative,
CST-WGS-25-0508,Gauteng,Tshwane MM,Vergenoeg,4/15/2025,Negative,Negative,
CST-WGS-25-0509,Gauteng,Tshwane MM,Laudium,4/15/2025,Negative,Negative,
CST-WGS-25-0510,Gauteng,Tshwane MM,Groenkloof,4/15/2025,Negative,Negative,
CST-WGS-25-0511,Gauteng,Ekurhuleni MM,Sasol Garage,4/17/2025,Positive,Negative,
CST-WGS-25-0512,Gauteng,Johannesburg MM,Bushkoppies Inlet,4/16/2025,Positive,Negative,
CST-WGS-25-0513,Gauteng,Johannesburg MM,Bushkoppies Final,4/16/2025,Positive,Negative,
CST-WGS-25-0514,Gauteng,Johannesburg MM,Chris Hani Baragwanath Hospital,4/16/2025,Negative,Negative,
CST-WGS-25-0515,Gauteng,Ekurhuleni MM,Moloreng,4/16/2025,Negative,Negative,
CST-WGS-25-0516,Gauteng,Ekurhuleni MM,Moloreng,4/17/2025,Positive,Negative,
CST-WGS-25-0517,Gauteng,Ekurhuleni MM,Namane Drive,4/17/2025,Positive,Negative,
CST-WGS-25-0518,Gauteng,Ekurhuleni MM,Tembisa Hospital East and West,4/17/2025,Positive,Negative,
CST-WGS-25-0519,Gauteng,Ekurhuleni MM,Tembisa Hospital Downstream,4/17/2025,Positive,Negative,
CST-WGS-25-0520,Gauteng,Ekurhuleni MM,Tembisa Mall,4/17/2025,Negative,Negative,
CST-WGS-25-0521,Gauteng,Ekurhuleni MM,Midstream,4/17/2025,Positive,Negative,
CST-WGS-25-0522,Gauteng,Ekurhuleni MM,Olifantsfontein,4/17/2025,Positive,Negative,
CST-WGS-25-0523,Gauteng,Tshwane MM,Daspoort Wastewater Treatment Works,4/22/2025,Negative,Negative,
CST-WGS-25-0524,Gauteng,Tshwane MM,SAPS Training College,4/22/2025,Negative,Negative,
CST-WGS-25-0525,Gauteng,Tshwane MM,Kalafong Hospital,4/22/2025,Negative,Negative,
CST-WGS-25-0526,Gauteng,Tshwane MM,Atteridgeville Train Station,4/22/2025,Negative,Negative,
CST-WGS-25-0527,Gauteng,Tshwane MM,Vergenoeg,4/22/2025,Negative,Negative,
CST-WGS-25-0528,Gauteng,Tshwane MM,Laudium,4/22/2025,Negative,Negative,
CST-WGS-25-0529,Gauteng,Tshwane MM,Groenkloof,4/22/2025,Negative,Negative,
CST-WGS-25-0530,Gauteng,Johannesburg MM,Chris Hani Baragwanath Hospital,4/23/2025,Positive,Negative,
CST-WGS-25-0531,Gauteng,Johannesburg MM,Motsoaledi,4/23/2025,Negative,Negative,
CST-WGS-25-0532,Gauteng,Johannesburg MM,Bushkoppies Inlet,4/23/2025,Positive,Negative,
CST-WGS-25-0533,Gauteng,Johannesburg MM,Bushkoppies Final,4/23/2025,Positive,Negative,
CST-WGS-25-0534,Gauteng,Tshwane MM,Daspoort Wastewater Treatment Works,4/24/2025,Negative,Negative,
CST-WGS-25-0535,Gauteng,Tshwane MM,SAPS Training College,4/24/2025,Negative,Negative,
CST-WGS-25-0536,Gauteng,Tshwane MM,Kalafong Hospital,4/24/2025,Negative,Negative,
CST-WGS-25-0537,Gauteng,Tshwane MM,Atteridgeville Train Station,4/24/2025,Negative,Negative,
CST-WGS-25-0538,Gauteng,Tshwane MM,Vergenoeg,4/24/2025,Negative,Negative,
CST-WGS-25-0539,Gauteng,Tshwane MM,Laudium,4/24/2025,Negative,Negative,
CST-WGS-25-0540,Gauteng,Tshwane MM,Groenkloof,4/24/2025,Negative,Negative,
CST-WGS-25-0541,Gauteng,Ekurhuleni MM,Sasol Garage,4/25/2025,Positive,Negative,
CST-WGS-25-0542,Gauteng,Ekurhuleni MM,Moloreng,4/25/2025,Positive,Positive,
CST-WGS-25-0543,Gauteng,Ekurhuleni MM,Namane Drive,4/25/2025,Negative,Negative,
CST-WGS-25-0544,Gauteng,Ekurhuleni MM,Tembisa Hospital East and West,4/25/2025,Negative,Negative,
CST-WGS-25-0545,Gauteng,Ekurhuleni MM,Tembisa Hospital Downstream,4/25/2025,Positive,Positive,
CST-WGS-25-0546,Gauteng,Ekurhuleni MM,Tembisa Mall,4/25/2025,Positive,Negative,
CST-WGS-25-0547,Gauteng,Tshwane MM,Daspoort Wastewater Treatment Works,4/29/2025,Negative,Negative,
CST-WGS-25-0548,Gauteng,Tshwane MM,SAPS Training College,4/29/2025,Negative,Negative,
CST-WGS-25-0549,Gauteng,Tshwane MM,Kalafong Hospital,4/29/2025,Negative,Positive,
CST-WGS-25-0550,Gauteng,Tshwane MM,Atteridgeville Train Station,4/29/2025,Negative,Negative,
CST-WGS-25-0551,Gauteng,Tshwane MM,Vergenoeg,4/29/2025,Negative,Negative,
CST-WGS-25-0552,Gauteng,Tshwane MM,Laudium,4/29/2025,Positive,Negative,
CST-WGS-25-0553,Gauteng,Tshwane MM,Groenkloof,4/29/2025,Negative,Negative,
CST-WGS-25-0554,Gauteng,Johannesburg MM,Bushkoppies Inlet,4/30/2025,Negative,Negative,
CST-WGS-25-0555,Gauteng,Johannesburg MM,Bushkoppies Final,4/30/2025,Negative,Negative,
CST-WGS-25-0556,Gauteng,Johannesburg MM,Klipsruit Yard (Before tunnel),4/30/2025,Negative,Negative,
CST-WGS-25-0557,Gauteng,Johannesburg MM,Klipspruit Veggies (After tunnel),4/30/2025,Negative,Negative,
CST-WGS-25-0558,Gauteng,Johannesburg MM,Chris Hani Baragwanath Hospital,4/30/2025,Negative,Negative,
CST-WGS-25-0559,Gauteng,Johannesburg MM,Motsoaledi,4/30/2025,Negative,Negative,
CST-WGS-25-0560,Gauteng,Tshwane MM,Daspoort Wastewater Treatment Works,5/2/2025,Negative,Negative,
CST-WGS-25-0561,Gauteng,Tshwane MM,Kalafong Hospital,5/2/2025,Negative,Negative,
CST-WGS-25-0562,Gauteng,Tshwane MM,Groenkloof,5/2/2025,Negative,Negative,
CST-WGS-25-0563,Gauteng,Ekurhuleni MM,Sasol Garage,5/5/2025,Positive,Positive,
CST-WGS-25-0564,Gauteng,Ekurhuleni MM,Moloreng,5/5/2025,Negative,Negative,
CST-WGS-25-0565,Gauteng,Ekurhuleni MM,Namane Drive,5/5/2025,Negative,Negative,
CST-WGS-25-0566,Gauteng,Ekurhuleni MM,Tembisa Hospital East and West,5/5/2025,Negative,Negative,
CST-WGS-25-0567,Gauteng,Ekurhuleni MM,Tembisa Hospital Downstream,5/5/2025,Positive,Negative,
CST-WGS-25-0568,Gauteng,Ekurhuleni MM,Tembisa Mall,5/5/2025,Positive,Negative,
CST-WGS-25-0569,Gauteng,Ekurhuleni MM,Midstream,5/5/2025,Negative,Positive,
CST-WGS-25-0570,Gauteng,Ekurhuleni MM,Olifantsfontein,5/5/2025,Positive,Positive,
CST-WGS-25-0571,Gauteng,Ekurhuleni MM,OR Tambo International Airport,5/5/2025,Negative,Negative,
CST-WGS-25-0572,Gauteng,Tshwane MM,Daspoort Wastewater Treatment Works,5/6/2025,Negative,Negative,
CST-WGS-25-0573,Gauteng,Tshwane MM,SAPS Training College,5/6/2025,Negative,Negative,
CST-WGS-25-0574,Gauteng,Tshwane MM,Kalafong Hospital,5/6/2025,Negative,Negative,
CST-WGS-25-0575,Gauteng,Tshwane MM,Atteridgeville Train Station,5/6/2025,Negative,Negative,
CST-WGS-25-0576,Gauteng,Tshwane MM,Vergenoeg,5/6/2025,Positive,Negative,
CST-WGS-25-0577,Gauteng,Tshwane MM,Laudium,5/6/2025,Positive,Negative,
CST-WGS-25-0578,Gauteng,Tshwane MM,Groenkloof,5/6/2025,Negative,Negative,
CST-WGS-25-0579,Gauteng,Johannesburg MM,Bushkoppies Inlet,5/7/2025,Negative,Negative,
CST-WGS-25-0580,Gauteng,Johannesburg MM,Bushkoppies Final,5/7/2025,Negative,Negative,
CST-WGS-25-0581,Gauteng,Johannesburg MM,Klipsruit Yard (Before tunnel),5/7/2025,Negative,Negative,
CST-WGS-25-0582,Gauteng,Johannesburg MM,Klipsruit Yard (Before tunnel),5/7/2025,Negative,Negative,
CST-WGS-25-0583,Gauteng,Johannesburg MM,Chris Hani Baragwanath Hospital,5/7/2025,Negative,Negative,
CST-WGS-25-0584,Gauteng,Johannesburg MM,Motsoaledi,5/7/2025,Negative,Negative,
CST-WGS-25-0585,Gauteng,Ekurhuleni MM,Sasol Garage,5/8/2025,Positive,Positive,
CST-WGS-25-0586,Gauteng,Ekurhuleni MM,Moloreng,5/8/2025,Positive,Negative,
CST-WGS-25-0587,Gauteng,Ekurhuleni MM,Namane Drive,5/8/2025,Negative,Negative,
CST-WGS-25-0588,Gauteng,Ekurhuleni MM,Tembisa Hospital East and West,5/8/2025,Negative,Negative,
CST-WGS-25-0589,Gauteng,Ekurhuleni MM,Tembisa Mall,5/8/2025,Negative,Negative,
CST-WGS-25-0590,Gauteng,Ekurhuleni MM,Midstream,5/8/2025,Positive,Negative,
CST-WGS-25-0591,Gauteng,Ekurhuleni MM,Olifantsfontein,5/8/2025,Positive,Positive,
CST-WGS-25-0592,Gauteng,Ekurhuleni MM,OR Tambo International Airport,5/8/2025,Negative,Negative,
CST-WGS-25-0593,Gauteng,Tshwane MM,Daspoort Wastewater Treatment Works,5/9/2025,Positive,Negative,
CST-WGS-25-0594,Gauteng,Tshwane MM,Kalafong Hospital,5/9/2025,Negative,Negative,
CST-WGS-25-0595,Gauteng,Tshwane MM,Vergenoeg,5/9/2025,Positive,Negative,
CST-WGS-25-0596,Gauteng,Tshwane MM,Groenkloof,5/9/2025,Positive,Negative,
CST-WGS-25-0597,Gauteng,Ekurhuleni MM,Sasol Garage,5/12/2025,Positive,Positive,
CST-WGS-25-0598,Gauteng,Ekurhuleni MM,Moloreng,5/12/2025,Positive,Negative,
CST-WGS-25-0599,Gauteng,Ekurhuleni MM,Namane Drive,5/12/2025,Negative,Negative,
CST-WGS-25-0600,Gauteng,Ekurhuleni MM,Tembisa Hospital East and West,5/12/2025,Negative,Positive,
CST-WGS-25-0601,Gauteng,Ekurhuleni MM,Tembisa Hospital Downstream,5/12/2025,Positive,Positive,
CST-WGS-25-0602,Gauteng,Ekurhuleni MM,Tembisa Mall,5/12/2025,Positive,Negative,
CST-WGS-25-0603,Gauteng,Ekurhuleni MM,Midstream,5/12/2025,Negative,Negative,
CST-WGS-25-0604,Gauteng,Ekurhuleni MM,Olifantsfontein,5/12/2025,Positive,Positive,
CST-WGS-25-0605,Gauteng,Ekurhuleni MM,OR Tambo International Airport,5/12/2025,Negative,Negative,
CST-WGS-25-0606,Gauteng,Tshwane MM,Daspoort Wastewater Treatment Works,5/13/2025,Negative,Negative,
CST-WGS-25-0607,Gauteng,Tshwane MM,SAPS Training College,5/13/2025,Negative,Negative,
CST-WGS-25-0608,Gauteng,Tshwane MM,Kalafong Hospital,5/13/2025,Negative,Negative,
CST-WGS-25-0609,Gauteng,Tshwane MM,Atteridgeville Train Station,5/13/2025,Negative,Negative,
CST-WGS-25-0610,Gauteng,Tshwane MM,Vergenoeg,5/13/2025,Positive,Negative,
CST-WGS-25-0611,Gauteng,Tshwane MM,Laudium,5/13/2025,Negative,Negative,
CST-WGS-25-0612,Gauteng,Tshwane MM,Groenkloof,5/13/2025,Positive,Negative,
CST-WGS-25-0613,Gauteng,Johannesburg MM,Bushkoppies Inlet,5/14/2025,Negative,Positive,
CST-WGS-25-0614,Gauteng,Johannesburg MM,Bushkoppies Final,5/14/2025,Negative,Positive,
CST-WGS-25-0615,Gauteng,Johannesburg MM,Chris Hani Baragwanath Hospital,5/14/2025,Negative,Negative,
CST-WGS-25-0616,Gauteng,Tshwane MM,Daspoort Wastewater Treatment Works,5/15/2025,Negative,Negative,
CST-WGS-25-0617,Gauteng,Tshwane MM,SAPS Training College,5/15/2025,Positive,Negative,
CST-WGS-25-0618,Gauteng,Tshwane MM,Kalafong Hospital,5/15/2025,Negative,Negative,
CST-WGS-25-0619,Gauteng,Tshwane MM,Atteridgeville Train Station,5/15/2025,Negative,Negative,
CST-WGS-25-0620,Gauteng,Tshwane MM,Vergenoeg,5/15/2025,Negative,Negative,
CST-WGS-25-0621,Gauteng,Tshwane MM,Laudium,5/15/2025,Negative,Negative,
CST-WGS-25-0622,Gauteng,Tshwane MM,Groenkloof,5/15/2025,Positive,Negative,
CST-WGS-25-0623,Gauteng,Ekurhuleni MM,Sasol Garage,5/16/2025,Positive,Negative,
CST-WGS-25-0624,Gauteng,Ekurhuleni MM,Moloreng,5/16/2025,Positive,Negative,
CST-WGS-25-0625,Gauteng,Ekurhuleni MM,Namane Drive,5/16/2025,Negative,Negative,
CST-WGS-25-0626,Gauteng,Ekurhuleni MM,Tembisa Hospital East and West,5/16/2025,Negative,Negative,
CST-WGS-25-0627,Gauteng,Ekurhuleni MM,Tembisa Hospital Downstream,5/16/2025,Negative,Negative,
CST-WGS-25-0628,Gauteng,Ekurhuleni MM,Tembisa Mall,5/16/2025,Negative,Negative,
CST-WGS-25-0629,Gauteng,Ekurhuleni MM,Midstream,5/15/2025,Positive,Positive,
CST-WGS-25-0630,Gauteng,Ekurhuleni MM,Olifantsfontein,5/16/2025,Positive,Positive,
CST-WGS-25-0631,Gauteng,Ekurhuleni MM,OR Tambo International Airport,5/16/2025,Negative,Negative,
CST-WGS-25-0632,Gauteng,Ekurhuleni MM,Sasol Garage,5/19/2025,Positive,Negative,
CST-WGS-25-0633,Gauteng,Ekurhuleni MM,Namane Drive,5/19/2025,Negative,Negative,
CST-WGS-25-0634,Gauteng,Ekurhuleni MM,Moloreng,5/19/2025,Positive,Negative,
CST-WGS-25-0635,Gauteng,Ekurhuleni MM,Tembisa Hospital East and West,5/19/2025,Negative,Negative,
CST-WGS-25-0636,Gauteng,Ekurhuleni MM,Tembisa Mall,5/19/2025,Positive,Negative,
CST-WGS-25-0637,Gauteng,Ekurhuleni MM,Midstream,5/19/2025,Positive,Positive,
CST-WGS-25-0638,Gauteng,Ekurhuleni MM,Olifantsfontein,5/19/2025,Positive,Positive,
CST-WGS-25-0639,Gauteng,Ekurhuleni MM,OR Tambo International Airport,5/19/2025,Negative,Negative,
CST-WGS-25-0640,Gauteng,Tshwane MM,Daspoort Wastewater Treatment Works,5/20/2025,Negative,Negative,
CST-WGS-25-0641,Gauteng,Tshwane MM,SAPS Training College,5/20/2025,Negative,Positive,
CST-WGS-25-0642,Gauteng,Tshwane MM,Kalafong Hospital,5/20/2025,Negative,Negative,
CST-WGS-25-0643,Gauteng,Tshwane MM,Atteridgeville Train Station,5/20/2025,Negative,Negative,
CST-WGS-25-0644,Gauteng,Tshwane MM,Vergenoeg,5/20/2025,Negative,Negative,
CST-WGS-25-0645,Gauteng,Tshwane MM,Laudium,5/20/2025,Positive,Negative,
CST-WGS-25-0646,Gauteng,Tshwane MM,Groenkloof,5/20/2025,Negative,Negative,
CST-WGS-25-0647,Gauteng,Johannesburg MM,Chris Hani Baragwanath Hospital,5/21/2025,Positive,Negative,
CST-WGS-25-0648,Gauteng,Johannesburg MM,Motsoaledi,5/21/2025,Positive,Negative,
CST-WGS-25-0649,Gauteng,Johannesburg MM,Klipspruit Veggies (After tunnel),5/21/2025,Negative,Negative,
CST-WGS-25-0650,Gauteng,Johannesburg MM,Klipsruit Yard (Before tunnel),5/21/2025,Negative,Negative,
CST-WGS-25-0651,Gauteng,Johannesburg MM,Bushkoppies Inlet,5/21/2025,Positive,Negative,
CST-WGS-25-0652,Gauteng,Johannesburg MM,Bushkoppies Final,5/21/2025,Negative,Negative,
CST-WGS-25-0653,Gauteng,Ekurhuleni MM,Sasol Garage,5/23/2025,Positive,Negative,
CST-WGS-25-0654,Gauteng,Ekurhuleni MM,Moloreng,5/23/2025,Positive,Negative,
CST-WGS-25-0655,Gauteng,Ekurhuleni MM,Namane Drive,5/23/2025,Negative,Negative,
CST-WGS-25-0656,Gauteng,Ekurhuleni MM,Tembisa Hospital East and West,5/23/2025,Negative,Negative,
CST-WGS-25-0657,Gauteng,Ekurhuleni MM,Tembisa Hospital Downstream,5/23/2025,Positive,Negative,
CST-WGS-25-0658,Gauteng,Ekurhuleni MM,Tembisa Mall,5/23/2025,Negative,Negative,
CST-WGS-25-0659,Gauteng,Ekurhuleni MM,Midstream,5/23/2025,Negative,Negative,
CST-WGS-25-0660,Gauteng,Ekurhuleni MM,Olifantsfontein,5/23/2025,Positive,Positive,
CST-WGS-25-0661,Gauteng,Tshwane MM,Daspoort Wastewater Treatment Works,5/23/2025,Negative,Negative,
CST-WGS-25-0662,Gauteng,Tshwane MM,Kalafong Hospital,5/23/2025,Negative,Negative,
CST-WGS-25-0663,Gauteng,Tshwane MM,Vergenoeg,5/23/2025,Positive,Negative,
CST-WGS-25-0664,Gauteng,Tshwane MM,Groenkloof,5/23/2025,Positive,Negative,
CST-WGS-25-0665,Gauteng,Ekurhuleni MM,Sasol Garage,5/26/2025,Positive,Negative,
CST-WGS-25-0666,Gauteng,Ekurhuleni MM,Moloreng,5/26/2025,Positive,Positive,
CST-WGS-25-0667,Gauteng,Ekurhuleni MM,Namane Drive,5/26/2025,Positive,Negative,
CST-WGS-25-0668,Gauteng,Ekurhuleni MM,Tembisa Hospital East and West,5/26/2025,Negative,Positive,
CST-WGS-25-0669,Gauteng,Ekurhuleni MM,Tembisa Hospital Downstream,5/26/2025,Positive,Positive,
CST-WGS-25-0670,Gauteng,Ekurhuleni MM,Tembisa Mall,5/26/2025,Negative,Negative,
CST-WGS-25-0671,Gauteng,Ekurhuleni MM,Midstream,5/26/2025,Negative,Negative,
CST-WGS-25-0672,Gauteng,Ekurhuleni MM,Olifantsfontein,5/26/2025,Positive,Negative,
CST-WGS-25-0673,Gauteng,Ekurhuleni MM,OR Tambo International Airport,5/26/2025,Negative,Negative,
CST-WGS-25-0674,Gauteng,Tshwane MM,Daspoort Wastewater Treatment Works,5/27/2025,Negative,Negative,
CST-WGS-25-0675,Gauteng,Tshwane MM,SAPS Training College,5/27/2025,Negative,Negative,
CST-WGS-25-0676,Gauteng,Tshwane MM,Kalafong Hospital,5/27/2025,Negative,Negative,
CST-WGS-25-0677,Gauteng,Tshwane MM,Atteridgeville Train Station,5/27/2025,Negative,Negative,
CST-WGS-25-0678,Gauteng,Tshwane MM,Vergenoeg,5/27/2025,Positive,Negative,
CST-WGS-25-0679,Gauteng,Tshwane MM,Laudium,5/27/2025,Positive,Negative,
CST-WGS-25-0680,Gauteng,Tshwane MM,Groenkloof,5/27/2025,Negative,Negative,
CST-WGS-25-0681,Gauteng,Johannesburg MM,Bushkoppies Inlet,5/28/2025,Positive,Positive,
CST-WGS-25-0682,Gauteng,Johannesburg MM,Bushkoppies Final,5/28/2025,Negative,Positive,
CST-WGS-25-0683,Gauteng,Johannesburg MM,Klipsruit Yard (Before tunnel),5/28/2025,Negative,Negative,
CST-WGS-25-0684,Gauteng,Johannesburg MM,Klipspruit Veggies (After tunnel),5/28/2025,Negative,Negative,
CST-WGS-25-0685,Gauteng,Johannesburg MM,Chris Hani Baragwanath Hospital,5/28/2025,Negative,Negative,
CST-WGS-25-0686,Gauteng,Johannesburg MM,Motsoaledi,5/28/2025,Positive,Positive,
CST-WGS-25-0687,Gauteng,Ekurhuleni MM,Sasol Garage,5/29/2025,Negative,Negative,
CST-WGS-25-0688,Gauteng,Ekurhuleni MM,Moloreng,5/29/2025,Positive,Positive,
CST-WGS-25-0689,Gauteng,Ekurhuleni MM,Namane Drive,5/29/2025,Negative,Negative,
CST-WGS-25-0690,Gauteng,Ekurhuleni MM,Tembisa Hospital East and West,5/29/2025,Positive,Negative,
CST-WGS-25-0691,Gauteng,Ekurhuleni MM,Tembisa Hospital Downstream,5/29/2025,Positive,Negative,
CST-WGS-25-0692,Gauteng,Ekurhuleni MM,Tembisa Mall,5/29/2025,Positive,Positive,
CST-WGS-25-0693,Gauteng,Ekurhuleni MM,Midstream,5/29/2025,Negative,Negative,
CST-WGS-25-0694,Gauteng,Ekurhuleni MM,Olifantsfontein,5/29/2025,Negative,Negative,
CST-WGS-25-0695,Gauteng,Ekurhuleni MM,OR Tambo International Airport,5/29/2025,Negative,Negative,
CST-WGS-25-0696,Gauteng,Tshwane MM,Daspoort Wastewater Treatment Works,5/30/2025,Negative,Negative,
CST-WGS-25-0697,Gauteng,Tshwane MM,SAPS Training College,5/30/2025,Positive,Negative,
CST-WGS-25-0698,Gauteng,Tshwane MM,Kalafong Hospital,5/30/2025,Negative,Negative,
CST-WGS-25-0699,Gauteng,Tshwane MM,Atteridgeville Train Station,5/30/2025,Positive,Negative,
CST-WGS-25-0700,Gauteng,Tshwane MM,Vergenoeg,5/30/2025,Negative,Negative,
CST-WGS-25-0701,Gauteng,Tshwane MM,Laudium,5/30/2025,Positive,Negative,
CST-WGS-25-0702,Gauteng,Tshwane MM,Groenkloof,5/30/2025,Positive,Negative,
CST-WGS-25-0703,Gauteng,Ekurhuleni MM,Sasol Garage,,Negative,Negative,
CST-WGS-25-0704,Gauteng,Ekurhuleni MM,Moloreng,6/2/2025,Negative,Negative,
CST-WGS-25-0705,Gauteng,Ekurhuleni MM,Namane Drive,6/2/2025,Positive,Negative,
CST-WGS-25-0706,Gauteng,Ekurhuleni MM,Tembisa Hospital East and West,6/2/2025,Negative,Negative,
CST-WGS-25-0707,Gauteng,Ekurhuleni MM,Tembisa Hospital Downstream,6/2/2025,Negative,Positive,
CST-WGS-25-0708,Gauteng,Ekurhuleni MM,Tembisa Mall,6/2/2025,Positive,Positive,
CST-WGS-25-0709,Gauteng,Ekurhuleni MM,Midstream,6/2/2025,Negative,Negative,
CST-WGS-25-0710,Gauteng,Ekurhuleni MM,Olifantsfontein,6/2/2025,Negative,Negative,
CST-WGS-25-0711,Gauteng,Ekurhuleni MM,OR Tambo International Airport,6/2/2025,Negative,Negative,
CST-WGS-25-0712,Gauteng,Tshwane MM,Daspoort Wastewater Treatment Works,6/3/2025,Negative,Negative,
CST-WGS-25-0713,Gauteng,Tshwane MM,SAPS Training College,6/3/2025,Positive,Negative,
CST-WGS-25-0714,Gauteng,Tshwane MM,Kalafong Hospital,6/3/2025,Negative,Negative,
CST-WGS-25-0715,Gauteng,Tshwane MM,Atteridgeville Train Station,6/3/2025,Positive,Negative,
CST-WGS-25-0716,Gauteng,Tshwane MM,Vergenoeg,6/3/2025,Negative,Negative,
CST-WGS-25-0717,Gauteng,Tshwane MM,Laudium,6/3/2025,Positive,Negative,
CST-WGS-25-0718,Gauteng,Tshwane MM,Groenkloof,6/3/2025,Negative,Negative,
CST-WGS-25-0719,Gauteng,Johannesburg MM,Bushkoppies Inlet,6/4/2025,Negative,Negative,
CST-WGS-25-0720,Gauteng,Johannesburg MM,Bushkoppies Final,6/4/2025,Negative,Negative,
CST-WGS-25-0721,Gauteng,Johannesburg MM,Klipsruit Yard (Before tunnel),6/4/2025,Negative,Negative,
CST-WGS-25-0722,Gauteng,Johannesburg MM,Klipspruit Veggies (After tunnel),6/4/2025,Negative,Negative,
CST-WGS-25-0723,Gauteng,Johannesburg MM,Chris Hani Baragwanath Hospital,6/4/2025,Positive,Negative,
CST-WGS-25-0724,Gauteng,Johannesburg MM,Motsoaledi,6/4/2025,Positive,Negative,
CST-WGS-25-0725,Gauteng,Ekurhuleni MM,Namane Drive,6/5/2025,Positive,Negative,
CST-WGS-25-0726,Gauteng,Ekurhuleni MM,Sasol Garage,6/5/2025,Positive,Negative,
CST-WGS-25-0727,Gauteng,Ekurhuleni MM,Moloreng,6/5/2025,Positive,Negative,
CST-WGS-25-0728,Gauteng,Ekurhuleni MM,Tembisa Hospital East and West,6/5/2025,Negative,Negative,
CST-WGS-25-0729,Gauteng,Ekurhuleni MM,Tembisa Mall,6/5/2025,Positive,Positive,
CST-WGS-25-0730,Gauteng,Ekurhuleni MM,Midstream,6/5/2025,Negative,Negative,
CST-WGS-25-0731,Gauteng,Ekurhuleni MM,Olifantsfontein,6/5/2025,Positive,Positive,
CST-WGS-25-0732,Gauteng,Ekurhuleni MM,OR Tambo International Airport,6/5/2025,Negative,Negative,
CST-WGS-25-0733,Gauteng,Tshwane MM,Daspoort Wastewater Treatment Works,6/6/2025,Positive,Negative,
CST-WGS-25-0734,Gauteng,Tshwane MM,SAPS Training College,6/6/2025,Positive,Negative,
CST-WGS-25-0735,Gauteng,Tshwane MM,Kalafong Hospital,6/6/2025,Negative,Negative,
CST-WGS-25-0736,Gauteng,Tshwane MM,Atteridgeville Train Station,6/6/2025,Positive,Negative,
CST-WGS-25-0737,Gauteng,Tshwane MM,Vergenoeg,6/6/2025,Negative,Negative,
CST-WGS-25-0738,Gauteng,Tshwane MM,Laudium,6/6/2025,Negative,Negative,
CST-WGS-25-0739,Gauteng,Tshwane MM,Groenkloof,6/6/2025,Positive,Negative,
CST-WGS-25-0740,Gauteng,Tshwane MM,Daspoort Wastewater Treatment Works,6/10/2025,Negative,Negative,
CST-WGS-25-0741,Gauteng,Ekurhuleni MM,Sasol Garage,6/9/2025,Negative,Negative,
CST-WGS-25-0742,Gauteng,Ekurhuleni MM,Moloreng,6/9/2025,Negative,Positive,
CST-WGS-25-0743,Gauteng,Ekurhuleni MM,Namane Drive,6/9/2025,Negative,Negative,
CST-WGS-25-0744,Gauteng,Ekurhuleni MM,Tembisa Mall,6/9/2025,Negative,Negative,
CST-WGS-25-0745,Gauteng,Ekurhuleni MM,Midstream,6/9/2025,Positive,Positive,
CST-WGS-25-0746,Gauteng,Ekurhuleni MM,Olifantsfontein,6/9/2025,Positive,Positive,
CST-WGS-25-0747,Gauteng,Ekurhuleni MM,OR Tambo International Airport,6/9/2025,Negative,Negative,
CST-WGS-25-0748,Gauteng,Tshwane MM,SAPS Training College,6/10/2025,Negative,Negative,
CST-WGS-25-0749,Gauteng,Tshwane MM,Kalafong Hospital,6/10/2025,Positive,Negative,
CST-WGS-25-0750,Gauteng,Tshwane MM,Atteridgeville Train Station,6/10/2025,Negative,Negative,
CST-WGS-25-0751,Gauteng,Tshwane MM,Vergenoeg,6/10/2025,Positive,Negative,
CST-WGS-25-0752,Gauteng,Tshwane MM,Laudium,6/10/2025,Positive,Negative,
CST-WGS-25-0753,Gauteng,Tshwane MM,Groenkloof,6/10/2025,Negative,Negative,
CST-WGS-25-0754,Gauteng,Johannesburg MM,Chris Hani Baragwanath Hospital,6/11/2025,Negative,Negative,
CST-WGS-25-0755,Gauteng,Johannesburg MM,Motsoaledi,6/11/2025,Negative,Negative,
CST-WGS-25-0756,Gauteng,Johannesburg MM,Klipsruit Yard (Before tunnel),6/11/2025,Negative,Negative,
CST-WGS-25-0757,Gauteng,Johannesburg MM,Klipspruit Veggies (After tunnel),6/11/2025,Negative,Negative,
CST-WGS-25-0758,Gauteng,Johannesburg MM,Bushkoppies Inlet,6/11/2025,Positive,Negative,
CST-WGS-25-0759,Gauteng,Johannesburg MM,Bushkoppies Final,6/11/2025,Negative,Negative,
CST-WGS-25-0760,Gauteng,Ekurhuleni MM,Sasol Garage,6/12/2025,Positive,Negative,
CST-WGS-25-0761,Gauteng,Ekurhuleni MM,Namane Drive,6/12/2025,Negative,Negative,
CST-WGS-25-0762,Gauteng,Ekurhuleni MM,Tembisa Hospital East and West,6/12/2025,Negative,Negative,
CST-WGS-25-0763,Gauteng,Ekurhuleni MM,Tembisa Mall,6/12/2025,Negative,Negative,
CST-WGS-25-0764,Gauteng,Ekurhuleni MM,Midstream,6/12/2025,Positive,Positive,
CST-WGS-25-0765,Gauteng,Ekurhuleni MM,Olifantsfontein,6/12/2025,Positive,Positive,
CST-WGS-25-0766,Gauteng,Ekurhuleni MM,OR Tambo International Airport,6/12/2025,Negative,Negative,
CST-WGS-25-0767,Gauteng,Tshwane MM,Daspoort Wastewater Treatment Works,6/13/2025,Positive,Negative,
CST-WGS-25-0768,Gauteng,Tshwane MM,SAPS Training College,6/13/2025,Positive,Negative,
CST-WGS-25-0769,Gauteng,Tshwane MM,Kalafong Hospital,6/13/2025,Negative,Negative,
CST-WGS-25-0770,Gauteng,Tshwane MM,Atteridgeville Train Station,6/13/2025,Negative,Negative,
CST-WGS-25-0771,Gauteng,Tshwane MM,Vergenoeg,6/13/2025,Negative,Negative,
CST-WGS-25-0772,Gauteng,Tshwane MM,Laudium,6/13/2025,Positive,Negative,
CST-WGS-25-0773,Gauteng,Tshwane MM,Groenkloof,6/13/2025,Negative,Negative,
CST-WGS-25-0774,Gauteng,Tshwane MM,Daspoort Wastewater Treatment Works,6/17/2025,Negative,Negative,
CST-WGS-25-0775,Gauteng,Tshwane MM,SAPS Training College,6/17/2025,Negative,Negative,
CST-WGS-25-0776,Gauteng,Tshwane MM,Kalafong Hospital,6/17/2025,Negative,Negative,
CST-WGS-25-0777,Gauteng,Tshwane MM,Atteridgeville Train Station,6/17/2025,Negative,Negative,
CST-WGS-25-0778,Gauteng,Tshwane MM,Vergenoeg,6/17/2025,Negative,Negative,
CST-WGS-25-0779,Gauteng,Tshwane MM,Laudium,6/17/2025,Positive,Negative,
CST-WGS-25-0780,Gauteng,Tshwane MM,Groenkloof,6/17/2025,Positive,Negative,
CST-WGS-25-0781,Gauteng,Johannesburg MM,Chris Hani Baragwanath Hospital,6/18/2025,Negative,Negative,
CST-WGS-25-0782,Gauteng,Johannesburg MM,Motsoaledi,6/18/2025,Negative,Negative,
CST-WGS-25-0783,Gauteng,Johannesburg MM,Klipsruit Yard (Before tunnel),6/18/2025,Positive,Negative,
CST-WGS-25-0784,Gauteng,Johannesburg MM,Klipspruit Veggies (After tunnel),6/18/2025,Negative,Negative,
CST-WGS-25-0785,Gauteng,Johannesburg MM,Bushkoppies Final,6/18/2025,Positive,Negative,
CST-WGS-25-0786,Gauteng,Johannesburg MM,Bushkoppies Final,6/18/2025,Negative,Negative,
CST-WGS-25-0787,Gauteng,Ekurhuleni MM,Sasol Garage,6/19/2025,Positive,Negative,
CST-WGS-25-0788,Gauteng,Tshwane MM,Daspoort Wastewater Treatment Works,6/20/2025,Negative,Negative,
CST-WGS-25-0789,Gauteng,Ekurhuleni MM,Namane Drive,6/19/2025,Negative,Negative,
CST-WGS-25-0790,Gauteng,Ekurhuleni MM,Tembisa Hospital East and West,6/19/2025,Negative,Negative,
CST-WGS-25-0791,Gauteng,Tshwane MM,SAPS Training College,6/20/2025,Negative,Negative,
CST-WGS-25-0792,Gauteng,Ekurhuleni MM,Tembisa Mall,6/19/2025,Negative,Negative,
CST-WGS-25-0793,Gauteng,Ekurhuleni MM,Midstream,6/19/2025,Positive,Negative,
CST-WGS-25-0794,Gauteng,Ekurhuleni MM,Olifantsfontein,6/19/2025,Positive,Positive,
CST-WGS-25-0795,Gauteng,Tshwane MM,Kalafong Hospital,6/20/2025,Negative,Negative,
CST-WGS-25-0796,Gauteng,Tshwane MM,Atteridgeville Train Station,6/20/2025,Negative,Positive,
CST-WGS-25-0797,Gauteng,Tshwane MM,Vergenoeg,6/20/2025,Positive,Negative,
CST-WGS-25-0798,Gauteng,Tshwane MM,Laudium,6/20/2025,Positive,Negative,
CST-WGS-25-0799,Gauteng,Ekurhuleni MM,OR Tambo International Airport,6/19/2025,Negative,Negative,
CST-WGS-25-0800,Gauteng,Ekurhuleni MM,Sasol Garage,6/23/2025,Negative,Negative,
CST-WGS-25-0801,Gauteng,Tshwane MM,Daspoort Wastewater Treatment Works,6/24/2025,Negative,Negative,
CST-WGS-25-0802,Gauteng,Ekurhuleni MM,Namane Drive,6/23/2025,Positive,Negative,
CST-WGS-25-0803,Gauteng,Ekurhuleni MM,Tembisa Hospital East and West,6/23/2025,Negative,Negative,
CST-WGS-25-0804,Gauteng,Tshwane MM,SAPS Training College,6/24/2025,Negative,Negative,
CST-WGS-25-0805,Gauteng,Ekurhuleni MM,Tembisa Mall,6/23/2025,Positive,Negative,
CST-WGS-25-0806,Gauteng,Ekurhuleni MM,Midstream,6/23/2025,Positive,Positive,
CST-WGS-25-0807,Gauteng,Ekurhuleni MM,Olifantsfontein,6/23/2025,Positive,Positive,
CST-WGS-25-0808,Gauteng,Ekurhuleni MM,OR Tambo International Airport,6/23/2025,Negative,Negative,
CST-WGS-25-0809,Gauteng,Tshwane MM,Atteridgeville Train Station,6/24/2025,Negative,Negative,
CST-WGS-25-0810,Gauteng,Tshwane MM,Vergenoeg,6/24/2025,Negative,Negative,
CST-WGS-25-0811,Gauteng,Tshwane MM,Laudium,6/24/2025,Positive,Positive,
CST-WGS-25-0812,Gauteng,Tshwane MM,Groenkloof,6/24/2025,Positive,Negative,
CST-WGS-25-0813,Gauteng,Tshwane MM,Kalafong Hospital,6/24/2025,Negative,Negative,
CST-WGS-25-0814,Gauteng,Tshwane MM,Daspoort Wastewater Treatment Works,6/27/2025,Negative,Negative,
CST-WGS-25-0815,Gauteng,Tshwane MM,SAPS Training College,6/27/2025,Negative,Negative,
CST-WGS-25-0816,Gauteng,Tshwane MM,Kalafong Hospital,6/27/2025,Negative,Negative,
CST-WGS-25-0817,Gauteng,Tshwane MM,Atteridgeville Train Station,6/27/2025,Negative,Negative,
CST-WGS-25-0818,Gauteng,Tshwane MM,Vergenoeg,6/27/2025,Positive,Positive,
CST-WGS-25-0819,Gauteng,Tshwane MM,Laudium,6/27/2025,Negative,Negative,
CST-WGS-25-0820,Gauteng,Tshwane MM,Groenkloof,6/27/2025,Positive,Negative,
CST-WGS-25-0821,Gauteng,Ekurhuleni MM,Sasol Garage,6/30/2025,Positive,Negative,
CST-WGS-25-0822,Gauteng,Ekurhuleni MM,Moloreng,6/30/2025,Negative,Negative,
CST-WGS-25-0823,Gauteng,Ekurhuleni MM,Namane Drive,6/30/2025,Positive,Negative,
CST-WGS-25-0824,Gauteng,Ekurhuleni MM,Tembisa Hospital East and West,6/30/2025,Negative,Negative,
CST-WGS-25-0825,Gauteng,Ekurhuleni MM,Tembisa Hospital Downstream,6/30/2025,Positive,Positive,
CST-WGS-25-0826,Gauteng,Ekurhuleni MM,Tembisa Mall,6/30/2025,Negative,Negative,
CST-WGS-25-0827,Gauteng,Ekurhuleni MM,Midstream,6/30/2025,Positive,Positive,
CST-WGS-25-0828,Gauteng,Ekurhuleni MM,Olifantsfontein,6/30/2025,Positive,Positive,
CST-WGS-25-0829,Gauteng,Ekurhuleni MM,OR Tambo International Airport,6/30/2025,Negative,Negative,
CST-WGS-25-0830,Gauteng,Tshwane MM,Daspoort Wastewater Treatment Works,7/1/2025,Negative,Negative,
CST-WGS-25-0831,Gauteng,Tshwane MM,SAPS Training College,7/1/2025,Positive,Negative,
CST-WGS-25-0832,Gauteng,Tshwane MM,Kalafong Hospital,7/1/2025,Negative,Negative,
CST-WGS-25-0833,Gauteng,Tshwane MM,Atteridgeville Train Station,7/1/2025,Negative,Negative,
CST-WGS-25-0834,Gauteng,Tshwane MM,Vergenoeg,7/1/2025,Negative,Negative,
CST-WGS-25-0835,Gauteng,Tshwane MM,Laudium,7/1/2025,Positive,Negative,
CST-WGS-25-0836,Gauteng,Tshwane MM,Groenkloof,7/1/2025,Negative,Negative,
CST-WGS-25-0837,Gauteng,Johannesburg MM,Chris Hani Baragwanath Hospital,7/2/2025,Negative,Negative,
CST-WGS-25-0838,Gauteng,Johannesburg MM,Motsoaledi,7/2/2025,Positive,Negative,
CST-WGS-25-0839,Gauteng,Johannesburg MM,Klipsruit Yard (Before tunnel),7/2/2025,Positive,Positive,
CST-WGS-25-0840,Gauteng,Johannesburg MM,Klipspruit Veggies (After tunnel),7/2/2025,Positive,Negative,
CST-WGS-25-0841,Gauteng,Johannesburg MM,Bushkoppies Inlet,7/2/2025,Positive,Negative,
CST-WGS-25-0842,Gauteng,Johannesburg MM,Bushkoppies Final,7/2/2025,Negative,Negative,
CST-WGS-25-0843,Gauteng,Ekurhuleni MM,Sasol Garage,7/3/2025,Positive,Negative,
CST-WGS-25-0844,Gauteng,Ekurhuleni MM,Moloreng,7/3/2025,Negative,Negative,
CST-WGS-25-0845,Gauteng,Ekurhuleni MM,Namane Drive,7/3/2025,Positive,Negative,
CST-WGS-25-0846,Gauteng,Ekurhuleni MM,Tembisa Hospital East and West,7/3/2025,Negative,Negative,
CST-WGS-25-0847,Gauteng,Ekurhuleni MM,Tembisa Hospital Downstream,7/3/2025,Positive,Positive,
CST-WGS-25-0848,Gauteng,Ekurhuleni MM,Tembisa Mall,7/3/2025,Negative,Negative,
CST-WGS-25-0849,Gauteng,Ekurhuleni MM,Midstream,7/3/2025,Negative,Negative,
CST-WGS-25-0850,Gauteng,Ekurhuleni MM,Olifantsfontein,7/3/2025,Positive,Negative,
CST-WGS-25-0851,Gauteng,Tshwane MM,Daspoort Wastewater Treatment Works,7/4/2025,Negative,Negative,
CST-WGS-25-0852,Gauteng,Tshwane MM,SAPS Training College,7/4/2025,Negative,Negative,
CST-WGS-25-0853,Gauteng,Tshwane MM,Kalafong Hospital,7/4/2025,Negative,Negative,
CST-WGS-25-0854,Gauteng,Tshwane MM,Atteridgeville Train Station,7/4/2025,Negative,Negative,
CST-WGS-25-0855,Gauteng,Tshwane MM,Vergenoeg,7/4/2025,Negative,Negative,
CST-WGS-25-0856,Gauteng,Tshwane MM,Laudium,7/4/2025,Negative,Negative,
CST-WGS-25-0857,Gauteng,Tshwane MM,Groenkloof,7/4/2025,Negative,Negative,
CST-WGS-25-0858,Gauteng,Ekurhuleni MM,Sasol Garage,7/7/2025,Positive,Positive,
CST-WGS-25-0859,Gauteng,Ekurhuleni MM,Moloreng,7/7/2025,Negative,Negative,
CST-WGS-25-0860,Gauteng,Ekurhuleni MM,Namane Drive,7/7/2025,Positive,Positive,
CST-WGS-25-0861,Gauteng,Ekurhuleni MM,Tembisa Hospital East and West,7/7/2025,Positive,Negative,
CST-WGS-25-0862,Gauteng,Ekurhuleni MM,Tembisa Hospital Downstream,7/7/2025,Negative,Negative,
CST-WGS-25-0863,Gauteng,Ekurhuleni MM,Tembisa Mall,7/7/2025,Negative,Negative,
CST-WGS-25-0864,Gauteng,Ekurhuleni MM,Midstream,7/7/2025,Negative,Negative,
CST-WGS-25-0865,Gauteng,Ekurhuleni MM,Olifantsfontein,7/7/2025,Positive,Negative,
CST-WGS-25-0866,Gauteng,Tshwane MM,Daspoort Wastewater Treatment Works,7/8/2025,Positive,Positive,
CST-WGS-25-0867,Gauteng,Tshwane MM,SAPS Training College,7/8/2025,Positive,Negative,
CST-WGS-25-0868,Gauteng,Tshwane MM,Kalafong Hospital,7/8/2025,Positive,Negative,
CST-WGS-25-0869,Gauteng,Tshwane MM,Atteridgeville Train Station,7/8/2025,Positive,Positive,
CST-WGS-25-0870,Gauteng,Tshwane MM,Laudium,7/8/2025,Negative,Negative,
CST-WGS-25-0871,Gauteng,Tshwane MM,Groenkloof,7/8/2025,Positive,Positive,
CST-WGS-25-0872,Gauteng,Johannesburg MM,Chris Hani Baragwanath Hospital,7/9/2025,Positive,Positive,
CST-WGS-25-0873,Gauteng,Johannesburg MM,Motsoaledi,7/9/2025,Negative,Negative,
CST-WGS-25-0874,Gauteng,Johannesburg MM,Klipsruit Yard (Before tunnel),7/9/2025,Negative,Negative,
CST-WGS-25-0875,Gauteng,Johannesburg MM,Klipspruit Veggies (After tunnel),7/9/2025,Positive,Negative,
CST-WGS-25-0876,Gauteng,Johannesburg MM,Bushkoppies Inlet,7/9/2025,Negative,Negative,
CST-WGS-25-0877,Gauteng,Johannesburg MM,Bushkoppies Final,7/9/2025,Positive,Negative,
CST-WGS-25-0878,Gauteng,Ekurhuleni MM,Sasol Garage,7/10/2025,Negative,Negative,
CST-WGS-25-0879,Gauteng,Ekurhuleni MM,Moloreng,7/10/2025,Negative,Negative,
CST-WGS-25-0880,Gauteng,Ekurhuleni MM,Namane Drive,7/10/2025,Negative,Negative,
CST-WGS-25-0881,Gauteng,Ekurhuleni MM,Tembisa Hospital East and West,7/10/2025,Positive,Negative,
CST-WGS-25-0882,Gauteng,Ekurhuleni MM,Tembisa Hospital Downstream,7/10/2025,Positive,Negative,
CST-WGS-25-0883,Gauteng,Ekurhuleni MM,Tembisa Mall,7/10/2025,Negative,Negative,
CST-WGS-25-0884,Gauteng,Ekurhuleni MM,Midstream,7/10/2025,Positive,Negative,
CST-WGS-25-0885,Gauteng,Ekurhuleni MM,Olifantsfontein,7/10/2025,Positive,Negative,
CST-WGS-25-0886,Gauteng,Tshwane MM,Daspoort Wastewater Treatment Works,7/11/2025,Positive,Negative,
CST-WGS-25-0887,Gauteng,Tshwane MM,SAPS Training College,7/11/2025,Positive,Positive,
CST-WGS-25-0888,Gauteng,Tshwane MM,Kalafong Hospital,7/11/2025,Positive,Negative,
CST-WGS-25-0889,Gauteng,Tshwane MM,Groenkloof,7/11/2025,Positive,Negative,
CST-WGS-25-0890,Gauteng,Tshwane MM,Vergenoeg,7/11/2025,Positive,Negative,
CST-WGS-25-0891,Gauteng,Tshwane MM,Laudium,7/11/2025,Negative,Negative,
CST-WGS-25-0892,Gauteng,Tshwane MM,Atteridgeville Train Station,7/11/2025,Negative,Negative,
CST-WGS-25-0893,Gauteng,Ekurhuleni MM,Sasol Garage,7/14/2025,Negative,Negative,
CST-WGS-25-0894,Gauteng,Ekurhuleni MM,Moloreng,7/14/2025,Negative,Negative,
CST-WGS-25-0895,Gauteng,Ekurhuleni MM,Namane Drive,7/14/2025,Negative,Negative,
CST-WGS-25-0896,Gauteng,Ekurhuleni MM,Tembisa Hospital East and West,7/14/2025,Positive,Negative,
CST-WGS-25-0897,Gauteng,Ekurhuleni MM,Tembisa Hospital Downstream,7/14/2025,Negative,Negative,
CST-WGS-25-0898,Gauteng,Ekurhuleni MM,Tembisa Mall,7/14/2025,Negative,Positive,
CST-WGS-25-0899,Gauteng,Ekurhuleni MM,Midstream,7/14/2025,Negative,Positive,
CST-WGS-25-0900,Gauteng,Ekurhuleni MM,Olifantsfontein,7/14/2025,Positive,Negative,
CST-WGS-25-0901,Gauteng,Tshwane MM,Daspoort Wastewater Treatment Works,7/15/2025,Positive,Negative,
CST-WGS-25-0902,Gauteng,Tshwane MM,SAPS Training College,7/15/2025,Positive,Negative,
CST-WGS-25-0903,Gauteng,Tshwane MM,Kalafong Hospital,7/15/2025,Positive,Negative,
CST-WGS-25-0904,Gauteng,Tshwane MM,Atteridgeville Train Station,7/15/2025,Positive,Positive,
CST-WGS-25-0905,Gauteng,Tshwane MM,Vergenoeg,7/15/2025,Negative,Negative,
CST-WGS-25-0906,Gauteng,Tshwane MM,Laudium,7/15/2025,Positive,Negative,
CST-WGS-25-0907,Gauteng,Tshwane MM,Groenkloof,7/15/2025,Positive,Negative,
CST-WGS-25-0908,Gauteng,Johannesburg MM,Bushkoppies Inlet,7/16/2025,Negative,Negative,
CST-WGS-25-0909,Gauteng,Johannesburg MM,Bushkoppies Final,7/16/2025,Positive,Negative,
CST-WGS-25-0910,Gauteng,Johannesburg MM,Klipsruit Yard (Before tunnel),7/16/2025,Negative,Negative,
CST-WGS-25-0911,Gauteng,Johannesburg MM,Klipspruit Veggies (After tunnel),7/16/2025,Negative,Negative,
CST-WGS-25-0912,Gauteng,Johannesburg MM,Chris Hani Baragwanath Hospital,7/16/2025,Negative,Negative,
CST-WGS-25-0913,Gauteng,Johannesburg MM,Motsoaledi,7/16/2025,Negative,Negative,
CST-WGS-25-0914,Gauteng,Ekurhuleni MM,Sasol Garage,7/17/2025,Negative,Negative,
CST-WGS-25-0915,Gauteng,Ekurhuleni MM,Moloreng,7/17/2025,Positive,Negative,
CST-WGS-25-0916,Gauteng,Ekurhuleni MM,Namane Drive,7/17/2025,Positive,Negative,
CST-WGS-25-0917,Gauteng,Ekurhuleni MM,Tembisa Hospital East and West,7/17/2025,Negative,Negative,
CST-WGS-25-0918,Gauteng,Ekurhuleni MM,Tembisa Hospital Downstream,7/17/2025,Positive,Positive,
CST-WGS-25-0919,Gauteng,Ekurhuleni MM,Tembisa Mall,7/17/2025,Positive,Negative,
CST-WGS-25-0920,Gauteng,Ekurhuleni MM,Midstream,7/17/2025,Negative,Negative,
CST-WGS-25-0921,Gauteng,Ekurhuleni MM,Olifantsfontein,7/17/2025,Negative,Negative,
CST-WGS-25-0922,Gauteng,Ekurhuleni MM,OR Tambo International Airport,7/17/2025,Negative,Negative,
CST-WGS-25-0923,Gauteng,Johannesburg MM,Bushkoppies Inlet,7/21/2025,Negative,Negative,
CST-WGS-25-0924,Gauteng,Johannesburg MM,Bushkoppies Final,7/21/2025,Negative,Negative,
CST-WGS-25-0925,Gauteng,Johannesburg MM,Klipsruit Yard (Before tunnel),7/21/2025,Negative,Negative,
CST-WGS-25-0926,Gauteng,Johannesburg MM,Klipspruit Veggies (After tunnel),7/21/2025,Negative,Negative,
CST-WGS-25-0927,Gauteng,Johannesburg MM,Chris Hani Baragwanath Hospital,7/21/2025,Negative,Negative,
CST-WGS-25-0928,Gauteng,Johannesburg MM,Motsoaledi,7/21/2025,Negative,Negative,
CST-WGS-25-0929,Gauteng,Tshwane MM,Daspoort Wastewater Treatment Works,7/22/2025,Negative,Negative,
CST-WGS-25-0930,Gauteng,Tshwane MM,SAPS Training College,7/22/2025,Negative,Negative,
CST-WGS-25-0931,Gauteng,Tshwane MM,Kalafong Hospital,7/22/2025,Negative,Negative,
CST-WGS-25-0932,Gauteng,Tshwane MM,Atteridgeville Train Station,7/22/2025,Negative,Negative,
CST-WGS-25-0933,Gauteng,Tshwane MM,Vergenoeg,7/22/2025,Negative,Negative,
CST-WGS-25-0934,Gauteng,Tshwane MM,Laudium,7/22/2025,Negative,Negative,
CST-WGS-25-0935,Gauteng,Tshwane MM,Groenkloof,7/22/2025,Negative,Negative,
CST-WGS-25-0936,Gauteng,Ekurhuleni MM,Sasol Garage,7/23/2025,Negative,Negative,
CST-WGS-25-0937,Gauteng,Ekurhuleni MM,Moloreng,7/23/2025,Negative,Negative,
CST-WGS-25-0938,Gauteng,Ekurhuleni MM,Namane Drive,7/23/2025,Negative,Negative,
CST-WGS-25-0939,Gauteng,Ekurhuleni MM,Tembisa Hospital East and West,7/23/2025,Negative,Negative,
CST-WGS-25-0940,Gauteng,Ekurhuleni MM,Tembisa Hospital Downstream,7/23/2025,Negative,Negative,
CST-WGS-25-0941,Gauteng,Ekurhuleni MM,Tembisa Mall,7/23/2025,Negative,Negative,
CST-WGS-25-0942,Gauteng,Ekurhuleni MM,Midstream,7/23/2025,Negative,Negative,
CST-WGS-25-0943,Gauteng,Ekurhuleni MM,Olifantsfontein,7/23/2025,Negative,Negative,
CST-WGS-25-0944,Gauteng,Ekurhuleni MM,OR Tambo International Airport,7/23/2025,Negative,Negative,
CST-WGS-25-0945,Gauteng,Tshwane MM,Daspoort Wastewater Treatment Works,7/24/2025,Negative,Negative,
CST-WGS-25-0946,Gauteng,Tshwane MM,SAPS Training College,7/24/2025,Negative,Negative,
CST-WGS-25-0947,Gauteng,Tshwane MM,Kalafong Hospital,7/24/2025,Negative,Negative,
CST-WGS-25-0948,Gauteng,Tshwane MM,Laudium,7/24/2025,Negative,Negative,
CST-WGS-25-0949,Gauteng,Tshwane MM,Vergenoeg,7/24/2025,Negative,Negative,
CST-WGS-25-0950,Gauteng,Tshwane MM,Atteridgeville Train Station,7/24/2025,Negative,Negative,
CST-WGS-25-0951,Gauteng,Tshwane MM,Groenkloof,7/24/2025,Negative,Negative,
CST-WGS-25-0952,Gauteng,Ekurhuleni MM,Sasol Garage,7/25/2025,Negative,Negative,
CST-WGS-25-0953,Gauteng,Ekurhuleni MM,Moloreng,7/25/2025,Negative,Negative,
CST-WGS-25-0954,Gauteng,Ekurhuleni MM,Namane Drive,7/25/2025,Positive,Negative,
CST-WGS-25-0955,Gauteng,Ekurhuleni MM,Tembisa Hospital East and West,7/25/2025,Negative,Negative,
CST-WGS-25-0956,Gauteng,Ekurhuleni MM,Tembisa Hospital Downstream,7/25/2025,Negative,Negative,
CST-WGS-25-0957,Gauteng,Ekurhuleni MM,Tembisa Mall,7/25/2025,Negative,Negative,
CST-WGS-25-0958,Gauteng,Ekurhuleni MM,Midstream,7/25/2025,Negative,Negative,
CST-WGS-25-0959,Gauteng,Ekurhuleni MM,Olifantsfontein,7/25/2025,Negative,Negative,
CST-WGS-25-0960,Gauteng,Ekurhuleni MM,OR Tambo International Airport,7/25/2025,Negative,Negative,
CST-WGS-25-0961,Gauteng,Ekurhuleni MM,Sasol Garage,7/28/2025,Negative,Negative,
CST-WGS-25-0962,Gauteng,Ekurhuleni MM,Moloreng,7/28/2025,Negative,Negative,
CST-WGS-25-0963,Gauteng,Ekurhuleni MM,Namane Drive,7/28/2025,Negative,Negative,
CST-WGS-25-0964,Gauteng,Ekurhuleni MM,Tembisa Hospital East and West,7/28/2025,Negative,Negative,
CST-WGS-25-0965,Gauteng,Ekurhuleni MM,Tembisa Hospital Downstream,7/28/2025,Positive,Negative,
CST-WGS-25-0966,Gauteng,Ekurhuleni MM,Tembisa Mall,7/28/2025,Negative,Negative,
CST-WGS-25-0967,Gauteng,Ekurhuleni MM,Midstream,7/28/2025,Positive,Positive,
CST-WGS-25-0968,Gauteng,Ekurhuleni MM,Olifantsfontein,7/28/2025,Positive,Positive,
CST-WGS-25-0969,Gauteng,Ekurhuleni MM,OR Tambo International Airport,7/28/2025,Negative,Negative,
CST-WGS-25-0970,Gauteng,Tshwane MM,Daspoort Wastewater Treatment Works,7/29/2025,Positive,Negative,
CST-WGS-25-0971,Gauteng,Tshwane MM,SAPS Training College,7/29/2025,Negative,Negative,
CST-WGS-25-0972,Gauteng,Tshwane MM,Kalafong Hospital,7/29/2025,Negative,Negative,
CST-WGS-25-0973,Gauteng,Tshwane MM,Atteridgeville Train Station,7/29/2025,Negative,Negative,
CST-WGS-25-0974,Gauteng,Tshwane MM,Vergenoeg,7/29/2025,Negative,Positive,
CST-WGS-25-0975,Gauteng,Tshwane MM,Laudium,7/29/2025,Negative,Negative,
CST-WGS-25-0976,Gauteng,Tshwane MM,Groenkloof,7/29/2025,Negative,Negative,
CST-WGS-25-0977,Gauteng,Johannesburg MM,Chris Hani Baragwanath Hospital,7/30/2025,Negative,Negative,
CST-WGS-25-0978,Gauteng,Johannesburg MM,Motsoaledi,7/30/2025,Positive,Negative,
CST-WGS-25-0979,Gauteng,Johannesburg MM,Klipsruit Yard (Before tunnel),7/30/2025,Positive,Positive,
CST-WGS-25-0980,Gauteng,Johannesburg MM,Klipspruit Veggies (After tunnel),7/30/2025,Negative,Positive,
CST-WGS-25-0981,Gauteng,Johannesburg MM,Bushkoppies Inlet,7/30/2025,Negative,Negative,
CST-WGS-25-0982,Gauteng,Johannesburg MM,Bushkoppies Final,7/30/2025,Negative,Positive,
CST-WGS-25-0983,Gauteng,Ekurhuleni MM,Sasol Garage,7/31/2025,Negative,Negative,
CST-WGS-25-0984,Gauteng,Ekurhuleni MM,Moloreng,7/31/2025,Positive,Negative,
CST-WGS-25-0985,Gauteng,Ekurhuleni MM,Namane Drive,7/31/2025,Positive,Negative,
CST-WGS-25-0986,Gauteng,Ekurhuleni MM,Tembisa Hospital East and West,7/31/2025,Negative,Negative,
CST-WGS-25-0987,Gauteng,Ekurhuleni MM,Tembisa Hospital Downstream,7/31/2025,Positive,Negative,
CST-WGS-25-0988,Gauteng,Ekurhuleni MM,Tembisa Mall,7/31/2025,Negative,Negative,
CST-WGS-25-0989,Gauteng,Ekurhuleni MM,Midstream,7/31/2025,Negative,Negative,
CST-WGS-25-0990,Gauteng,Ekurhuleni MM,Olifantsfontein,7/31/2025,Positive,Positive,
CST-WGS-25-0991,Gauteng,Ekurhuleni MM,OR Tambo International Airport,7/31/2025,Negative,Negative,
CST-WGS-25-0992,Gauteng,Tshwane MM,Daspoort Wastewater Treatment Works,8/1/2025,Positive,Negative,
CST-WGS-25-0993,Gauteng,Tshwane MM,SAPS Training College,8/1/2025,Negative,Negative,
CST-WGS-25-0994,Gauteng,Tshwane MM,Kalafong Hospital,8/1/2025,Negative,Negative,
CST-WGS-25-0995,Gauteng,Tshwane MM,Atteridgeville Train Station,8/1/2025,Negative,Negative,
CST-WGS-25-0996,Gauteng,Tshwane MM,Vergenoeg,8/1/2025,Negative,Negative,
CST-WGS-25-0997,Gauteng,Tshwane MM,Laudium,8/1/2025,Negative,Negative,
CST-WGS-25-0998,Gauteng,Tshwane MM,Groenkloof,8/1/2025,Negative,Negative,
CST-WGS-25-0999,Gauteng,Ekurhuleni MM,Sasol Garage,8/4/2025,Negative,Negative,
CST-WGS-25-1000,Gauteng,Ekurhuleni MM,Moloreng,8/4/2025,Positive,Negative,
CST-WGS-25-1001,Gauteng,Ekurhuleni MM,Namane Drive,8/4/2025,Positive,Negative,
CST-WGS-25-1002,Gauteng,Ekurhuleni MM,Tembisa Hospital East and West,8/4/2025,Negative,Negative,
CST-WGS-25-1003,Gauteng,Ekurhuleni MM,Tembisa Hospital Downstream,8/4/2025,Positive,Negative,
CST-WGS-25-1004,Gauteng,Ekurhuleni MM,Tembisa Mall,8/4/2025,Negative,Negative,
CST-WGS-25-1005,Gauteng,Ekurhuleni MM,Midstream,8/4/2025,Positive,Positive,
CST-WGS-25-1006,Gauteng,Ekurhuleni MM,Olifantsfontein,8/4/2025,Positive,Positive,
CST-WGS-25-1007,Gauteng,Ekurhuleni MM,OR Tambo International Airport,8/4/2025,Negative,Negative,
CST-WGS-25-1008,Gauteng,Tshwane MM,Daspoort Wastewater Treatment Works,8/5/2025,Negative,Negative,
CST-WGS-25-1009,Gauteng,Tshwane MM,Groenkloof,8/5/2025,Negative,Negative,
CST-WGS-25-1010,Gauteng,Johannesburg MM,Bushkoppies Inlet,8/6/2025,Negative,Negative,
cst-wgs-25-1011,Gauteng,Johannesburg MM,Bushkoppies Final,8/6/2025,Negative,Negative,
CST-WGS-25-1012,Gauteng,Johannesburg MM,Klipsruit Yard (Before tunnel),8/6/2025,Negative,Negative,
CST-WGS-25-1013,Gauteng,Johannesburg MM,Klipspruit Veggies (After tunnel),8/6/2025,Negative,Negative,
CST-WGS-25-1014,Gauteng,Johannesburg MM,Chris Hani Baragwanath Hospital,8/6/2025,Negative,Negative,
CST-WGS-25-1015,Gauteng,Johannesburg MM,Motsoaledi,8/6/2025,Negative,Negative,
CST-WGS-25-1016,Gauteng,Ekurhuleni MM,Sasol Garage,8/7/2025,Negative,Negative,
CST-WGS-25-1017,Gauteng,Ekurhuleni MM,Moloreng,8/7/2025,Negative,Negative,
CST-WGS-25-1018,Gauteng,Ekurhuleni MM,Namane Drive,8/7/2025,Negative,Negative,
CST-WGS-25-1019,Gauteng,Ekurhuleni MM,Tembisa Hospital East and West,8/7/2025,Negative,Negative,
CST-WGS-25-1020,Gauteng,Ekurhuleni MM,Tembisa Hospital Downstream,8/7/2025,Negative,Negative,
CST-WGS-25-1021,Gauteng,Ekurhuleni MM,Tembisa Mall,8/7/2025,Negative,Negative,
CST-WGS-25-1022,Gauteng,Ekurhuleni MM,Midstream,8/7/2025,Negative,Negative,
CST-WGS-25-1023,Gauteng,Ekurhuleni MM,Olifantsfontein,8/7/2025,Negative,Negative,
CST-WGS-25-1024,Gauteng,Ekurhuleni MM,OR Tambo International Airport,8/7/2025,Negative,Negative,
CST-WGS-25-1025,Gauteng,Tshwane MM,Daspoort Wastewater Treatment Works,8/8/2025,Negative,Negative,
CST-WGS-25-1026,Gauteng,Tshwane MM,SAPS Training College,8/8/2025,Negative,Negative,
CST-WGS-25-1027,Gauteng,Tshwane MM,Kalafong Hospital,8/8/2025,Negative,Negative,
CST-WGS-25-1028,Gauteng,Tshwane MM,Atteridgeville Train Station,8/8/2025,Negative,Negative,
CST-WGS-25-1029,Gauteng,Tshwane MM,Vergenoeg,8/8/2025,Negative,Negative,
CST-WGS-25-1030,Gauteng,Tshwane MM,Laudium,8/8/2025,Positive,Positive,
CST-WGS-25-1031,Gauteng,Tshwane MM,Groenkloof,8/8/2025,Positive,Positive,
CST-WGS-25-1032,Gauteng,Ekurhuleni MM,Sasol Garage,8/11/2025,Negative,Negative,
CST-WGS-25-1033,Gauteng,Ekurhuleni MM,Moloreng,8/11/2025,Positive,Positive,
CST-WGS-25-1034,Gauteng,Ekurhuleni MM,Namane Drive,8/11/2025,Positive,Negative,
CST-WGS-25-1035,Gauteng,Ekurhuleni MM,Tembisa Hospital East and West,8/11/2025,Positive,Positive,
CST-WGS-25-1036,Gauteng,Ekurhuleni MM,Tembisa Hospital Downstream,8/11/2025,Positive,Positive,
CST-WGS-25-1037,Gauteng,Ekurhuleni MM,Tembisa Mall,8/11/2025,Negative,Negative,
CST-WGS-25-1038,Gauteng,Ekurhuleni MM,Olifantsfontein,8/11/2025,Positive,Positive,
CST-WGS-25-1039,Gauteng,Ekurhuleni MM,Midstream,8/11/2025,Positive,Positive,
CST-WGS-25-1040,Gauteng,Ekurhuleni MM,OR Tambo International Airport,8/11/2025,Negative,Negative,
CST-WGS-25-1041,Gauteng,Tshwane MM,Daspoort Wastewater Treatment Works,8/12/2025,Positive,Positive,
CST-WGS-25-1042,Gauteng,Tshwane MM,SAPS Training College,8/12/2025,Negative,Negative,
CST-WGS-25-1043,Gauteng,Tshwane MM,Kalafong Hospital,8/12/2025,Negative,Negative,
CST-WGS-25-1044,Gauteng,Tshwane MM,Atteridgeville Train Station,8/12/2025,Negative,Negative,
CST-WGS-25-1045,Gauteng,Tshwane MM,Vergenoeg,8/12/2025,Positive,Positive,
CST-WGS-25-1046,Gauteng,Tshwane MM,Laudium,8/12/2025,Negative,Negative,
CST-WGS-25-1047,Gauteng,Tshwane MM,Groenkloof,8/12/2025,Negative,Negative,
CST-WGS-25-1048,Gauteng,Johannesburg MM,Bushkoppies Inlet,8/13/2025,Negative,Negative,
CST-WGS-25-1049,Gauteng,Johannesburg MM,Bushkoppies Final,8/13/2025,Negative,Negative,
CST-WGS-25-1050,Gauteng,Johannesburg MM,Klipsruit Yard (Before tunnel),8/13/2025,Negative,Negative,
CST-WGS-25-1051,Gauteng,Johannesburg MM,Klipspruit Veggies (After tunnel),8/13/2025,Negative,Negative,
CST-WGS-25-1052,Gauteng,Johannesburg MM,Chris Hani Baragwanath Hospital,8/13/2025,Negative,Negative,
CST-WGS-25-1053,Gauteng,Johannesburg MM,Motsoaledi,8/13/2025,Negative,Negative,
CST-WGS-25-1054,Gauteng,Ekurhuleni MM,Sasol Garage,8/14/2025,Positive,Negative,
CST-WGS-25-1055,Gauteng,Ekurhuleni MM,Moloreng,8/14/2025,Negative,Positive,
CST-WGS-25-1056,Gauteng,Ekurhuleni MM,Namane Drive,8/14/2025,Positive,Negative,
CST-WGS-25-1057,Gauteng,Ekurhuleni MM,Tembisa Hospital East and West,8/14/2025,Negative,Negative,
CST-WGS-25-1058,Gauteng,Ekurhuleni MM,Tembisa Hospital Downstream,8/14/2025,Positive,Negative,
CST-WGS-25-1059,Gauteng,Ekurhuleni MM,Tembisa Mall,8/14/2025,Positive,Negative,
CST-WGS-25-1060,Gauteng,Ekurhuleni MM,Midstream,8/14/2025,Negative,Positive,
CST-WGS-25-1061,Gauteng,Ekurhuleni MM,Olifantsfontein,8/14/2025,Negative,Negative,
CST-WGS-25-1062,Gauteng,Ekurhuleni MM,OR Tambo International Airport,8/14/2025,Positive,Negative,
CST-WGS-25-1063,Gauteng,Tshwane MM,Daspoort Wastewater Treatment Works,8/15/2025,Negative,Negative,
CST-WGS-25-1064,Gauteng,Tshwane MM,SAPS Training College,8/15/2025,Negative,Negative,
CST-WGS-25-1065,Gauteng,Tshwane MM,Kalafong Hospital,8/15/2025,Negative,Negative,
CST-WGS-25-1066,Gauteng,Tshwane MM,Atteridgeville Train Station,8/15/2025,Negative,Negative,
CST-WGS-25-1067,Gauteng,Tshwane MM,Vergenoeg,8/15/2025,Positive,Negative,
CST-WGS-25-1068,Gauteng,Tshwane MM,Laudium,8/15/2025,Negative,Negative,
CST-WGS-25-1069,Gauteng,Tshwane MM,Groenkloof,8/15/2025,Negative,Negative,
CST-WGS-25-1070,Gauteng,Ekurhuleni MM,Sasol Garage,8/18/2025,Positive,Negative,
CST-WGS-25-1071,Gauteng,Ekurhuleni MM,Moloreng,8/18/2025,Negative,Positive,
CST-WGS-25-1072,Gauteng,Ekurhuleni MM,Namane Drive,8/18/2025,Positive,Negative,
CST-WGS-25-1073,Gauteng,Ekurhuleni MM,Tembisa Hospital East and West,8/18/2025,Negative,Negative,
CST-WGS-25-1074,Gauteng,Ekurhuleni MM,Tembisa Hospital Downstream,8/18/2025,Positive,Negative,
CST-WGS-25-1075,Gauteng,Ekurhuleni MM,Tembisa Mall,8/18/2025,Positive,Negative,
CST-WGS-25-1076,Gauteng,Ekurhuleni MM,Midstream,8/18/2025,Negative,Negative,
CST-WGS-25-1077,Gauteng,Ekurhuleni MM,Olifantsfontein,8/18/2025,Positive,Positive,
CST-WGS-25-1078,Gauteng,Ekurhuleni MM,OR Tambo International Airport,8/18/2025,Negative,Negative,
CST-WGS-25-1079,Gauteng,Tshwane MM,Daspoort Wastewater Treatment Works,8/19/2025,Positive,Positive,
CST-WGS-25-1080,Gauteng,Tshwane MM,SAPS Training College,8/19/2025,Negative,Negative,
CST-WGS-25-1081,Gauteng,Tshwane MM,Kalafong Hospital,8/19/2025,Negative,Negative,
CST-WGS-25-1082,Gauteng,Tshwane MM,Atteridgeville Train Station,8/19/2025,Negative,Negative,
CST-WGS-25-1083,Gauteng,Tshwane MM,Vergenoeg,8/19/2025,Positive,Negative,
CST-WGS-25-1084,Gauteng,Tshwane MM,Laudium,8/19/2025,Positive,Negative,
CST-WGS-25-1085,Gauteng,Tshwane MM,Groenkloof,8/19/2025,Negative,Negative,
CST-WGS-25-1086,Gauteng,Johannesburg MM,Bushkoppies Inlet,8/20/2025,Negative,Positive,
CST-WGS-25-1087,Gauteng,Johannesburg MM,Bushkoppies Final,8/20/2025,Negative,Negative,
CST-WGS-25-1088,Gauteng,Johannesburg MM,Motsoaledi,8/20/2025,Negative,Negative,
CST-WGS-25-1089,Gauteng,Johannesburg MM,Klipsruit Yard (Before tunnel),8/20/2025,Negative,Negative,
CST-WGS-25-1090,Gauteng,Johannesburg MM,Klipspruit Veggies (After tunnel),8/20/2025,Positive,Negative,
CST-WGS-25-1091,Gauteng,Johannesburg MM,Chris Hani Baragwanath Hospital,8/20/2025,Negative,Negative,
CST-WGS-25-1092,Gauteng,Ekurhuleni MM,Sasol Garage,8/21/2025,Negative,Negative,
CST-WGS-25-1093,Gauteng,Ekurhuleni MM,Moloreng,8/21/2025,Positive,Negative,
CST-WGS-25-1094,Gauteng,Ekurhuleni MM,Namane Drive,8/21/2025,Positive,Negative,
CST-WGS-25-1095,Gauteng,Ekurhuleni MM,Tembisa Hospital East and West,8/21/2025,Negative,Negative,
CST-WGS-25-1096,Gauteng,Ekurhuleni MM,Tembisa Hospital Downstream,8/21/2025,Positive,Negative,
CST-WGS-25-1097,Gauteng,Ekurhuleni MM,Tembisa Mall,8/21/2025,Negative,Negative,
CST-WGS-25-1098,Gauteng,Ekurhuleni MM,Midstream,8/21/2025,Negative,Positive,
CST-WGS-25-1099,Gauteng,Ekurhuleni MM,Olifantsfontein,8/21/2025,Positive,Negative,
CST-WGS-25-1100,Gauteng,Ekurhuleni MM,OR Tambo International Airport,8/21/2025,Negative,Negative,
CST-WGS-25-1101,Gauteng,Tshwane MM,Daspoort Wastewater Treatment Works,8/22/2025,Negative,Negative,
CST-WGS-25-1102,Gauteng,Tshwane MM,SAPS Training College,8/22/2025,Negative,Negative,
CST-WGS-25-1103,Gauteng,Tshwane MM,Kalafong Hospital,8/22/2025,Negative,Negative,
CST-WGS-25-1104,Gauteng,Tshwane MM,Atteridgeville Train Station,8/22/2025,Negative,Negative,
CST-WGS-25-1105,Gauteng,Tshwane MM,Vergenoeg,8/22/2025,Positive,Negative,
CST-WGS-25-1106,Gauteng,Tshwane MM,Laudium,8/22/2025,Negative,Negative,
CST-WGS-25-1107,Gauteng,Tshwane MM,Groenkloof,8/22/2025,Negative,Negative,
CST-WGS-25-1108,Gauteng,Ekurhuleni MM,Sasol Garage,8/25/2025,Negative,Negative,
CST-WGS-25-1109,Gauteng,Ekurhuleni MM,Moloreng,8/25/2025,Negative,Positive,
CST-WGS-25-1110,Gauteng,Ekurhuleni MM,Namane Drive,8/25/2025,Positive,Positive,
CST-WGS-25-1111,Gauteng,Ekurhuleni MM,Tembisa Hospital East and West,8/25/2025,Negative,Negative,
CST-WGS-25-1112,Gauteng,Ekurhuleni MM,Tembisa Hospital Downstream,8/25/2025,Negative,Positive,
CST-WGS-25-1113,Gauteng,Ekurhuleni MM,Tembisa Mall,8/25/2025,Negative,Negative,
CST-WGS-25-1114,Gauteng,Ekurhuleni MM,Midstream,8/25/2025,Positive,Negative,
CST-WGS-25-1115,Gauteng,Ekurhuleni MM,Olifantsfontein,8/25/2025,Negative,Negative,
CST-WGS-25-1116,Gauteng,Ekurhuleni MM,OR Tambo International Airport,8/25/2025,Negative,Negative,
CST-WGS-25-1117,Gauteng,Tshwane MM,Daspoort Wastewater Treatment Works,8/26/2025,Negative,Negative,
CST-WGS-25-1118,Gauteng,Tshwane MM,SAPS Training College,8/26/2025,Negative,Negative,
CST-WGS-25-1119,Gauteng,Tshwane MM,Kalafong Hospital,8/26/2025,Negative,Negative,
CST-WGS-25-1120,Gauteng,Tshwane MM,Atteridgeville Train Station,8/26/2025,Negative,Negative,
CST-WGS-25-1121,Gauteng,Tshwane MM,Vergenoeg,8/26/2025,Positive,Negative,
CST-WGS-25-1122,Gauteng,Tshwane MM,Laudium,8/26/2025,Negative,Negative,
CST-WGS-25-1123,Gauteng,Tshwane MM,Groenkloof,8/26/2025,Positive,Negative,
CST-WGS-25-1124,Gauteng,Johannesburg MM,Bushkoppies Inlet,8/27/2025,Negative,Negative,
CST-WGS-25-1125,Gauteng,Johannesburg MM,Bushkoppies Final,8/27/2025,Negative,Positive,
CST-WGS-25-1126,Gauteng,Johannesburg MM,Motsoaledi,8/27/2025,Negative,Negative,
CST-WGS-25-1127,Gauteng,Johannesburg MM,Klipsruit Yard (Before tunnel),8/27/2025,Negative,Negative,
CST-WGS-25-1128,Gauteng,Johannesburg MM,Klipspruit Veggies (After tunnel),8/27/2025,Positive,Negative,
CST-WGS-25-1129,Gauteng,Johannesburg MM,Chris Hani Baragwanath Hospital,8/27/2025,Positive,Negative,
CST-WGS-25-1130,Gauteng,Ekurhuleni MM,Sasol Garage,8/28/2025,Negative,Negative,
CST-WGS-25-1131,Gauteng,Ekurhuleni MM,Moloreng,8/28/2025,Negative,Negative,
CST-WGS-25-1132,Gauteng,Ekurhuleni MM,Namane Drive,8/28/2025,Positive,Negative,
CST-WGS-25-1133,Gauteng,Ekurhuleni MM,Tembisa Hospital East and West,8/28/2025,Negative,Negative,
CST-WGS-25-1134,Gauteng,Ekurhuleni MM,Tembisa Hospital Downstream,8/28/2025,Positive,Negative,
CST-WGS-25-1135,Gauteng,Ekurhuleni MM,Tembisa Mall,8/28/2025,Negative,Negative,
CST-WGS-25-1136,Gauteng,Ekurhuleni MM,Midstream,8/28/2025,Positive,Positive,
CST-WGS-25-1137,Gauteng,Ekurhuleni MM,Olifantsfontein,8/28/2025,Positive,Positive,
CST-WGS-25-1138,Gauteng,Ekurhuleni MM,OR Tambo International Airport,8/28/2025,Negative,Negative,
CST-WGS-25-1139,Gauteng,Ekurhuleni MM,Sasol Garage,9/1/2025,Negative,Negative,
CST-WGS-25-1140,Gauteng,Ekurhuleni MM,Moloreng,9/1/2025,Negative,Negative,
CST-WGS-25-1141,Gauteng,Ekurhuleni MM,Namane Drive,9/1/2025,Negative,Positive,
CST-WGS-25-1142,Gauteng,Ekurhuleni MM,Tembisa Hospital East and West,9/1/2025,Negative,Negative,
CST-WGS-25-1143,Gauteng,Ekurhuleni MM,Tembisa Hospital Downstream,9/1/2025,Negative,Positive,
CST-WGS-25-1144,Gauteng,Ekurhuleni MM,Tembisa Mall,9/1/2025,Negative,Negative,
CST-WGS-25-1145,Gauteng,Ekurhuleni MM,Midstream,9/1/2025,Positive,Positive,
CST-WGS-25-1146,Gauteng,Ekurhuleni MM,Olifantsfontein,9/1/2025,Positive,Positive,
CST-WGS-25-1147,Gauteng,Ekurhuleni MM,OR Tambo International Airport,9/1/2025,Negative,Negative,
CST-WGS-25-1148,Gauteng,Tshwane MM,Daspoort Wastewater Treatment Works,9/2/2025,Positive,Negative,
CST-WGS-25-1149,Gauteng,Tshwane MM,SAPS Training College,9/2/2025,Negative,Negative,
CST-WGS-25-1150,Gauteng,Tshwane MM,Kalafong Hospital,9/2/2025,Negative,Negative,
CST-WGS-25-1151,Gauteng,Tshwane MM,Atteridgeville Train Station,9/2/2025,Negative,Negative,
CST-WGS-25-1152,Gauteng,Tshwane MM,Vergenoeg,9/2/2025,Negative,Negative,
CST-WGS-25-1153,Gauteng,Tshwane MM,Laudium,9/2/2025,Negative,Positive,
CST-WGS-25-1154,Gauteng,Tshwane MM,Groenkloof,9/2/2025,Negative,Positive,
CST-WGS-25-1155,Gauteng,Johannesburg MM,Bushkoppies Inlet,9/3/2025,Positive,Negative,
CST-WGS-25-1156,Gauteng,Johannesburg MM,Bushkoppies Final,9/3/2025,Negative,Negative,
CST-WGS-25-1157,Gauteng,Johannesburg MM,Motsoaledi,9/3/2025,Negative,Negative,
CST-WGS-25-1158,Gauteng,Johannesburg MM,Klipsruit Yard (Before tunnel),9/3/2025,Negative,Negative,
CST-WGS-25-1159,Gauteng,Johannesburg MM,Klipspruit Veggies (After tunnel),9/3/2025,Positive,Negative,
CST-WGS-25-1160,Gauteng,Johannesburg MM,Chris Hani Baragwanath Hospital,9/3/2025,Negative,Negative,
CST-WGS-25-1161,Gauteng,Ekurhuleni MM,Sasol Garage,9/4/2025,Negative,Negative,
CST-WGS-25-1162,Gauteng,Ekurhuleni MM,Moloreng,9/4/2025,Negative,Negative,
CST-WGS-25-1163,Gauteng,Ekurhuleni MM,Namane Drive,9/4/2025,Negative,Positive,
CST-WGS-25-1164,Gauteng,Ekurhuleni MM,Tembisa Hospital East and West,9/4/2025,Negative,Positive,
CST-WGS-25-1165,Gauteng,Ekurhuleni MM,Tembisa Hospital Downstream,9/4/2025,Positive,Positive,
CST-WGS-25-1166,Gauteng,Ekurhuleni MM,Tembisa Mall,9/4/2025,Negative,Negative,
CST-WGS-25-1167,Gauteng,Ekurhuleni MM,Midstream,9/4/2025,Negative,Positive,
CST-WGS-25-1168,Gauteng,Ekurhuleni MM,Olifantsfontein,9/4/2025,Positive,Positive,
CST-WGS-25-1169,Gauteng,Ekurhuleni MM,OR Tambo International Airport,9/4/2025,Negative,Negative,
CST-WGS-25-1170,Gauteng,Tshwane MM,Daspoort Wastewater Treatment Works,9/5/2025,Positive,Negative,
CST-WGS-25-1171,Gauteng,Tshwane MM,SAPS Training College,9/5/2025,Negative,Negative,
CST-WGS-25-1172,Gauteng,Tshwane MM,Kalafong Hospital,9/5/2025,Negative,Negative,
CST-WGS-25-1173,Gauteng,Tshwane MM,Atteridgeville Train Station,9/5/2025,Negative,Negative,
CST-WGS-25-1174,Gauteng,Tshwane MM,Vergenoeg,9/5/2025,Negative,Negative,
CST-WGS-25-1175,Gauteng,Tshwane MM,Laudium,9/5/2025,Negative,Positive,
CST-WGS-25-1176,Gauteng,Tshwane MM,Groenkloof,9/5/2025,Negative,Negative,
CST-WGS-25-1177,Gauteng,Ekurhuleni MM,Sasol Garage,9/8/2025,Positive,Negative,
CST-WGS-25-1178,Gauteng,Ekurhuleni MM,Moloreng,9/8/2025,Negative,Negative,
CST-WGS-25-1179,Gauteng,Ekurhuleni MM,Namane Drive,9/8/2025,Positive,Negative,
CST-WGS-25-1180,Gauteng,Ekurhuleni MM,Tembisa Hospital East and West,9/8/2025,Negative,Negative,
CST-WGS-25-1181,Gauteng,Ekurhuleni MM,Tembisa Hospital Downstream,9/8/2025,Positive,Negative,
CST-WGS-25-1182,Gauteng,Ekurhuleni MM,Tembisa Mall,9/8/2025,Negative,Negative,
CST-WGS-25-1183,Gauteng,Ekurhuleni MM,Midstream,9/8/2025,Negative,Negative,
CST-WGS-25-1184,Gauteng,Ekurhuleni MM,Olifantsfontein,9/8/2025,Positive,Positive,
CST-WGS-25-1185,Gauteng,Ekurhuleni MM,OR Tambo International Airport,9/8/2025,Negative,Negative,
CST-WGS-25-1186,Gauteng,Tshwane MM,Daspoort Wastewater Treatment Works,9/9/2025,Negative,Negative,
CST-WGS-25-1187,Gauteng,Tshwane MM,SAPS Training College,9/9/2025,Negative,Negative,
CST-WGS-25-1188,Gauteng,Tshwane MM,Kalafong Hospital,9/9/2025,Negative,Negative,
CST-WGS-25-1189,Gauteng,Tshwane MM,Atteridgeville Train Station,9/9/2025,Negative,Negative,
CST-WGS-25-1190,Gauteng,Tshwane MM,Laudium,9/9/2025,Positive,Negative,
CST-WGS-25-1191,Gauteng,Tshwane MM,Groenkloof,9/9/2025,Negative,Negative,
CST-WGS-25-1192,Gauteng,Johannesburg MM,Bushkoppies Inlet,9/10/2025,Negative,Negative,
CST-WGS-25-1193,Gauteng,Johannesburg MM,Bushkoppies Final,9/10/2025,Negative,Negative,
CST-WGS-25-1194,Gauteng,Johannesburg MM,Motsoaledi,9/10/2025,Negative,Negative,
CST-WGS-25-1195,Gauteng,Johannesburg MM,Klipsruit Yard (Before tunnel),9/10/2025,Negative,Negative,
CST-WGS-25-1196,Gauteng,Johannesburg MM,Klipspruit Veggies (After tunnel),9/10/2025,Positive,Negative,
CST-WGS-25-1197,Gauteng,Johannesburg MM,Chris Hani Baragwanath Hospital,9/10/2025,Negative,Negative,
CST-WGS-25-1198,Gauteng,Ekurhuleni MM,Sasol Garage,9/11/2025,Negative,Negative,
CST-WGS-25-1199,Gauteng,Ekurhuleni MM,Moloreng,9/11/2025,Positive,Positive,
CST-WGS-25-1200,Gauteng,Ekurhuleni MM,Namane Drive,9/11/2025,Negative,Negative,
CST-WGS-25-1201,Gauteng,Ekurhuleni MM,Tembisa Hospital East and West,9/11/2025,Positive,Negative,
CST-WGS-25-1202,Gauteng,Ekurhuleni MM,Tembisa Hospital Downstream,9/11/2025,Positive,Positive,
CST-WGS-25-1203,Gauteng,Ekurhuleni MM,Tembisa Mall,9/11/2025,Positive,Negative,
CST-WGS-25-1204,Gauteng,Ekurhuleni MM,Midstream,9/11/2025,Negative,Negative,
CST-WGS-25-1205,Gauteng,Ekurhuleni MM,Olifantsfontein,9/11/2025,Positive,Positive,
CST-WGS-25-1206,Gauteng,Ekurhuleni MM,OR Tambo International Airport,9/11/2025,Negative,Negative,
CST-WGS-25-1207,Gauteng,Tshwane MM,Daspoort Wastewater Treatment Works,9/12/2025,Positive,Negative,
CST-WGS-25-1208,Gauteng,Tshwane MM,SAPS Training College,9/12/2025,Negative,Negative,
CST-WGS-25-1209,Gauteng,Tshwane MM,Kalafong Hospital,9/12/2025,Negative,Negative,
CST-WGS-25-1210,Gauteng,Tshwane MM,Atteridgeville Train Station,9/12/2025,Negative,Negative,
CST-WGS-25-1211,Gauteng,Tshwane MM,Vergenoeg,9/12/2025,Negative,Negative,
CST-WGS-25-1212,Gauteng,Tshwane MM,Laudium,9/12/2025,Positive,Negative,
CST-WGS-25-1213,Gauteng,Tshwane MM,Groenkloof,9/12/2025,Negative,Negative,
CST-WGS-25-1214,Gauteng,Ekurhuleni MM,Sasol Garage,9/15/2025,Positive,Negative,
CST-WGS-25-1215,Gauteng,Ekurhuleni MM,Moloreng,9/15/2025,Positive,Negative,
CST-WGS-25-1216,Gauteng,Ekurhuleni MM,Namane Drive,9/15/2025,Positive,Negative,
CST-WGS-25-1217,Gauteng,Ekurhuleni MM,Tembisa Hospital East and West,9/15/2025,Negative,Negative,
CST-WGS-25-1218,Gauteng,Ekurhuleni MM,Tembisa Hospital Downstream,9/15/2025,Positive,Positive,
CST-WGS-25-1219,Gauteng,Ekurhuleni MM,Tembisa Mall,9/15/2025,Negative,Negative,
CST-WGS-25-1220,Gauteng,Ekurhuleni MM,Midstream,9/15/2025,Positive,Negative,
CST-WGS-25-1221,Gauteng,Ekurhuleni MM,Olifantsfontein,9/15/2025,Negative,Positive,
CST-WGS-25-1222,Gauteng,Ekurhuleni MM,OR Tambo International Airport,9/15/2025,Negative,Negative,
CST-WGS-25-1223,Gauteng,Tshwane MM,Daspoort Wastewater Treatment Works,9/16/2025,Negative,Negative,
CST-WGS-25-1224,Gauteng,Tshwane MM,SAPS Training College,9/16/2025,Negative,Negative,
CST-WGS-25-1225,Gauteng,Tshwane MM,Kalafong Hospital,9/16/2025,Negative,Negative,
CST-WGS-25-1226,Gauteng,Tshwane MM,Atteridgeville Train Station,9/16/2025,Positive,Negative,
CST-WGS-25-1227,Gauteng,Tshwane MM,Vergenoeg,9/16/2025,Negative,Negative,
CST-WGS-25-1228,Gauteng,Tshwane MM,Laudium,9/16/2025,Positive,Negative,
CST-WGS-25-1229,Gauteng,Tshwane MM,Groenkloof,9/16/2025,Negative,Negative,
CST-WGS-25-1230,Gauteng,Johannesburg MM,Bushkoppies Inlet,9/17/2025,Negative,Negative,
CST-WGS-25-1231,Gauteng,Johannesburg MM,Bushkoppies Final,9/17/2025,Negative,Negative,
CST-WGS-25-1232,Gauteng,Johannesburg MM,Klipsruit Yard (Before tunnel),9/17/2025,Negative,Negative,
CST-WGS-25-1233,Gauteng,Johannesburg MM,Klipspruit Veggies (After tunnel),9/17/2025,Negative,Negative,
CST-WGS-25-1234,Gauteng,Johannesburg MM,Motsoaledi,9/17/2025,Negative,Negative,
CST-WGS-25-1235,Gauteng,Johannesburg MM,Chris Hani Baragwanath Hospital,9/17/2025,Negative,Negative,
CST-WGS-25-1236,Gauteng,Ekurhuleni MM,Sasol Garage,9/18/2025,Negative,Negative,
CST-WGS-25-1237,Gauteng,Ekurhuleni MM,Moloreng,9/18/2025,Negative,Negative,
CST-WGS-25-1238,Gauteng,Ekurhuleni MM,Namane Drive,9/18/2025,Positive,Negative,
CST-WGS-25-1239,Gauteng,Ekurhuleni MM,Tembisa Hospital East and West,9/18/2025,Negative,Negative,
CST-WGS-25-1240,Gauteng,Ekurhuleni MM,Tembisa Hospital Downstream,9/18/2025,Positive,Negative,
CST-WGS-25-1241,Gauteng,Ekurhuleni MM,Tembisa Mall,9/18/2025,Negative,Negative,
CST-WGS-25-1242,Gauteng,Ekurhuleni MM,Midstream,9/18/2025,Negative,Negative,
CST-WGS-25-1243,Gauteng,Ekurhuleni MM,Olifantsfontein,9/18/2025,Positive,Negative,
CST-WGS-25-1244,Gauteng,Ekurhuleni MM,OR Tambo International Airport,9/18/2025,Negative,Negative,
CST-WGS-25-1245,Gauteng,Tshwane MM,Daspoort Wastewater Treatment Works,9/19/2025,Negative,Negative,
CST-WGS-25-1246,Gauteng,Tshwane MM,SAPS Training College,9/18/2025,Negative,Negative,
CST-WGS-25-1247,Gauteng,Tshwane MM,Kalafong Hospital,9/19/2025,Positive,Negative,
CST-WGS-25-1248,Gauteng,Tshwane MM,Atteridgeville Train Station,9/19/2025,Negative,Negative,
CST-WGS-25-1249,Gauteng,Tshwane MM,Vergenoeg,,Positive,Negative,
CST-WGS-25-1250,Gauteng,Tshwane MM,Laudium,9/19/2025,Negative,Negative,
CST-WGS-25-1251,Gauteng,Tshwane MM,Groenkloof,9/19/2025,Negative,Negative,
CST-WGS-25-1252,Gauteng,Ekurhuleni MM,Sasol Garage,9/22/2025,Negative,Negative,
CST-WGS-25-1253,Gauteng,Ekurhuleni MM,Moloreng,9/22/2025,Negative,Negative,
CST-WGS-25-1254,Gauteng,Ekurhuleni MM,Namane Drive,9/22/2025,Negative,Negative,
CST-WGS-25-1255,Gauteng,Ekurhuleni MM,Tembisa Hospital Downstream,9/22/2025,Positive,Positive,
CST-WGS-25-1256,Gauteng,Ekurhuleni MM,Tembisa Hospital Downstream,9/22/2025,Negative,Negative,
CST-WGS-25-1257,Gauteng,Ekurhuleni MM,Tembisa Mall,9/22/2025,Negative,Negative,
CST-WGS-25-1258,Gauteng,Ekurhuleni MM,Midstream,,Negative,Negative,
CST-WGS-25-1259,Gauteng,Tshwane MM,Vergenoeg,11/21/2025,Negative,Negative,
CST-WGS-25-1260,Gauteng,Ekurhuleni MM,OR Tambo International Airport,9/22/2025,Negative,Negative,
CST-WGS-25-1261,Gauteng,Tshwane MM,Daspoort Wastewater Treatment Works,9/23/2025,Positive,Negative,
CST-WGS-25-1262,Gauteng,Tshwane MM,SAPS Training College,9/23/2025,Positive,Negative,
CST-WGS-25-1263,Gauteng,Tshwane MM,Kalafong Hospital,9/23/2025,Negative,Negative,
CST-WGS-25-1264,Gauteng,Tshwane MM,Atteridgeville Train Station,9/23/2025,Negative,Positive,
CST-WGS-25-1265,Gauteng,Tshwane MM,Vergenoeg,9/23/2025,Negative,Negative,
CST-WGS-25-1266,Gauteng,Tshwane MM,Laudium,9/23/2025,Negative,Positive,
CST-WGS-25-1267,Gauteng,Tshwane MM,Groenkloof,9/23/2025,Negative,Negative,
CST-WGS-25-1268,Gauteng,Ekurhuleni MM,Sasol Garage,9/25/2025,Negative,Negative,
CST-WGS-25-1269,Gauteng,Ekurhuleni MM,Moloreng,9/25/2025,Negative,Positive,
CST-WGS-25-1270,Gauteng,Ekurhuleni MM,Namane Drive,9/25/2025,Negative,Negative,
CST-WGS-25-1271,Gauteng,Ekurhuleni MM,Tembisa Hospital East and West,9/25/2025,Negative,Negative,
CST-WGS-25-1272,Gauteng,Ekurhuleni MM,Tembisa Hospital Downstream,9/25/2025,Negative,Positive,
CST-WGS-25-1273,Gauteng,Ekurhuleni MM,Tembisa Mall,9/25/2025,Negative,Negative,
CST-WGS-25-1274,Gauteng,Ekurhuleni MM,Midstream,9/25/2025,Negative,Negative,
CST-WGS-25-1275,Gauteng,Ekurhuleni MM,Olifantsfontein,9/25/2025,Negative,Negative,
CST-WGS-25-1276,Gauteng,Ekurhuleni MM,OR Tambo International Airport,9/25/2025,Negative,Negative,
CST-WGS-25-1277,Gauteng,Tshwane MM,Daspoort Wastewater Treatment Works,9/26/2025,Negative,Negative,
CST-WGS-25-1278,Gauteng,Tshwane MM,SAPS Training College,9/26/2025,Negative,Negative,
CST-WGS-25-1279,Gauteng,Tshwane MM,Kalafong Hospital,9/26/2025,Positive,Negative,
CST-WGS-25-1280,Gauteng,Tshwane MM,Atteridgeville Train Station,9/26/2025,Positive,Negative,
CST-WGS-25-1281,Gauteng,Tshwane MM,Vergenoeg,9/26/2025,Negative,Negative,
CST-WGS-25-1282,Gauteng,Tshwane MM,Laudium,9/26/2025,Negative,Negative,
CST-WGS-25-1283,Gauteng,Tshwane MM,Groenkloof,9/26/2025,Negative,Positive,
CST-WGS-25-1284,Gauteng,Ekurhuleni MM,Sasol Garage,9/29/2025,Negative,Negative,
CST-WGS-25-1285,Gauteng,Ekurhuleni MM,Moloreng,9/29/2025,Negative,Positive,
CST-WGS-25-1286,Gauteng,Ekurhuleni MM,Namane Drive,9/29/2025,Negative,Negative,
CST-WGS-25-1287,Gauteng,Ekurhuleni MM,Tembisa Hospital East and West,9/29/2025,Negative,Negative,
CST-WGS-25-1288,Gauteng,Ekurhuleni MM,Tembisa Hospital Downstream,9/29/2025,Positive,Positive,
CST-WGS-25-1289,Gauteng,Ekurhuleni MM,Tembisa Mall,9/29/2025,Negative,Negative,
CST-WGS-25-1290,Gauteng,Ekurhuleni MM,Midstream,9/29/2025,Negative,Negative,
CST-WGS-25-1291,,,,,Negative,Negative,
CST-WGS-25-1293,Gauteng,Tshwane MM,Daspoort Wastewater Treatment Works,9/30/2025,Negative,Negative,
CST-WGS-25-1294,Gauteng,Tshwane MM,SAPS Training College,9/30/2025,Negative,Negative,
CST-WGS-25-1295,Gauteng,Tshwane MM,Kalafong Hospital,9/30/2025,Negative,Negative,
CST-WGS-25-1296,Gauteng,Tshwane MM,Atteridgeville Train Station,9/30/2025,Negative,Negative,
CST-WGS-25-1297,Gauteng,Tshwane MM,Vergenoeg,9/30/2025,Negative,Negative,
CST-WGS-25-1298,Gauteng,Tshwane MM,Laudium,9/30/2025,Negative,Negative,
CST-WGS-25-1299,Gauteng,Tshwane MM,Groenkloof,9/30/2025,Negative,Negative,
CST-WGS-25-1300,Gauteng,Johannesburg MM,Bushkoppies Inlet,10/1/2025,Negative,Negative,
CST-WGS-25-1301,Gauteng,Johannesburg MM,Bushkoppies Final,10/1/2025,Negative,Negative,
CST-WGS-25-1302,Gauteng,Johannesburg MM,Motsoaledi,10/1/2025,Negative,Negative,
CST-WGS-25-1303,Gauteng,Johannesburg MM,Klipsruit Yard (Before tunnel),10/1/2025,Negative,Negative,
CST-WGS-25-1304,Gauteng,Johannesburg MM,Klipspruit Veggies (After tunnel),10/1/2025,Negative,Negative,
CST-WGS-25-1305,Gauteng,Johannesburg MM,Chris Hani Baragwanath Hospital,10/1/2025,Negative,Negative,
CST-WGS-25-1306,Gauteng,Ekurhuleni MM,Sasol Garage,10/2/2025,Negative,Negative,
CST-WGS-25-1307,Gauteng,Ekurhuleni MM,Moloreng,10/2/2025,Negative,Positive,
CST-WGS-25-1308,Gauteng,Ekurhuleni MM,Namane Drive,10/2/2025,Positive,Negative,
CST-WGS-25-1309,Gauteng,Ekurhuleni MM,Tembisa Hospital East and West,10/2/2025,Negative,Negative,
CST-WGS-25-1310,Gauteng,Ekurhuleni MM,Tembisa Hospital Downstream,10/2/2025,Positive,Negative,
CST-WGS-25-1311,Gauteng,Ekurhuleni MM,Tembisa Mall,10/2/2025,Negative,Negative,
CST-WGS-25-1312,Gauteng,Ekurhuleni MM,Midstream,10/2/2025,Positive,Positive,
CST-WGS-25-1313,Gauteng,Ekurhuleni MM,Olifantsfontein,10/2/2025,Positive,Positive,
CST-WGS-25-1314,Gauteng,Tshwane MM,Daspoort Wastewater Treatment Works,10/3/2025,Negative,Negative,
CST-WGS-25-1315,Gauteng,Tshwane MM,SAPS Training College,10/3/2025,Negative,Negative,
CST-WGS-25-1316,Gauteng,Tshwane MM,Kalafong Hospital,10/3/2025,Negative,Negative,
CST-WGS-25-1317,Gauteng,Tshwane MM,Atteridgeville Train Station,10/3/2025,Negative,Negative,
CST-WGS-25-1318,Gauteng,Tshwane MM,Vergenoeg,10/3/2025,Negative,Negative,
CST-WGS-25-1319,Gauteng,Tshwane MM,Laudium,10/3/2025,Positive,Positive,
CST-WGS-25-1320,Gauteng,Tshwane MM,Groenkloof,10/3/2025,Negative,Negative,
CST-WGS-25-1321,Gauteng,Ekurhuleni MM,Sasol Garage,10/6/2025,Negative,Negative,
CST-WGS-25-1322,Gauteng,Ekurhuleni MM,Moloreng,10/6/2025,Negative,Negative,
CST-WGS-25-1323,Gauteng,Ekurhuleni MM,Namane Drive,10/6/2025,Negative,Negative,
CST-WGS-25-1324,Gauteng,Ekurhuleni MM,Tembisa Hospital East and West,10/6/2025,Negative,Negative,
CST-WGS-25-1325,Gauteng,Ekurhuleni MM,Tembisa Hospital Downstream,10/6/2025,Positive,Negative,
CST-WGS-25-1326,Gauteng,Ekurhuleni MM,Tembisa Mall,10/6/2025,Negative,Negative,
CST-WGS-25-1327,Gauteng,Ekurhuleni MM,Midstream,10/6/2025,Negative,Negative,
CST-WGS-25-1328,Gauteng,Ekurhuleni MM,Olifantsfontein,10/6/2025,Positive,Negative,
CST-WGS-25-1329,Gauteng,Tshwane MM,Daspoort Wastewater Treatment Works,10/7/2025,Positive,Negative,
CST-WGS-25-1330,Gauteng,Tshwane MM,SAPS Training College,10/7/2025,Negative,Negative,
CST-WGS-25-1331,Gauteng,Tshwane MM,Kalafong Hospital,10/7/2025,Negative,Negative,
CST-WGS-25-1332,Gauteng,Ekurhuleni MM,Atteridgeville Train Station,10/7/2025,Negative,Negative,
CST-WGS-25-1333,Gauteng,Tshwane MM,Vergenoeg,10/7/2025,Negative,Positive,
CST-WGS-25-1334,Gauteng,Tshwane MM,Laudium,10/7/2025,Positive,Negative,
CST-WGS-25-1335,Gauteng,Tshwane MM,Groenkloof,10/7/2025,Negative,Negative,
CST-WGS-25-1336,Gauteng,Johannesburg MM,Bushkoppies Inlet,10/8/2025,Negative,Positive,
CST-WGS-25-1337,Gauteng,Johannesburg MM,Bushkoppies Final,10/8/2025,Negative,Positive,
CST-WGS-25-1338,Gauteng,Johannesburg MM,Motsoaledi,10/8/2025,Negative,Negative,
CST-WGS-25-1339,Gauteng,Johannesburg MM,Klipsruit Yard (Before tunnel),10/8/2025,Negative,Negative,
CST-WGS-25-1340,Gauteng,Johannesburg MM,Klipspruit Veggies (After tunnel),10/8/2025,Negative,Negative,
CST-WGS-25-1341,Gauteng,Johannesburg MM,Chris Hani Baragwanath Hospital,10/8/2025,Negative,Negative,
CST-WGS-25-1342,Gauteng,Ekurhuleni MM,Sasol Garage,10/9/2025,Positive,Negative,
CST-WGS-25-1343,Gauteng,Ekurhuleni MM,Namane Drive,10/9/2025,Negative,Negative,
CST-WGS-25-1344,Gauteng,Ekurhuleni MM,Tembisa Hospital East and West,10/9/2025,Negative,Negative,
CST-WGS-25-1345,Gauteng,Ekurhuleni MM,Tembisa Hospital Downstream,10/9/2025,Negative,Negative,
CST-WGS-25-1346,Gauteng,Ekurhuleni MM,Tembisa Mall,10/9/2025,Negative,Negative,
CST-WGS-25-1347,Gauteng,Ekurhuleni MM,Midstream,10/9/2025,Positive,Positive,
CST-WGS-25-1348,Gauteng,Ekurhuleni MM,Olifantsfontein,10/9/2025,Positive,Positive,
CST-WGS-25-1349,Gauteng,Tshwane MM,Daspoort Wastewater Treatment Works,10/10/2025,Positive,Positive,
CST-WGS-25-1350,Gauteng,Tshwane MM,SAPS Training College,10/10/2025,Negative,Negative,
CST-WGS-25-1351,Gauteng,Tshwane MM,Kalafong Hospital,10/10/2025,Negative,Negative,
CST-WGS-25-1352,Gauteng,Tshwane MM,Atteridgeville Train Station,10/10/2025,Negative,Negative,
CST-WGS-25-1353,Gauteng,Tshwane MM,Vergenoeg,10/10/2025,Negative,Negative,
CST-WGS-25-1354,Gauteng,Tshwane MM,Laudium,10/10/2025,Negative,Negative,
CST-WGS-25-1355,Gauteng,Tshwane MM,Groenkloof,10/10/2025,Negative,Negative,
CST-WGS-25-1356,Gauteng,Ekurhuleni MM,Sasol Garage,10/13/2025,Positive,Negative,
CST-WGS-25-1357,Gauteng,Ekurhuleni MM,Moloreng,10/13/2025,Negative,Negative,
CST-WGS-25-1358,Gauteng,Ekurhuleni MM,Namane Drive,10/13/2025,Negative,Negative,
CST-WGS-25-1359,Gauteng,Ekurhuleni MM,Tembisa Hospital East and West,10/13/2025,Negative,Negative,
CST-WGS-25-1360,Gauteng,Ekurhuleni MM,Tembisa Mall,10/13/2025,Negative,Negative,
CST-WGS-25-1361,Gauteng,Ekurhuleni MM,Midstream,10/13/2025,Positive,Negative,
CST-WGS-25-1362,Gauteng,Ekurhuleni MM,Olifantsfontein,10/13/2025,Positive,Positive,
CST-WGS-25-1363,Gauteng,Tshwane MM,Daspoort Wastewater Treatment Works,10/14/2025,Positive,Positive,
CST-WGS-25-1364,Gauteng,Tshwane MM,SAPS Training College,10/14/2025,Positive,Positive,
CST-WGS-25-1365,Gauteng,Tshwane MM,Kalafong Hospital,10/14/2025,Negative,Negative,
CST-WGS-25-1366,Gauteng,Tshwane MM,Atteridgeville Train Station,10/14/2025,Negative,Negative,
CST-WGS-25-1367,Gauteng,Tshwane MM,Vergenoeg,10/14/2025,Negative,Negative,
CST-WGS-25-1368,Gauteng,Tshwane MM,Laudium,10/14/2025,Negative,Negative,
CST-WGS-25-1369,Gauteng,Tshwane MM,Groenkloof,10/14/2025,Negative,Negative,
CST-WGS-25-1370,Gauteng,Johannesburg MM,Bushkoppies Inlet,10/15/2025,Negative,Negative,
CST-WGS-25-1371,Gauteng,Johannesburg MM,Bushkoppies Final,10/15/2025,Negative,Negative,
CST-WGS-25-1372,Gauteng,Johannesburg MM,Klipspruit Veggies (After tunnel),10/15/2025,Negative,Positive,
CST-WGS-25-1373,Gauteng,Johannesburg MM,Klipspruit Veggies (After tunnel),10/15/2025,Negative,Negative,
CST-WGS-25-1374,Gauteng,Johannesburg MM,Motsoaledi,10/15/2025,Negative,Negative,
CST-WGS-25-1375,Gauteng,Johannesburg MM,Chris Hani Baragwanath Hospital,10/15/2025,Negative,Negative,
CST-WGS-25-1376,Gauteng,Ekurhuleni MM,Sasol Garage,10/16/2025,Negative,Negative,
CST-WGS-25-1377,Gauteng,Ekurhuleni MM,Namane Drive,10/16/2025,Negative,Negative,
CST-WGS-25-1378,Gauteng,Ekurhuleni MM,Tembisa Hospital East and West,10/16/2025,Negative,Negative,
CST-WGS-25-1379,Gauteng,Ekurhuleni MM,Tembisa Hospital Downstream,10/16/2025,Positive,Negative,
CST-WGS-25-1380,Gauteng,Ekurhuleni MM,Tembisa Mall,10/16/2025,Positive,Negative,
CST-WGS-25-1381,Gauteng,Ekurhuleni MM,Midstream,10/16/2025,Positive,Positive,
CST-WGS-25-1382,Gauteng,Ekurhuleni MM,Olifantsfontein,10/16/2025,Negative,Negative,
CST-WGS-25-1383,Gauteng,Tshwane MM,Daspoort Wastewater Treatment Works,10/17/2025,Negative,Negative,
CST-WGS-25-1384,Gauteng,Tshwane MM,SAPS Training College,10/17/2025,Positive,Positive,
CST-WGS-25-1385,Gauteng,Tshwane MM,Kalafong Hospital,10/17/2025,Positive,Positive,
CST-WGS-25-1386,Gauteng,Tshwane MM,Atteridgeville Train Station,10/17/2025,Negative,Positive,
CST-WGS-25-1387,Gauteng,Tshwane MM,Vergenoeg,10/17/2025,Negative,Negative,
CST-WGS-25-1388,Gauteng,Tshwane MM,Laudium,10/17/2025,Negative,Negative,
CST-WGS-25-1389,Gauteng,Tshwane MM,Laudium,10/17/2025,Negative,Negative,
CST-WGS-25-1390,Gauteng,Ekurhuleni MM,Sasol Garage,10/20/2025,Negative,Negative,
CST-WGS-25-1391,Gauteng,Ekurhuleni MM,Moloreng,10/20/2025,Negative,Negative,
CST-WGS-25-1392,Gauteng,Ekurhuleni MM,Namane Drive,10/20/2025,Positive,Negative,
CST-WGS-25-1393,Gauteng,Ekurhuleni MM,Tembisa Hospital East and West,10/20/2025,Positive,Negative,
CST-WGS-25-1394,Gauteng,Ekurhuleni MM,Tembisa Mall,10/20/2025,Negative,Negative,
CST-WGS-25-1395,Gauteng,Ekurhuleni MM,Midstream,10/20/2025,Negative,Negative,
CST-WGS-25-1396,Gauteng,Ekurhuleni MM,Olifantsfontein,10/20/2025,Positive,Positive,
CST-WGS-25-1397,Gauteng,Tshwane MM,Daspoort Wastewater Treatment Works,10/21/2025,Positive,Positive,
CST-WGS-25-1398,Gauteng,Tshwane MM,SAPS Training College,10/21/2025,Negative,Negative,
CST-WGS-25-1399,Gauteng,Tshwane MM,Kalafong Hospital,10/21/2025,Negative,Positive,
CST-WGS-25-1400,Gauteng,Tshwane MM,Bloemspruit Wastewater Treatment Works,10/21/2025,Negative,Negative,
CST-WGS-25-1401,Gauteng,Tshwane MM,Vergenoeg,10/21/2025,Negative,Negative,
CST-WGS-25-1402,Gauteng,Tshwane MM,Laudium,10/21/2025,Negative,Negative,
CST-WGS-25-1403,Gauteng,Tshwane MM,Groenkloof,10/21/2025,Negative,Negative,
CST-WGS-25-1404,Gauteng,Johannesburg MM,Bushkoppies Inlet,10/22/2025,Negative,Positive,
CST-WGS-25-1405,Gauteng,Johannesburg MM,Bushkoppies Final,10/22/2025,Positive,Positive,
CST-WGS-25-1406,Gauteng,Johannesburg MM,Motsoaledi,10/22/2025,Negative,Negative,
CST-WGS-25-1407,Gauteng,Johannesburg MM,Klipsruit Yard (Before tunnel),10/22/2025,Positive,Negative,
CST-WGS-25-1408,Gauteng,Johannesburg MM,Klipspruit Veggies (After tunnel),10/22/2025,Negative,Negative,
CST-WGS-25-1409,Gauteng,Johannesburg MM,Chris Hani Baragwanath Hospital,10/22/2025,Negative,Negative,
CST-WGS-25-1410,Gauteng,Ekurhuleni MM,Sasol Garage,10/23/2025,Negative,Negative,
CST-WGS-25-1411,Gauteng,Ekurhuleni MM,Namane Drive,10/23/2025,Positive,Negative,
CST-WGS-25-1412,Gauteng,Ekurhuleni MM,Tembisa Hospital East and West,10/23/2025,Negative,Negative,
CST-WGS-25-1413,Gauteng,Ekurhuleni MM,Tembisa Hospital Downstream,10/23/2025,Negative,Negative,
CST-WGS-25-1414,Gauteng,Ekurhuleni MM,Tembisa Mall,10/23/2025,Positive,Positive,
CST-WGS-25-1415,Gauteng,Ekurhuleni MM,Midstream,10/23/2025,Negative,Positive,
CST-WGS-25-1416,Gauteng,Ekurhuleni MM,Olifantsfontein,10/23/2025,Negative,Negative,
CST-WGS-25-1417,Gauteng,Ekurhuleni MM,Olifantsfontein,10/23/2025,Negative,Negative,
CST-WGS-25-1418,Gauteng,Tshwane MM,Daspoort Wastewater Treatment Works,10/24/2025,Negative,Negative,
CST-WGS-25-1419,Gauteng,Tshwane MM,SAPS Training College,10/24/2025,Negative,Negative,
CST-WGS-25-1420,Gauteng,Tshwane MM,Kalafong Hospital,10/24/2025,Negative,Negative,
CST-WGS-25-1421,Gauteng,Tshwane MM,Atteridgeville Train Station,10/24/2025,Negative,Negative,
CST-WGS-25-1422,Gauteng,Tshwane MM,Vergenoeg,10/24/2025,Negative,Negative,
CST-WGS-25-1423,Gauteng,Tshwane MM,Laudium,10/24/2025,Positive,Negative,
CST-WGS-25-1424,Gauteng,Tshwane MM,Groenkloof,10/24/2025,Positive,Positive,
CST-WGS-25-1425,Gauteng,Ekurhuleni MM,Sasol Garage,10/27/2025,Negative,Negative,
CST-WGS-25-1426,Gauteng,Ekurhuleni MM,Moloreng,10/27/2025,Negative,Positive,
CST-WGS-25-1427,Gauteng,Ekurhuleni MM,Namane Drive,10/27/2025,Negative,Negative,
CST-WGS-25-1428,Gauteng,Ekurhuleni MM,Tembisa Hospital East and West,10/27/2025,Negative,Negative,
CST-WGS-25-1429,Gauteng,Ekurhuleni MM,Tembisa Hospital Downstream,10/27/2025,Negative,Negative,
CST-WGS-25-1430,Gauteng,Ekurhuleni MM,Tembisa Mall,10/28/2025,Negative,Negative,
CST-WGS-25-1431,Gauteng,Ekurhuleni MM,Midstream,10/27/2025,Negative,Negative,
CST-WGS-25-1432,Gauteng,Ekurhuleni MM,Olifantsfontein,10/28/2025,Negative,Negative,
CST-WGS-25-1433,Gauteng,Tshwane MM,Daspoort Wastewater Treatment Works,10/28/2025,Negative,Negative,
CST-WGS-25-1434,Gauteng,Tshwane MM,SAPS Training College,10/28/2025,Negative,Negative,
CST-WGS-25-1435,Gauteng,Tshwane MM,Kalafong Hospital,10/28/2025,Negative,Negative,
CST-WGS-25-1436,Gauteng,Tshwane MM,Atteridgeville Train Station,10/28/2025,Negative,Negative,
CST-WGS-25-1437,Gauteng,Johannesburg MM,Bushkoppies Inlet,10/29/2025,Negative,Negative,
CST-WGS-25-1438,Gauteng,Johannesburg MM,Bushkoppies Final,10/29/2025,Negative,Negative,
CST-WGS-25-1439,Gauteng,Ekurhuleni MM,Sasol Garage,10/30/2025,Negative,Negative,
CST-WGS-25-1440,Gauteng,Ekurhuleni MM,Moloreng,10/30/2025,Positive,Negative,
CST-WGS-25-1441,Gauteng,Ekurhuleni MM,Namane Drive,10/30/2025,Negative,Negative,
CST-WGS-25-1442,Gauteng,Ekurhuleni MM,Tembisa Hospital East and West,10/30/2025,Negative,Negative,
CST-WGS-25-1443,Gauteng,Ekurhuleni MM,Tembisa Hospital Downstream,10/30/2025,Negative,Negative,
CST-WGS-25-1444,Gauteng,Ekurhuleni MM,Tembisa Mall,10/30/2025,Negative,Negative,
CST-WGS-25-1445,Gauteng,Ekurhuleni MM,Midstream,10/30/2025,Positive,Positive,
CST-WGS-25-1446,Gauteng,Ekurhuleni MM,Olifantsfontein,10/30/2025,Positive,Positive,
CST-WGS-25-1447,Gauteng,Tshwane MM,Daspoort Wastewater Treatment Works,10/31/2025,Negative,Negative,
CST-WGS-25-1448,Gauteng,Tshwane MM,SAPS Training College,10/31/2025,Negative,Negative,
CST-WGS-25-1449,Gauteng,Tshwane MM,Kalafong Hospital,10/31/2025,Negative,Negative,
CST-WGS-25-1450,Gauteng,Tshwane MM,Atteridgeville Train Station,10/31/2025,Negative,Negative,
CST-WGS-25-1451,Gauteng,Tshwane MM,Vergenoeg,10/31/2025,Negative,Negative,
CST-WGS-25-1452,Gauteng,Tshwane MM,Laudium,10/31/2025,Positive,Negative,
CST-WGS-25-1453,Gauteng,Tshwane MM,Groenkloof,10/31/2025,Negative,Negative,
CST-WGS-25-1454,Gauteng,Ekurhuleni MM,Sasol Garage,11/3/2025,Negative,Negative,
CST-WGS-25-1455,Gauteng,Ekurhuleni MM,Namane Drive,11/3/2025,Negative,Negative,
CST-WGS-25-1456,Gauteng,Ekurhuleni MM,Tembisa Hospital East and West,11/3/2025,Negative,Negative,
CST-WGS-25-1457,Gauteng,Ekurhuleni MM,Tembisa Hospital Downstream,11/3/2025,Positive,Positive,
CST-WGS-25-1458,Gauteng,Ekurhuleni MM,Tembisa Mall,11/3/2025,Negative,Negative,
CST-WGS-25-1459,Gauteng,Ekurhuleni MM,Midstream,11/3/2025,Positive,Positive,
CST-WGS-25-1460,Gauteng,Ekurhuleni MM,Olifantsfontein,11/3/2025,Positive,Positive,
CST-WGS-25-1461,Gauteng,Tshwane MM,Daspoort Wastewater Treatment Works,11/4/2025,Negative,Positive,
CST-WGS-25-1462,Gauteng,Tshwane MM,SAPS Training College,11/4/2025,Negative,Negative,
CST-WGS-25-1463,Gauteng,Tshwane MM,Kalafong Hospital,11/4/2025,Negative,Negative,
CST-WGS-25-1464,Gauteng,Tshwane MM,Atteridgeville Train Station,11/4/2025,Negative,Negative,
CST-WGS-25-1465,Gauteng,Tshwane MM,Vergenoeg,11/4/2025,Negative,Negative,
CST-WGS-25-1466,Gauteng,Tshwane MM,Laudium,11/4/2025,Negative,Negative,
CST-WGS-25-1467,Gauteng,Tshwane MM,Groenkloof,11/4/2025,Negative,Negative,
CST-WGS-25-1468,Gauteng,Johannesburg MM,Bushkoppies Inlet,11/5/2025,Negative,Negative,
CST-WGS-25-1469,Gauteng,Johannesburg MM,Bushkoppies Final,11/5/2025,Negative,Negative,
CST-WGS-25-1470,Gauteng,Johannesburg MM,Motsoaledi,11/5/2025,Positive,Negative,
CST-WGS-25-1471,Gauteng,Johannesburg MM,Chris Hani Baragwanath Hospital,11/5/2025,Negative,Negative,
CST-WGS-25-1472,Gauteng,Johannesburg MM,Klipsruit Yard (Before tunnel),11/5/2025,Negative,Negative,
CST-WGS-25-1473,Gauteng,Johannesburg MM,Klipspruit Veggies (After tunnel),11/5/2025,Positive,Negative,
CST-WGS-25-1474,Gauteng,Ekurhuleni MM,Sasol Garage,11/6/2025,Negative,Negative,
CST-WGS-25-1475,Gauteng,Ekurhuleni MM,Moloreng,11/6/2025,Negative,Negative,
CST-WGS-25-1476,Gauteng,Ekurhuleni MM,Namane Drive,11/6/2025,Negative,Negative,
CST-WGS-25-1477,Gauteng,Ekurhuleni MM,Tembisa Hospital East and West,11/6/2025,Negative,Negative,
CST-WGS-25-1478,Gauteng,Ekurhuleni MM,Tembisa Hospital Downstream,11/6/2025,Positive,Positive,
CST-WGS-25-1479,Gauteng,Ekurhuleni MM,Tembisa Mall,11/6/2025,Negative,Negative,
CST-WGS-25-1480,Gauteng,Ekurhuleni MM,Midstream,11/6/2025,Positive,Positive,
CST-WGS-25-1481,Gauteng,Ekurhuleni MM,Olifantsfontein,11/6/2025,Positive,Negative,
CST-WGS-25-1482,Gauteng,Tshwane MM,Daspoort Wastewater Treatment Works,11/7/2025,Negative,Negative,
CST-WGS-25-1483,Gauteng,Tshwane MM,SAPS Training College,11/7/2025,Negative,Negative,
CST-WGS-25-1484,Gauteng,Tshwane MM,Kalafong Hospital,11/7/2025,Negative,Negative,
CST-WGS-25-1485,Gauteng,Tshwane MM,Atteridgeville Train Station,11/7/2025,Negative,Negative,
CST-WGS-25-1486,Gauteng,Tshwane MM,Vergenoeg,11/7/2025,Negative,Negative,
CST-WGS-25-1487,Gauteng,Tshwane MM,Laudium,11/7/2025,Positive,Negative,
CST-WGS-25-1488,Gauteng,Tshwane MM,Groenkloof,11/7/2025,Negative,Negative,
CST-WGS-25-1489,Gauteng,Ekurhuleni MM,Sasol Garage,11/10/2025,Negative,Negative,
CST-WGS-25-1490,Gauteng,Ekurhuleni MM,Moloreng,11/10/2025,Negative,Negative,
CST-WGS-25-1491,Gauteng,Ekurhuleni MM,Namane Drive,11/10/2025,Positive,Negative,
CST-WGS-25-1492,Gauteng,Ekurhuleni MM,Tembisa Hospital East and West,11/10/2025,Negative,Negative,
CST-WGS-25-1493,Gauteng,Ekurhuleni MM,Tembisa Hospital Downstream,11/10/2025,Positive,Negative,
CST-WGS-25-1494,Gauteng,Ekurhuleni MM,Tembisa Mall,11/10/2025,Negative,Negative,
CST-WGS-25-1495,Gauteng,Ekurhuleni MM,Midstream,11/10/2025,Negative,Positive,
CST-WGS-25-1496,Gauteng,Ekurhuleni MM,Olifantsfontein,11/10/2025,Positive,Positive,
CST-WGS-25-1497,Gauteng,Tshwane MM,Daspoort Wastewater Treatment Works,11/11/2025,Negative,Negative,
CST-WGS-25-1498,Gauteng,Tshwane MM,SAPS Training College,11/11/2025,Negative,Negative,
CST-WGS-25-1499,Gauteng,Tshwane MM,Kalafong Hospital,11/11/2025,Negative,Negative,
CST-WGS-25-1500,Gauteng,Tshwane MM,Atteridgeville Train Station,11/11/2025,Negative,Negative,
CST-WGS-25-1501,Gauteng,Tshwane MM,Vergenoeg,11/11/2025,Negative,Negative,
CST-WGS-25-1502,Gauteng,Tshwane MM,Laudium,11/11/2025,Negative,Negative,
CST-WGS-25-1503,Gauteng,Tshwane MM,Groenkloof,11/11/2025,Negative,Negative,
CST-WGS-25-1504,Gauteng,Johannesburg MM,Bushkoppies Inlet,11/12/2025,Positive,Negative,
CST-WGS-25-1505,Gauteng,Johannesburg MM,Bushkoppies Final,11/12/2025,Negative,Negative,
CST-WGS-25-1506,Gauteng,Johannesburg MM,Klipsruit Yard (Before tunnel),11/12/2025,Negative,Negative,
CST-WGS-25-1507,Gauteng,Johannesburg MM,Klipspruit Veggies (After tunnel),11/12/2025,Positive,Negative,
CST-WGS-25-1508,Gauteng,Johannesburg MM,Motsoaledi,11/12/2025,Negative,Negative,
CST-WGS-25-1509,Gauteng,Johannesburg MM,Chris Hani Baragwanath Hospital,11/12/2025,Negative,Negative,
CST-WGS-25-1510,Gauteng,Ekurhuleni MM,Sasol Garage,11/13/2025,Negative,Negative,
CST-WGS-25-1511,Gauteng,Ekurhuleni MM,Moloreng,11/13/2025,Positive,Negative,
CST-WGS-25-1512,Gauteng,Ekurhuleni MM,Namane Drive,11/13/2025,Negative,Negative,
CST-WGS-25-1513,Gauteng,Ekurhuleni MM,Tembisa Hospital East and West,11/13/2025,Negative,Negative,
CST-WGS-25-1514,Gauteng,Ekurhuleni MM,Tembisa Hospital Downstream,11/13/2025,Positive,Negative,
CST-WGS-25-1515,Gauteng,Ekurhuleni MM,Tembisa Mall,11/13/2025,Negative,Negative,
CST-WGS-25-1516,Gauteng,Ekurhuleni MM,Midstream,11/13/2025,Positive,Positive,
CST-WGS-25-1517,Gauteng,Ekurhuleni MM,Olifantsfontein,11/13/2025,Positive,Negative,
CST-WGS-25-1518,Gauteng,Tshwane MM,Daspoort Wastewater Treatment Works,11/14/2025,Negative,Negative,
CST-WGS-25-1519,Gauteng,Tshwane MM,SAPS Training College,11/14/2025,Negative,Negative,
CST-WGS-25-1520,Gauteng,Tshwane MM,Kalafong Hospital,11/14/2025,Negative,Negative,
CST-WGS-25-1521,Gauteng,Tshwane MM,Atteridgeville Train Station,11/14/2025,Negative,Negative,
CST-WGS-25-1522,Gauteng,Tshwane MM,Vergenoeg,11/14/2025,Negative,Negative,
CST-WGS-25-1523,Gauteng,Tshwane MM,Laudium,11/14/2025,Negative,Negative,
CST-WGS-25-1524,Gauteng,Tshwane MM,Groenkloof,11/14/2025,Negative,Negative,
CST-WGS-25-1525,Gauteng,Ekurhuleni MM,Sasol Garage,11/17/2025,Negative,Negative,
CST-WGS-25-1526,Gauteng,Ekurhuleni MM,Moloreng,11/17/2025,Positive,Negative,
CST-WGS-25-1527,Gauteng,Ekurhuleni MM,Namane Drive,11/17/2025,Positive,Negative,
CST-WGS-25-1528,Gauteng,Ekurhuleni MM,Tembisa Hospital East and West,11/17/2025,Negative,Negative,
CST-WGS-25-1529,Gauteng,Ekurhuleni MM,Tembisa Hospital Downstream,11/17/2025,Negative,Negative,
CST-WGS-25-1530,Gauteng,Ekurhuleni MM,Tembisa Mall,11/17/2025,Negative,Negative,
CST-WGS-25-1531,Gauteng,Ekurhuleni MM,Midstream,11/17/2025,Negative,Negative,
CST-WGS-25-1532,Gauteng,Ekurhuleni MM,Olifantsfontein,11/17/2025,Negative,Negative,
CST-WGS-25-1533,Gauteng,Tshwane MM,Daspoort Wastewater Treatment Works,11/18/2025,Negative,Negative,
CST-WGS-25-1534,Gauteng,Tshwane MM,SAPS Training College,11/18/2025,Negative,Negative,
CST-WGS-25-1535,Gauteng,Tshwane MM,Kalafong Hospital,11/18/2025,Negative,Negative,
CST-WGS-25-1536,Gauteng,Tshwane MM,Atteridgeville Train Station,11/25/2025,Negative,Negative,
CST-WGS-25-1537,Gauteng,Tshwane MM,Vergenoeg,11/18/2025,Negative,Negative,
CST-WGS-25-1538,,,,,Negative,Negative,
CST-WGS-25-1539,,,,,Negative,Negative,
CST-WGS-25-1540,Gauteng,Johannesburg MM,Bushkoppies Inlet,11/20/2025,Negative,Negative,
CST-WGS-25-1541,Gauteng,Johannesburg MM,Bushkoppies Final,11/19/2025,Negative,Negative,
CST-WGS-25-1542,Gauteng,Johannesburg MM,Motsoaledi,11/19/2025,Negative,Negative,
CST-WGS-25-1543,Gauteng,Johannesburg MM,Chris Hani Baragwanath Hospital,11/19/2025,Failed,Failed,
CST-WGS-25-1544,Gauteng,Johannesburg MM,Klipsruit Yard (Before tunnel),11/19/2025,Negative,Negative,
CST-WGS-25-1545,Gauteng,Johannesburg MM,Klipspruit Veggies (After tunnel),11/19/2025,Positive,Negative,
CST-WGS-25-1546,,,,,Positive,Negative,
CST-WGS-25-1547,,,,,Negative,Negative,
CST-WGS-25-1548,,,,,Positive,Negative,
CST-WGS-25-1549,,,,,Negative,Negative,
CST-WGS-25-1550,,,,,Positive,Positive,
CST-WGS-25-1551,,,,,Negative,Positive,
CST-WGS-25-1552,,,,,Positive,Positive,
CST-WGS-25-1553,,,,,Positive,Positive,
CST-WGS-25-1554,Gauteng,Tshwane MM,Daspoort Wastewater Treatment Works,11/21/2025,Negative,Positive,
CST-WGS-25-1555,Gauteng,Tshwane MM,SAPS Training College,11/21/2025,Negative,Negative,
CST-WGS-25-1556,Gauteng,Tshwane MM,Kalafong Hospital,11/21/2025,Negative,Negative,
CST-WGS-25-1557,Gauteng,Tshwane MM,Atteridgeville Train Station,11/21/2025,Negative,Negative,
CST-WGS-25-1558,Gauteng,Tshwane MM,Vergenoeg,11/21/2025,Negative,Negative,
CST-WGS-25-1559,Gauteng,Tshwane MM,Laudium,11/21/2025,Negative,Negative,
CST-WGS-25-1560,Gauteng,Tshwane MM,Groenkloof,11/21/2025,Negative,Negative,
CST-WGS-25-1561,Gauteng,Ekurhuleni MM,Sasol Garage,11/24/2025,Negative,Negative,
CST-WGS-25-1562,Gauteng,Ekurhuleni MM,Moloreng,11/24/2025,Positive,Negative,
CST-WGS-25-1563,Gauteng,Ekurhuleni MM,Namane Drive,11/24/2025,Negative,Negative,
CST-WGS-25-1564,Gauteng,Ekurhuleni MM,Tembisa Hospital East and West,11/24/2025,Positive,Negative,
CST-WGS-25-1565,Gauteng,Ekurhuleni MM,Tembisa Hospital Downstream,11/24/2025,Negative,Positive,
CST-WGS-25-1566,Gauteng,Ekurhuleni MM,Tembisa Mall,11/24/2025,Negative,Negative,
CST-WGS-25-1567,Gauteng,Ekurhuleni MM,Midstream,11/24/2025,Negative,Negative,
CST-WGS-25-1568,Gauteng,Ekurhuleni MM,Olifantsfontein,11/24/2025,Positive,Negative,
CST-WGS-25-1569,Gauteng,Tshwane MM,Daspoort Wastewater Treatment Works,11/25/2025,Negative,Negative,
CST-WGS-25-1570,Gauteng,Tshwane MM,SAPS Training College,11/25/2025,Negative,Negative,
CST-WGS-25-1571,Gauteng,Tshwane MM,Kalafong Hospital,11/25/2025,Negative,Negative,
CST-WGS-25-1572,Gauteng,Tshwane MM,Atteridgeville Train Station,11/25/2025,Negative,Negative,
CST-WGS-25-1573,Gauteng,Tshwane MM,Vergenoeg,11/25/2025,Positive,Negative,
CST-WGS-25-1574,Gauteng,Tshwane MM,Laudium,11/25/2025,Negative,Negative,
CST-WGS-25-1575,Gauteng,Tshwane MM,Groenkloof,11/25/2025,Negative,Negative,
CST-WGS-25-1576,Gauteng,Ekurhuleni MM,Sasol Garage,11/26/2025,Positive,Negative,
CST-WGS-25-1577,Gauteng,Ekurhuleni MM,Moloreng,11/26/2025,Negative,Negative,
CST-WGS-25-1578,Gauteng,Ekurhuleni MM,Namane Drive,11/26/2025,Negative,Negative,
CST-WGS-25-1579,Gauteng,Ekurhuleni MM,Tembisa Hospital East and West,11/26/2025,Negative,Negative,
CST-WGS-25-1580,Gauteng,Ekurhuleni MM,Tembisa Hospital Downstream,11/26/2025,Positive,Negative,
CST-WGS-25-1581,Gauteng,Ekurhuleni MM,Tembisa Mall,11/26/2025,Negative,Negative,
CST-WGS-25-1582,Gauteng,Ekurhuleni MM,Midstream,11/26/2025,Positive,Positive,
CST-WGS-25-1583,Gauteng,Ekurhuleni MM,Olifantsfontein,11/26/2025,Positive,Negative,
CST-WGS-25-1584,Gauteng,Johannesburg MM,Chris Hani Baragwanath Hospital,11/27/2025,Negative,Negative,
CST-WGS-25-1585,Gauteng,Johannesburg MM,Klipsruit Yard (Before tunnel),11/27/2025,Negative,Negative,
CST-WGS-25-1586,Gauteng,Johannesburg MM,Klipspruit Veggies (After tunnel),11/27/2025,Negative,Negative,
CST-WGS-25-1587,Gauteng,Johannesburg MM,Motsoaledi,11/27/2025,Negative,Negative,
CST-WGS-25-1588,Gauteng,Johannesburg MM,Bushkoppies Inlet,11/27/2025,Negative,Negative,
CST-WGS-25-1589,Gauteng,Johannesburg MM,Bushkoppies Final,11/27/2025,Negative,Negative,
CST-WGS-25-1590,Gauteng,Tshwane MM,Daspoort Wastewater Treatment Works,11/28/2025,Negative,Negative,
CST-WGS-25-1591,Gauteng,Tshwane MM,SAPS Training College,11/28/2025,Positive,Negative,
CST-WGS-25-1592,Gauteng,Tshwane MM,Kalafong Hospital,11/28/2025,Negative,Negative,
CST-WGS-25-1593,Gauteng,Tshwane MM,Atteridgeville Train Station,11/28/2025,Negative,Negative,
CST-WGS-25-1594,Gauteng,Tshwane MM,Laudium,11/28/2025,Negative,Negative,
CST-WGS-25-1595,Gauteng,Tshwane MM,Groenkloof,11/28/2025,Negative,Negative,
CST-WGS-25-1596,Gauteng,Ekurhuleni MM,Sasol Garage,12/1/2025,Positive,Negative,
CST-WGS-25-1597,Gauteng,Ekurhuleni MM,Moloreng,12/1/2025,Negative,Positive,
CST-WGS-25-1598,Gauteng,Ekurhuleni MM,Namane Drive,12/1/2025,Negative,Negative,
CST-WGS-25-1599,Gauteng,Ekurhuleni MM,Tembisa Hospital East and West,12/1/2025,Negative,Negative,
CST-WGS-25-1600,Gauteng,Ekurhuleni MM,Tembisa Hospital Downstream,12/1/2025,Positive,Positive,
CST-WGS-25-1601,Gauteng,Ekurhuleni MM,Tembisa Mall,12/1/2025,Negative,Negative,
CST-WGS-25-1602,Gauteng,Ekurhuleni MM,Midstream,12/1/2025,Positive,Positive,
CST-WGS-25-1603,Gauteng,Ekurhuleni MM,Olifantsfontein,12/1/2025,Positive,Positive,
CST-WGS-25-1604,Gauteng,Tshwane MM,Daspoort Wastewater Treatment Works,12/2/2025,Positive,Negative,
CST-WGS-25-1605,Gauteng,Tshwane MM,SAPS Training College,12/2/2025,Negative,Negative,
CST-WGS-25-1606,Gauteng,Tshwane MM,Kalafong Hospital,12/2/2025,Positive,Negative,
CST-WGS-25-1607,Gauteng,Tshwane MM,Atteridgeville Train Station,12/2/2025,Positive,Negative,
CST-WGS-25-1608,Gauteng,Tshwane MM,Vergenoeg,12/2/2025,Positive,Negative,
CST-WGS-25-1609,Gauteng,Tshwane MM,Laudium,12/2/2025,Positive,Negative,
CST-WGS-25-1610,Gauteng,Tshwane MM,Groenkloof,12/2/2025,Negative,Positive,
CST-WGS-25-1611,Gauteng,Johannesburg MM,Bushkoppies Inlet,12/3/2025,Positive,Negative,
CST-WGS-25-1612,Gauteng,Johannesburg MM,Bushkoppies Final,12/3/2025,Positive,Negative,
CST-WGS-25-1613,Gauteng,Johannesburg MM,Motsoaledi,12/3/2025,Negative,Negative,
CST-WGS-25-1614,Gauteng,Johannesburg MM,Klipsruit Yard (Before tunnel),12/3/2025,Negative,Negative,
CST-WGS-25-1615,Gauteng,Johannesburg MM,Klipspruit Veggies (After tunnel),12/3/2025,Negative,Negative,
CST-WGS-25-1616,Gauteng,Johannesburg MM,Chris Hani Baragwanath Hospital,12/3/2025,Positive,Negative,
CST-WGS-25-1617,Gauteng,Ekurhuleni MM,Sasol Garage,12/4/2025,Negative,Negative,
CST-WGS-25-1618,Gauteng,Ekurhuleni MM,Moloreng,12/4/2025,Positive,Negative,
CST-WGS-25-1619,Gauteng,Ekurhuleni MM,Namane Drive,12/4/2025,Positive,Negative,
CST-WGS-25-1620,Gauteng,Ekurhuleni MM,Tembisa Hospital East and West,12/4/2025,Negative,Negative,
CST-WGS-25-1621,Gauteng,Ekurhuleni MM,Tembisa Hospital Downstream,12/4/2025,Positive,Negative,
CST-WGS-25-1622,Gauteng,Ekurhuleni MM,Tembisa Mall,12/4/2025,Positive,Negative,
CST-WGS-25-1623,Gauteng,Ekurhuleni MM,Midstream,12/4/2025,Positive,Negative,
CST-WGS-25-1624,Gauteng,Ekurhuleni MM,Olifantsfontein,12/4/2025,Positive,Negative,
CST-WGS-25-1625,Gauteng,Ekurhuleni MM,Sasol Garage,12/8/2025,Positive,Positive,
CST-WGS-25-1626,Gauteng,Ekurhuleni MM,Namane Drive,12/8/2025,Negative,Negative,
CST-WGS-25-1627,Gauteng,Ekurhuleni MM,Tembisa Hospital East and West,12/8/2025,Negative,Negative,
CST-WGS-25-1628,Gauteng,Ekurhuleni MM,Tembisa Hospital Downstream,12/8/2025,Positive,Negative,
CST-WGS-25-1629,Gauteng,Ekurhuleni MM,Tembisa Mall,12/8/2025,Positive,Negative,
CST-WGS-25-1630,Gauteng,Ekurhuleni MM,Midstream,12/8/2025,Positive,Positive,
CST-WGS-25-1631,Gauteng,Ekurhuleni MM,Olifantsfontein,12/8/2025,Positive,Positive,
CST-WGS-25-1632,Gauteng,Tshwane MM,Daspoort Wastewater Treatment Works,12/9/2025,Negative,Negative,
CST-WGS-25-1633,Gauteng,Tshwane MM,SAPS Training College,12/9/2025,Negative,Negative,
CST-WGS-25-1634,Gauteng,Tshwane MM,Kalafong Hospital,12/9/2025,Negative,Negative,
CST-WGS-25-1635,Gauteng,Tshwane MM,Atteridgeville Train Station,12/9/2025,Negative,Negative,
CST-WGS-25-1636,Gauteng,Tshwane MM,Vergenoeg,12/9/2025,Negative,Negative,
CST-WGS-25-1637,Gauteng,Tshwane MM,Laudium,12/9/2025,Negative,Negative,
CST-WGS-25-1638,Gauteng,Tshwane MM,Groenkloof,12/9/2025,Negative,Negative,
CST-WGS-25-1639,Gauteng,Johannesburg MM,Bushkoppies Inlet,12/10/2025,Negative,Negative,
CST-WGS-25-1640,Gauteng,Johannesburg MM,Bushkoppies Final,12/10/2025,Negative,Negative,
CST-WGS-25-1641,Gauteng,Johannesburg MM,Motsoaledi,12/10/2025,Negative,Negative,
CST-WGS-25-1642,Gauteng,Johannesburg MM,Klipsruit Yard (Before tunnel),12/10/2025,Negative,Negative,
CST-WGS-25-1643,Gauteng,Johannesburg MM,Klipspruit Veggies (After tunnel),12/10/2025,Negative,Positive,
CST-WGS-25-1644,Gauteng,Johannesburg MM,Chris Hani Baragwanath Hospital,12/10/2025,Negative,Negative,
CST-WGS-25-1645,Gauteng,Ekurhuleni MM,Sasol Garage,12/11/2025,Negative,Positive,
CST-WGS-25-1646,Gauteng,Ekurhuleni MM,Namane Drive,12/11/2025,Positive,Negative,
CST-WGS-25-1647,Gauteng,Ekurhuleni MM,Tembisa Hospital East and West,12/11/2025,Negative,Negative,
CST-WGS-25-1648,Gauteng,Ekurhuleni MM,Tembisa Hospital Downstream,12/11/2025,Positive,Negative,
CST-WGS-25-1649,Gauteng,Ekurhuleni MM,Tembisa Mall,12/11/2025,Negative,Negative,
CST-WGS-25-1650,Gauteng,Ekurhuleni MM,Tembisa Mall,12/11/2025,Positive,Positive,
CST-WGS-25-1651,Gauteng,Ekurhuleni MM,Midstream,12/11/2025,Positive,Positive,
CST-WGS-25-1652,Gauteng,Tshwane MM,Daspoort Wastewater Treatment Works,12/12/2025,Positive,Negative,
CST-WGS-25-1653,Gauteng,Tshwane MM,SAPS Training College,12/12/2025,Negative,Negative,
CST-WGS-25-1654,Gauteng,Tshwane MM,Kalafong Hospital,12/12/2025,Negative,Positive,
CST-WGS-25-1655,Gauteng,Tshwane MM,Atteridgeville Train Station,12/12/2025,Negative,Negative,
CST-WGS-25-1656,Gauteng,Tshwane MM,Vergenoeg,12/12/2025,Negative,Negative,
CST-WGS-25-1657,Gauteng,Tshwane MM,Laudium,12/12/2025,Negative,Negative,
CST-WGS-25-1658,Gauteng,Tshwane MM,Groenkloof,12/12/2025,Negative,Positive,
CST-WGS-25-1659,Gauteng,Ekurhuleni MM,Sasol Garage,12/15/2025,Negative,Negative,
CST-WGS-25-1660,Gauteng,Ekurhuleni MM,Namane Drive,12/15/2025,Positive,Negative,
CST-WGS-25-1661,Gauteng,Ekurhuleni MM,Tembisa Hospital East and West,12/15/2025,Negative,Negative,
CST-WGS-25-1662,Gauteng,Ekurhuleni MM,Tembisa Hospital Downstream,12/15/2025,Negative,Negative,
CST-WGS-25-1663,Gauteng,Ekurhuleni MM,Tembisa Mall,12/15/2025,Negative,Negative,
CST-WGS-25-1664,Gauteng,Ekurhuleni MM,Midstream,12/15/2025,Positive,Positive,
CST-WGS-25-1665,Gauteng,Ekurhuleni MM,Olifantsfontein,12/15/2025,Positive,Positive,
CST-WGS-25-1666,Gauteng,Johannesburg MM,Bushkoppies Inlet,12/15/2025,Negative,Negative,
CST-WGS-25-1667,Gauteng,Johannesburg MM,Bushkoppies Final,12/17/2025,Negative,Negative,
CST-WGS-25-1668,Gauteng,Johannesburg MM,Motsoaledi,12/17/2025,Negative,Positive,
CST-WGS-25-1669,Gauteng,Johannesburg MM,Klipsruit Yard (Before tunnel),12/17/2025,Positive,Negative,
CST-WGS-25-1670,Gauteng,Johannesburg MM,Klipspruit Veggies (After tunnel),12/17/2025,Negative,Positive,
CST-WGS-25-1671,Gauteng,Johannesburg MM,Chris Hani Baragwanath Hospital,12/17/2025,Positive,Negative,
CST-WGS-25-1672,Gauteng,Ekurhuleni MM,Sasol Garage,12/18/2025,Positive,Positive,
CST-WGS-25-1673,Gauteng,Ekurhuleni MM,Moloreng,12/18/2025,Positive,Negative,
CST-WGS-25-1674,Gauteng,Ekurhuleni MM,Namane Drive,12/17/2025,Negative,Negative,
CST-WGS-25-1675,Gauteng,Ekurhuleni MM,Tembisa Hospital East and West,12/18/2025,Positive,Negative,
CST-WGS-25-1676,Gauteng,Ekurhuleni MM,Tembisa Mall,12/18/2025,Negative,Negative,
CST-WGS-25-1677,Gauteng,Ekurhuleni MM,Midstream,12/18/2025,Positive,Positive,
CST-WGS-25-1678,Gauteng,Ekurhuleni MM,Olifantsfontein,12/18/2025,Positive,Positive,
CST-WGS-25-1679,Gauteng,Tshwane MM,Daspoort Wastewater Treatment Works,12/19/2025,Negative,Negative,
CST-WGS-25-1680,Gauteng,Tshwane MM,SAPS Training College,12/19/2025,Negative,Negative,
CST-WGS-25-1681,Gauteng,Tshwane MM,Kalafong Hospital,12/19/2025,Negative,Negative,
CST-WGS-25-1682,Gauteng,Tshwane MM,Atteridgeville Train Station,12/19/2025,Negative,Negative,
CST-WGS-25-1683,,,,,Negative,Negative,
CST-WGS-25-1684,,,,,Negative,Negative,
CST-WGS-25-1685,,,,,Negative,Negative,
CST-WGS-26-0001,Gauteng,Tshwane MM,Daspoort Wastewater Treatment Works,1/6/2026,Negative,Negative,
CST-WGS-26-0002,Gauteng,Tshwane MM,SAPS Training College,1/6/2026,Negative,Negative,
CST-WGS-26-0003,Gauteng,Tshwane MM,Kalafong Hospital,1/6/2026,Negative,Negative,
CST-WGS-26-0004,Gauteng,Tshwane MM,Atteridgeville Train Station,1/6/2026,Negative,Negative,
CST-WGS-26-0005,Gauteng,Tshwane MM,Vergenoeg,1/6/2026,Negative,Negative,
CST-WGS-26-0006,Gauteng,Tshwane MM,Laudium,1/6/2026,Negative,Negative,
CST-WGS-26-0007,Gauteng,Tshwane MM,Groenkloof,1/6/2026,Negative,Negative,
CST-WGS-26-0008,Gauteng,Johannesburg MM,Bushkoppies Inlet,1/7/2026,Negative,Negative,
CST-WGS-26-0009,Gauteng,Johannesburg MM,Bushkoppies Final,1/7/2026,Positive,Positive,
CST-WGS-26-0010,Gauteng,Johannesburg MM,Motsoaledi,1/7/2026,Negative,Negative,
CST-WGS-26-0011,Gauteng,Johannesburg MM,Klipsruit Yard (Before tunnel),1/7/2026,Negative,Negative,
CST-WGS-26-0012,Gauteng,Johannesburg MM,Klipspruit Veggies (After tunnel),1/7/2026,Positive,Negative,
CST-WGS-26-0013,Gauteng,Johannesburg MM,Chris Hani Baragwanath Hospital,1/7/2026,Negative,Negative,
CST-WGS-26-0014,Gauteng,Ekurhuleni MM,Sasol Garage,1/8/2026,Negative,Positive,
CST-WGS-26-0015,Gauteng,Ekurhuleni MM,Moloreng,1/8/2026,Negative,Negative,
CST-WGS-26-0016,Gauteng,Ekurhuleni MM,Namane Drive,1/8/2026,Negative,Negative,
CST-WGS-26-0017,Gauteng,Ekurhuleni MM,Tembisa Hospital Downstream,1/8/2026,Negative,Negative,
CST-WGS-26-0018,Gauteng,Ekurhuleni MM,Tembisa Hospital Downstream,1/8/2026,Negative,Positive,
CST-WGS-26-0019,Gauteng,Ekurhuleni MM,Tembisa Mall,1/8/2026,Negative,Negative,
CST-WGS-26-0020,Gauteng,Ekurhuleni MM,Midstream,1/8/2026,Positive,Negative,
CST-WGS-26-0021,Gauteng,Ekurhuleni MM,Olifantsfontein,1/8/2026,Positive,Positive,
CST-WGS-26-0022,Gauteng,Tshwane MM,Daspoort Wastewater Treatment Works,1/9/2026,Negative,Negative,
CST-WGS-26-0023,Gauteng,Tshwane MM,SAPS Training College,1/9/2026,Negative,Negative,
CST-WGS-26-0024,Gauteng,Tshwane MM,Kalafong Hospital,1/9/2026,Positive,Negative,
CST-WGS-26-0025,Gauteng,Tshwane MM,Atteridgeville Train Station,1/9/2026,Negative,Negative,
CST-WGS-26-0026,Gauteng,Tshwane MM,Vergenoeg,1/9/2026,Positive,Negative,
CST-WGS-26-0027,Gauteng,Tshwane MM,Laudium,1/9/2026,Positive,Negative,
CST-WGS-26-0028,Gauteng,Tshwane MM,Groenkloof,1/9/2026,Positive,Negative,
CST-WGS-26-0029,Gauteng,Ekurhuleni MM,Sasol Garage,1/12/2026,Positive,Negative,
CST-WGS-26-0030,Gauteng,Ekurhuleni MM,Moloreng,1/12/2026,Negative,Negative,
CST-WGS-26-0031,Gauteng,Ekurhuleni MM,Namane Drive,1/12/2026,Negative,Negative,
CST-WGS-26-0032,Gauteng,Ekurhuleni MM,Tembisa Hospital East and West,1/12/2026,Negative,Negative,
CST-WGS-26-0033,Gauteng,Ekurhuleni MM,Tembisa Mall,1/12/2026,Negative,Positive,
CST-WGS-26-0034,Gauteng,Ekurhuleni MM,Midstream,1/12/2026,Positive,Positive,
CST-WGS-26-0035,Gauteng,Ekurhuleni MM,Olifantsfontein,1/12/2026,Positive,Positive,
CST-WGS-26-0036,Gauteng,Tshwane MM,Daspoort Wastewater Treatment Works,1/13/2026,Positive,Positive,
CST-WGS-26-0037,Gauteng,Tshwane MM,SAPS Training College,1/13/2026,Negative,Negative,
CST-WGS-26-0038,Gauteng,Tshwane MM,Kalafong Hospital,1/13/2026,Negative,Negative,
CST-WGS-26-0039,Gauteng,Tshwane MM,Atteridgeville Train Station,1/13/2026,Negative,Negative,
CST-WGS-26-0040,Gauteng,Tshwane MM,Vergenoeg,1/13/2026,Positive,Negative,
CST-WGS-26-0041,Gauteng,Tshwane MM,Laudium,1/13/2026,Negative,Negative,
CST-WGS-26-0042,Gauteng,Tshwane MM,Groenkloof,1/13/2026,Negative,Negative,
CST-WGS-26-0043,Gauteng,Johannesburg MM,Bushkoppies Inlet,1/14/2026,Negative,Negative,
CST-WGS-26-0044,Gauteng,Johannesburg MM,Bushkoppies Final,1/14/2026,Negative,Negative,
CST-WGS-26-0045,Gauteng,Johannesburg MM,Motsoaledi,1/14/2026,Negative,Negative,
CST-WGS-26-0046,Gauteng,Johannesburg MM,Klipsruit Yard (Before tunnel),1/14/2026,Negative,Negative,
CST-WGS-26-0047,Gauteng,Johannesburg MM,Klipspruit Veggies (After tunnel),1/14/2026,Negative,Negative,
CST-WGS-26-0048,Gauteng,Johannesburg MM,Chris Hani Baragwanath Hospital,1/14/2026,Positive,Negative,
CST-WGS-26-0049,Gauteng,Ekurhuleni MM,Sasol Garage,1/15/2026,Positive,Negative,
CST-WGS-26-0050,Gauteng,Ekurhuleni MM,Moloreng,1/15/2026,Negative,Negative,
CST-WGS-26-0051,Gauteng,Ekurhuleni MM,Namane Drive,1/15/2026,Positive,Negative,
CST-WGS-26-0052,Gauteng,Ekurhuleni MM,Tembisa Hospital East and West,1/15/2026,Negative,Negative,
CST-WGS-26-0053,Gauteng,Ekurhuleni MM,Tembisa Mall,1/15/2026,Positive,Negative,
CST-WGS-26-0054,Gauteng,Ekurhuleni MM,Midstream,1/15/2026,Positive,Positive,
CST-WGS-26-0055,Gauteng,Ekurhuleni MM,Olifantsfontein,1/15/2026,Positive,Positive,
CST-WGS-26-0056,Gauteng,Tshwane MM,Daspoort Wastewater Treatment Works,1/16/2026,Positive,Negative,
CST-WGS-26-0057,Gauteng,Tshwane MM,SAPS Training College,1/16/2026,Negative,Negative,
CST-WGS-26-0058,Gauteng,Tshwane MM,Kalafong Hospital,1/16/2026,Negative,Negative,
CST-WGS-26-0059,Gauteng,Tshwane MM,Atteridgeville Train Station,1/16/2026,Negative,Negative,
CST-WGS-26-0060,Gauteng,Tshwane MM,Vergenoeg,1/16/2026,Negative,Negative,
CST-WGS-26-0061,Gauteng,Tshwane MM,Laudium,1/16/2026,Negative,Negative,
CST-WGS-26-0062,Gauteng,Tshwane MM,Groenkloof,1/16/2026,Negative,Negative,
CST-WGS-26-0063,Gauteng,Ekurhuleni MM,Sasol Garage,1/19/2026,Positive,Negative,
CST-WGS-26-0064,Gauteng,Ekurhuleni MM,Moloreng,1/19/2026,Negative,Positive,
CST-WGS-26-0065,Gauteng,Ekurhuleni MM,Namane Drive,1/19/2026,Positive,Negative,
CST-WGS-26-0066,Gauteng,Ekurhuleni MM,Tembisa Hospital East and West,1/19/2026,Negative,Negative,
CST-WGS-26-0067,Gauteng,Ekurhuleni MM,Tembisa Mall,1/19/2026,Negative,Negative,
CST-WGS-26-0068,Gauteng,Ekurhuleni MM,Midstream,1/19/2026,Positive,Negative,
CST-WGS-26-0069,Gauteng,Ekurhuleni MM,Olifantsfontein,1/19/2026,Positive,Positive,
CST-WGS-26-0070,Gauteng,Tshwane MM,Daspoort Wastewater Treatment Works,1/20/2026,Positive,Negative,
CST-WGS-26-0071,Gauteng,Tshwane MM,SAPS Training College,1/20/2026,Negative,Negative,
CST-WGS-26-0072,Gauteng,Tshwane MM,Kalafong Hospital,1/20/2026,Negative,Negative,
CST-WGS-26-0073,Gauteng,Tshwane MM,Atteridgeville Train Station,1/20/2026,Negative,Negative,
CST-WGS-26-0074,Gauteng,Tshwane MM,Vergenoeg,1/20/2026,Positive,Negative,
CST-WGS-26-0075,Gauteng,Tshwane MM,Laudium,1/20/2026,Positive,Negative,
CST-WGS-26-0076,Gauteng,Tshwane MM,Groenkloof,1/20/2026,Negative,Negative,
CST-WGS-26-0077,Gauteng,Johannesburg MM,Bushkoppies Inlet,1/21/2026,Positive,Negative,
CST-WGS-26-0078,Gauteng,Johannesburg MM,Bushkoppies Final,1/21/2026,Negative,Negative,
CST-WGS-26-0079,Gauteng,Johannesburg MM,Motsoaledi,1/21/2026,Negative,Negative,
CST-WGS-26-0080,Gauteng,Johannesburg MM,Klipsruit Yard (Before tunnel),1/21/2026,Negative,Negative,
CST-WGS-26-0081,Gauteng,Johannesburg MM,Klipspruit Veggies (After tunnel),1/21/2026,Negative,Negative,
CST-WGS-26-0082,Gauteng,Johannesburg MM,Chris Hani Baragwanath Hospital,1/21/2026,Negative,Negative,
CST-WGS-26-0083,Gauteng,Ekurhuleni MM,Sasol Garage,1/22/2026,Negative,Negative,
CST-WGS-26-0084,Gauteng,Ekurhuleni MM,Moloreng,1/22/2026,Negative,Negative,
CST-WGS-26-0085,Gauteng,Ekurhuleni MM,Namane Drive,1/22/2026,Negative,Negative,
CST-WGS-26-0086,Gauteng,Ekurhuleni MM,Tembisa Hospital East and West,1/22/2026,Negative,Negative,
CST-WGS-26-0087,Gauteng,Ekurhuleni MM,Tembisa Hospital Downstream,1/22/2026,Negative,Negative,
CST-WGS-26-0088,Gauteng,Ekurhuleni MM,Tembisa Mall,1/22/2026,Negative,Negative,
CST-WGS-26-0089,Gauteng,Ekurhuleni MM,Midstream,1/22/2026,Negative,Negative,
CST-WGS-26-0090,Gauteng,Ekurhuleni MM,Olifantsfontein,1/22/2026,Negative,Negative,
CST-WGS-26-0091,Gauteng,Tshwane MM,Daspoort Wastewater Treatment Works,1/23/2026,Negative,Negative,
CST-WGS-26-0092,Gauteng,Tshwane MM,SAPS Training College,1/23/2026,Negative,Negative,
CST-WGS-26-0093,Gauteng,Tshwane MM,Kalafong Hospital,1/23/2026,Negative,Negative,
CST-WGS-26-0094,Gauteng,Tshwane MM,Atteridgeville Train Station,1/23/2026,Negative,Negative,
CST-WGS-26-0095,Gauteng,Tshwane MM,Vergenoeg,1/23/2026,Positive,Negative,
CST-WGS-26-0096,Gauteng,Tshwane MM,Laudium,1/23/2026,Negative,Negative,
CST-WGS-26-0097,Gauteng,Tshwane MM,Groenkloof,1/23/2026,Positive,Negative,
CST-WGS-26-0098,Gauteng,Ekurhuleni MM,Sasol Garage,1/26/2026,Negative,Negative,
CST-WGS-26-0099,Gauteng,Ekurhuleni MM,Moloreng,1/26/2026,Negative,Negative,
CST-WGS-26-0100,Gauteng,Ekurhuleni MM,Namane Drive,1/26/2026,Negative,Negative,
CST-WGS-26-0101,Gauteng,Ekurhuleni MM,Tembisa Hospital East and West,1/26/2026,Negative,Negative,
CST-WGS-26-0102,Gauteng,Ekurhuleni MM,Tembisa Hospital Downstream,1/26/2026,Positive,Negative,
CST-WGS-26-0103,Gauteng,Ekurhuleni MM,Tembisa Mall,1/26/2026,Negative,Negative,
CST-WGS-26-0104,Gauteng,Ekurhuleni MM,Midstream,1/26/2026,Positive,Positive,
CST-WGS-26-0105,Gauteng,Ekurhuleni MM,Olifantsfontein,1/26/2026,Positive,Positive,
CST-WGS-26-0106,Gauteng,Tshwane MM,Daspoort Wastewater Treatment Works,1/27/2026,Negative,Negative,
CST-WGS-26-0107,Gauteng,Tshwane MM,SAPS Training College,1/27/2026,Positive,Negative,
CST-WGS-26-0108,Gauteng,Tshwane MM,Kalafong Hospital,1/27/2026,Negative,Negative,
CST-WGS-26-0109,Gauteng,Tshwane MM,Atteridgeville Train Station,1/27/2026,Negative,Negative,
CST-WGS-26-0110,Gauteng,Tshwane MM,Vergenoeg,1/27/2026,Negative,Negative,
CST-WGS-26-0111,Gauteng,Tshwane MM,Laudium,1/27/2026,Negative,Negative,
CST-WGS-26-0112,Gauteng,Tshwane MM,Groenkloof,1/27/2026,Negative,Negative,
CST-WGS-26-0113,Gauteng,Johannesburg MM,Bushkoppies Inlet,1/28/2026,Negative,Negative,
CST-WGS-26-0114,Gauteng,Johannesburg MM,Bushkoppies Final,1/28/2026,Negative,Negative,
CST-WGS-26-0115,Gauteng,Johannesburg MM,Motsoaledi,1/28/2026,Negative,Negative,
CST-WGS-26-0116,Gauteng,Johannesburg MM,Klipsruit Yard (Before tunnel),1/28/2026,Negative,Negative,
CST-WGS-26-0117,Gauteng,Johannesburg MM,Klipspruit Veggies (After tunnel),1/28/2026,Negative,Negative,
CST-WGS-26-0118,Gauteng,Johannesburg MM,Chris Hani Baragwanath Hospital,1/28/2026,Negative,Negative,
CST-WGS-26-0119,Gauteng,Ekurhuleni MM,Sasol Garage,1/29/2026,Positive,Negative,
CST-WGS-26-0120,Gauteng,Ekurhuleni MM,Moloreng,1/29/2026,Positive,Negative,
CST-WGS-26-0121,Gauteng,Ekurhuleni MM,Namane Drive,1/29/2026,Negative,Negative,
CST-WGS-26-0122,Gauteng,Ekurhuleni MM,Tembisa Hospital East and West,1/29/2026,Negative,Negative,
CST-WGS-26-0123,Gauteng,Ekurhuleni MM,Tembisa Hospital Downstream,1/29/2026,Positive,Positive,
CST-WGS-26-0124,Gauteng,Ekurhuleni MM,Tembisa Hospital East and West,1/29/2026,Positive,Negative,
CST-WGS-26-0125,Gauteng,Ekurhuleni MM,Midstream,1/29/2026,Negative,Negative,
CST-WGS-26-0126,Gauteng,Ekurhuleni MM,Olifantsfontein,1/29/2026,Positive,Positive,
CST-WGS-26-0127,Gauteng,Tshwane MM,Daspoort Wastewater Treatment Works,1/30/2026,Negative,Positive,
CST-WGS-26-0128,Gauteng,Tshwane MM,SAPS Training College,1/30/2026,Negative,Negative,
CST-WGS-26-0129,Gauteng,Tshwane MM,Kalafong Hospital,1/30/2026,Negative,Negative,
CST-WGS-26-0130,Gauteng,Tshwane MM,Atteridgeville Train Station,1/30/2026,Negative,Negative,
CST-WGS-26-0131,Gauteng,Tshwane MM,Vergenoeg,1/30/2026,Negative,Negative,
CST-WGS-26-0132,Gauteng,Tshwane MM,Laudium,1/30/2026,Negative,Negative,
CST-WGS-26-0133,Gauteng,Tshwane MM,Groenkloof,1/30/2026,Negative,Negative,
CST-WGS-26-0134,Gauteng,Ekurhuleni MM,Sasol Garage,2/2/2026,Positive,Negative,
CST-WGS-26-0135,Gauteng,Ekurhuleni MM,Moloreng,2/2/2026,Positive,Negative,
CST-WGS-26-0136,Gauteng,Ekurhuleni MM,Namane Drive,2/2/2026,Positive,Negative,
CST-WGS-26-0137,Gauteng,Ekurhuleni MM,Tembisa Hospital East and West,2/2/2026,Negative,Negative,
CST-WGS-26-0138,Gauteng,Ekurhuleni MM,Tembisa Hospital Downstream,2/2/2026,Positive,Negative,
CST-WGS-26-0139,Gauteng,Ekurhuleni MM,Tembisa Mall,2/2/2026,Positive,Positive,
CST-WGS-26-0140,Gauteng,Ekurhuleni MM,Midstream,2/2/2026,Positive,Negative,
CST-WGS-26-0141,Gauteng,Ekurhuleni MM,Olifantsfontein,2/2/2026,Positive,Positive,
CST-WGS-26-0142,Gauteng,Tshwane MM,Daspoort Wastewater Treatment Works,2/3/2026,Negative,Negative,
CST-WGS-26-0143,Gauteng,Tshwane MM,SAPS Training College,2/3/2026,Positive,Negative,
CST-WGS-26-0144,Gauteng,Tshwane MM,Kalafong Hospital,2/3/2026,Negative,Negative,
CST-WGS-26-0145,Gauteng,Tshwane MM,Atteridgeville Train Station,2/3/2026,Positive,Negative,
CST-WGS-26-0146,Gauteng,Tshwane MM,Vergenoeg,2/3/2026,Positive,Positive,
CST-WGS-26-0147,Gauteng,Tshwane MM,Laudium,2/3/2026,Positive,Negative,
CST-WGS-26-0148,Gauteng,Tshwane MM,Groenkloof,2/3/2026,Negative,Negative,
CST-WGS-26-0149,Gauteng,Johannesburg MM,Bushkoppies Inlet,2/4/2026,Positive,Negative,
CST-WGS-26-0150,Gauteng,Johannesburg MM,Bushkoppies Final,2/4/2026,Negative,Negative,
CST-WGS-26-0151,Gauteng,Johannesburg MM,Motsoaledi,2/4/2026,Negative,Negative,
CST-WGS-26-0152,Gauteng,Johannesburg MM,Klipsruit Yard (Before tunnel),2/4/2026,Positive,Negative,
CST-WGS-26-0153,Gauteng,Johannesburg MM,Klipspruit Veggies (After tunnel),2/4/2026,Negative,Negative,
CST-WGS-26-0154,Gauteng,Johannesburg MM,Chris Hani Baragwanath Hospital,2/4/2026,Negative,Negative,
CST-WGS-26-0155,Gauteng,Ekurhuleni MM,Sasol Garage,2/5/2026,Negative,Negative,
CST-WGS-26-0156,Gauteng,Ekurhuleni MM,Moloreng,2/5/2026,Negative,Negative,
CST-WGS-26-0157,Gauteng,Ekurhuleni MM,Namane Drive,2/5/2026,Negative,Negative,
CST-WGS-26-0158,Gauteng,Ekurhuleni MM,Tembisa Hospital East and West,2/5/2026,Negative,Negative,
CST-WGS-26-0159,Gauteng,Ekurhuleni MM,Tembisa Mall,2/5/2026,Negative,Negative,
CST-WGS-26-0160,Gauteng,Ekurhuleni MM,Midstream,2/5/2026,Negative,Negative,
CST-WGS-26-0161,Gauteng,Ekurhuleni MM,Olifantsfontein,2/5/2026,Negative,Negative,
CST-WGS-26-0162,Gauteng,Tshwane MM,Daspoort Wastewater Treatment Works,2/6/2026,Negative,Negative,
CST-WGS-26-0163,Gauteng,Tshwane MM,SAPS Training College,2/6/2026,Positive,Negative,
CST-WGS-26-0164,Gauteng,Tshwane MM,Kalafong Hospital,2/6/2026,Negative,Negative,
CST-WGS-26-0165,Gauteng,Tshwane MM,Atteridgeville Train Station,2/6/2026,Positive,Negative,
CST-WGS-26-0166,Gauteng,Tshwane MM,Vergenoeg,2/6/2026,Negative,Negative,
CST-WGS-26-0167,Gauteng,Tshwane MM,Laudium,2/6/2026,Negative,Negative,
CST-WGS-26-0168,Gauteng,Tshwane MM,Groenkloof,2/6/2026,Negative,Negative,
CST-WGS-26-0169,Gauteng,Ekurhuleni MM,Sasol Garage,2/9/2026,Positive,Negative,
CST-WGS-26-0170,Gauteng,Ekurhuleni MM,Moloreng,2/9/2026,Positive,Negative,
CST-WGS-26-0171,Gauteng,Ekurhuleni MM,Namane Drive,2/9/2026,Positive,Positive,
CST-WGS-26-0172,Gauteng,Ekurhuleni MM,Tembisa Hospital East and West,2/9/2026,Positive,Negative,
CST-WGS-26-0173,Gauteng,Ekurhuleni MM,Tembisa Mall,2/9/2026,Positive,Positive,
CST-WGS-26-0174,Gauteng,Ekurhuleni MM,Midstream,2/9/2026,Positive,Negative,
CST-WGS-26-0175,Gauteng,Ekurhuleni MM,Olifantsfontein,2/9/2026,Negative,Negative,
CST-WGS-26-0176,Gauteng,Tshwane MM,Daspoort Wastewater Treatment Works,2/10/2026,Negative,Negative,
CST-WGS-26-0177,Gauteng,Tshwane MM,SAPS Training College,2/10/2026,Positive,Negative,
CST-WGS-26-0178,Gauteng,Tshwane MM,Kalafong Hospital,2/10/2026,Positive,Negative,
CST-WGS-26-0179,Gauteng,Tshwane MM,Atteridgeville Train Station,2/10/2026,Negative,Negative,
CST-WGS-26-0180,Gauteng,Tshwane MM,Vergenoeg,2/10/2026,Positive,Negative,
CST-WGS-26-0181,Gauteng,Tshwane MM,Laudium,2/10/2026,Positive,Positive,
CST-WGS-26-0182,Gauteng,Tshwane MM,Groenkloof,2/10/2026,Negative,Negative,
CST-WGS-26-0183,Gauteng,Johannesburg MM,Bushkoppies Inlet,2/11/2026,Negative,Negative,
CST-WGS-26-0184,Gauteng,Johannesburg MM,Bushkoppies Final,2/11/2026,Negative,Negative,
CST-WGS-26-0185,Gauteng,Johannesburg MM,Motsoaledi,2/11/2026,Negative,Negative,
CST-WGS-26-0186,Gauteng,Johannesburg MM,Klipsruit Yard (Before tunnel),2/11/2026,Positive,Negative,
CST-WGS-26-0187,Gauteng,Johannesburg MM,Klipspruit Veggies (After tunnel),2/11/2026,Negative,Negative,
CST-WGS-26-0188,Gauteng,Johannesburg MM,Chris Hani Baragwanath Hospital,2/11/2026,Positive,Negative,
CST-WGS-26-0189,Gauteng,Ekurhuleni MM,Sasol Garage,2/12/2026,Negative,Negative,
CST-WGS-26-0190,Gauteng,Ekurhuleni MM,Moloreng,2/12/2026,Negative,Negative,
CST-WGS-26-0191,Gauteng,Ekurhuleni MM,Namane Drive,2/12/2026,Positive,Positive,
CST-WGS-26-0192,Gauteng,Ekurhuleni MM,Tembisa Hospital East and West,2/12/2026,Positive,Positive,
CST-WGS-26-0193,Gauteng,Ekurhuleni MM,Tembisa Mall,2/12/2026,Negative,Negative,
CST-WGS-26-0194,Gauteng,Ekurhuleni MM,Midstream,2/12/2026,Negative,Negative,
CST-WGS-26-0195,Gauteng,Ekurhuleni MM,Olifantsfontein,2/12/2026,Negative,Negative,
CST-WGS-26-0196,Gauteng,Tshwane MM,Daspoort Wastewater Treatment Works,2/13/2026,Negative,Negative,
CST-WGS-26-0197,Gauteng,Tshwane MM,SAPS Training College,2/13/2026,Negative,Negative,
CST-WGS-26-0198,Gauteng,Tshwane MM,Kalafong Hospital,2/13/2026,Negative,Negative,
CST-WGS-26-0199,Gauteng,Tshwane MM,Atteridgeville Train Station,2/13/2026,Negative,Negative,
CST-WGS-26-0200,Gauteng,Tshwane MM,Laudium,2/13/2026,Negative,Negative,
CST-WGS-26-0201,Gauteng,Tshwane MM,Groenkloof,2/13/2026,Positive,Positive,
CST-WGS-26-0202,Gauteng,Ekurhuleni MM,Sasol Garage,2/16/2026,Negative,Negative,
CST-WGS-26-0203,Gauteng,Ekurhuleni MM,Moloreng,2/16/2026,Negative,Negative,
CST-WGS-26-0204,Gauteng,Ekurhuleni MM,Namane Drive,2/16/2026,Negative,Negative,
CST-WGS-26-0205,Gauteng,Ekurhuleni MM,Tembisa Hospital East and West,2/16/2026,Negative,Negative,
CST-WGS-26-0206,Gauteng,Ekurhuleni MM,Tembisa Hospital Downstream,2/16/2026,Negative,Negative,
CST-WGS-26-0207,Gauteng,Ekurhuleni MM,Tembisa Mall,2/16/2026,Positive,Negative,
CST-WGS-26-0208,Gauteng,Ekurhuleni MM,Midstream,2/16/2026,Positive,Negative,
CST-WGS-26-0209,Gauteng,Ekurhuleni MM,Olifantsfontein,2/16/2026,Negative,Positive,
CST-WGS-26-0210,Gauteng,Tshwane MM,Daspoort Wastewater Treatment Works,2/17/2026,Negative,Negative,
CST-WGS-26-0211,Gauteng,Tshwane MM,SAPS Training College,2/17/2026,Positive,Negative,
CST-WGS-26-0212,Gauteng,Tshwane MM,Kalafong Hospital,2/17/2026,Negative,Negative,
CST-WGS-26-0213,Gauteng,Tshwane MM,Atteridgeville Train Station,2/17/2026,Negative,Negative,
CST-WGS-26-0214,Gauteng,Tshwane MM,Vergenoeg,2/17/2026,Positive,Negative,
CST-WGS-26-0215,Gauteng,Tshwane MM,Laudium,2/17/2026,Positive,Negative,
CST-WGS-26-0216,Gauteng,Tshwane MM,Groenkloof,2/17/2026,Positive,Negative,
CST-WGS-26-0217,Gauteng,Johannesburg MM,Bushkoppies Inlet,2/18/2026,Negative,Positive,
CST-WGS-26-0218,Gauteng,Johannesburg MM,Bushkoppies Final,2/18/2026,Negative,Positive,
CST-WGS-26-0219,Gauteng,Johannesburg MM,Motsoaledi,2/18/2026,Negative,Negative,
CST-WGS-26-0220,Gauteng,Johannesburg MM,Klipsruit Yard (Before tunnel),2/18/2026,Negative,Negative,
CST-WGS-26-0221,Gauteng,Johannesburg MM,Klipspruit Veggies (After tunnel),2/18/2026,Negative,Negative,
CST-WGS-26-0222,Gauteng,Johannesburg MM,Chris Hani Baragwanath Hospital,2/18/2026,Negative,Negative,
CST-WGS-26-0223,Gauteng,Ekurhuleni MM,Sasol Garage,2/19/2026,Positive,Negative,
CST-WGS-26-0224,Gauteng,Ekurhuleni MM,Moloreng,2/19/2026,Positive,Negative,
CST-WGS-26-0225,Gauteng,Ekurhuleni MM,Namane Drive,2/19/2026,Negative,Negative,
CST-WGS-26-0226,Gauteng,Ekurhuleni MM,Tembisa Hospital East and West,2/19/2026,Negative,Negative,
CST-WGS-26-0227,Gauteng,Ekurhuleni MM,Tembisa Hospital Downstream,2/19/2026,Negative,Negative,
CST-WGS-26-0228,Gauteng,Ekurhuleni MM,Tembisa Mall,2/19/2026,Negative,Negative,
CST-WGS-26-0229,Gauteng,Ekurhuleni MM,Midstream,2/19/2026,Positive,Positive,
CST-WGS-26-0230,Gauteng,Ekurhuleni MM,Olifantsfontein,2/19/2026,Positive,Positive,
CST-WGS-26-0231,Gauteng,Tshwane MM,Daspoort Wastewater Treatment Works,2/20/2026,Positive,Negative,
CST-WGS-26-0232,Gauteng,Tshwane MM,SAPS Training College,2/20/2026,Negative,Negative,
CST-WGS-26-0233,Gauteng,Tshwane MM,Kalafong Hospital,2/20/2026,Negative,Negative,
CST-WGS-26-0234,Gauteng,Tshwane MM,Atteridgeville Train Station,2/20/2026,Positive,Negative,
CST-WGS-26-0235,Gauteng,Tshwane MM,Vergenoeg,2/20/2026,Negative,Negative,
CST-WGS-26-0236,Gauteng,Tshwane MM,Laudium,2/20/2026,Positive,Negative,
CST-WGS-26-0237,Gauteng,Tshwane MM,Groenkloof,2/20/2026,Negative,Negative,
CST-WGS-26-0238,Gauteng,Tshwane MM,Daspoort Wastewater Treatment Works,2/23/2026,Negative,Positive,
CST-WGS-26-0239,Gauteng,Tshwane MM,SAPS Training College,2/23/2026,Negative,Negative,
CST-WGS-26-0240,Gauteng,Tshwane MM,Kalafong Hospital,2/23/2026,Negative,Negative,
CST-WGS-26-0241,Gauteng,Tshwane MM,Atteridgeville Train Station,2/23/2026,Negative,Negative,
CST-WGS-26-0242,Gauteng,Tshwane MM,Vergenoeg,2/23/2026,Positive,Negative,
CST-WGS-26-0243,Gauteng,Tshwane MM,Laudium,2/23/2026,Positive,Negative,
CST-WGS-26-0244,Gauteng,Tshwane MM,Groenkloof,2/23/2026,Negative,Negative,
CST-WGS-26-0245,Gauteng,Tshwane MM,Daspoort Wastewater Treatment Works,2/24/2026,Negative,Positive,
CST-WGS-26-0246,Gauteng,Tshwane MM,SAPS Training College,2/24/2026,Negative,Negative,
CST-WGS-26-0247,Gauteng,Tshwane MM,Kalafong Hospital,2/24/2026,Negative,Negative,
CST-WGS-26-0248,Gauteng,Tshwane MM,Atteridgeville Train Station,2/24/2026,Negative,Negative,
CST-WGS-26-0249,Gauteng,Tshwane MM,Vergenoeg,2/24/2026,Negative,Negative,
CST-WGS-26-0250,Gauteng,Tshwane MM,Laudium,2/24/2026,Positive,Negative,
CST-WGS-26-0251,Gauteng,Tshwane MM,Groenkloof,2/24/2026,Negative,Negative,
CST-WGS-26-0252,Gauteng,Johannesburg MM,Bushkoppies Inlet,2/25/2026,Positive,Positive,
CST-WGS-26-0253,Gauteng,Johannesburg MM,Bushkoppies Final,2/25/2026,Positive,Positive,
CST-WGS-26-0254,Gauteng,Johannesburg MM,Motsoaledi,2/25/2026,Negative,Negative,
CST-WGS-26-0255,Gauteng,Johannesburg MM,Klipspruit Veggies (After tunnel),2/25/2026,Negative,Negative,
CST-WGS-26-0256,Gauteng,Johannesburg MM,Klipsruit Yard (Before tunnel),2/25/2026,Negative,Positive,
CST-WGS-26-0257,Gauteng,Johannesburg MM,Chris Hani Baragwanath Hospital,2/25/2026,Negative,Negative,
CST-WGS-26-0258,Gauteng,Ekurhuleni MM,Sasol Garage,2/26/2026,Positive,Positive,
CST-WGS-26-0259,Gauteng,Ekurhuleni MM,Moloreng,2/26/2026,Negative,Negative,
CST-WGS-26-0260,Gauteng,Ekurhuleni MM,Namane Drive,2/26/2026,Negative,Negative,
CST-WGS-26-0261,Gauteng,Ekurhuleni MM,Tembisa Hospital East and West,2/26/2026,Negative,Negative,
CST-WGS-26-0262,Gauteng,Ekurhuleni MM,Tembisa Hospital Downstream,2/26/2026,Negative,Negative,
CST-WGS-26-0263,Gauteng,Ekurhuleni MM,Tembisa Mall,2/26/2026,Negative,Negative,
CST-WGS-26-0264,Gauteng,Ekurhuleni MM,Midstream,2/26/2026,Positive,Positive,
CST-WGS-26-0265,Gauteng,Ekurhuleni MM,Olifantsfontein,2/26/2026,Positive,Positive,
CST-WGS-26-0266,Gauteng,Ekurhuleni MM,Sasol Garage,2/27/2026,Positive,Negative,
CST-WGS-26-0267,Gauteng,Ekurhuleni MM,Moloreng,2/27/2026,Positive,Negative,
CST-WGS-26-0268,Gauteng,Ekurhuleni MM,Namane Drive,2/27/2026,Negative,Negative,
CST-WGS-26-0269,Gauteng,Ekurhuleni MM,Tembisa Hospital East and West,2/27/2026,Negative,Negative,
CST-WGS-26-0270,Gauteng,Ekurhuleni MM,Tembisa Hospital Downstream,2/27/2026,Positive,Positive,
CST-WGS-26-0271,Gauteng,Ekurhuleni MM,Tembisa Mall,2/27/2026,Negative,Negative,
CST-WGS-26-0272,Gauteng,Ekurhuleni MM,Midstream,2/27/2026,Negative,Negative,
CST-WGS-26-0273,Gauteng,Ekurhuleni MM,Olifantsfontein,2/27/2026,Positive,Positive,
CST-WGS-26-0274,Gauteng,Ekurhuleni MM,Sasol Garage,3/2/2026,Positive,Negative,
CST-WGS-26-0275,Gauteng,Ekurhuleni MM,Moloreng,3/2/2026,Positive,Positive,
CST-WGS-26-0276,Gauteng,Ekurhuleni MM,Namane Drive,3/2/2026,Negative,Negative,
CST-WGS-26-0277,Gauteng,Ekurhuleni MM,Tembisa Hospital East and West,3/2/2026,Negative,Negative,
CST-WGS-26-0278,Gauteng,Ekurhuleni MM,Tembisa Hospital Downstream,3/2/2026,Negative,Negative,
CST-WGS-26-0279,Gauteng,Ekurhuleni MM,Tembisa Mall,3/2/2026,Negative,Negative,
CST-WGS-26-0280,Gauteng,Ekurhuleni MM,Midstream,3/2/2026,Positive,Negative,
CST-WGS-26-0281,Gauteng,Ekurhuleni MM,Olifantsfontein,3/2/2026,Positive,Negative,
CST-WGS-26-0282,Gauteng,Tshwane MM,Daspoort Wastewater Treatment Works,3/3/2026,Positive,Negative,
CST-WGS-26-0283,Gauteng,Tshwane MM,SAPS Training College,3/3/2026,Negative,Negative,
CST-WGS-26-0284,Gauteng,Tshwane MM,Kalafong Hospital,3/3/2026,Negative,Negative,
CST-WGS-26-0285,Gauteng,Tshwane MM,Atteridgeville Train Station,3/3/2026,Negative,Negative,
CST-WGS-26-0286,Gauteng,Tshwane MM,Vergenoeg,3/3/2026,Negative,Positive,
CST-WGS-26-0287,Gauteng,Tshwane MM,Laudium,3/3/2026,Negative,Negative,
CST-WGS-26-0288,Gauteng,Tshwane MM,Groenkloof,3/3/2026,Negative,Negative,
CST-WGS-26-0289,Gauteng,Johannesburg MM,Bushkoppies Inlet,3/4/2026,Negative,Negative,
CST-WGS-26-0290,Gauteng,Johannesburg MM,Bushkoppies Final,3/4/2026,Positive,Negative,
CST-WGS-26-0291,Gauteng,Johannesburg MM,Motsoaledi,3/4/2026,Negative,Negative,
CST-WGS-26-0292,Gauteng,Johannesburg MM,Klipsruit Yard (Before tunnel),3/4/2026,Positive,Negative,
CST-WGS-26-0293,Gauteng,Johannesburg MM,Klipspruit Veggies (After tunnel),3/4/2026,Negative,Negative,
CST-WGS-26-0294,Gauteng,Johannesburg MM,Chris Hani Baragwanath Hospital,3/4/2026,Negative,Negative,
CST-WGS-26-0295,Gauteng,Tshwane MM,Daspoort Wastewater Treatment Works,3/6/2026,Negative,Positive,
CST-WGS-26-0296,Gauteng,Tshwane MM,SAPS Training College,3/6/2026,Negative,Negative,
CST-WGS-26-0297,Gauteng,Tshwane MM,Kalafong Hospital,3/6/2026,Negative,Negative,
CST-WGS-26-0298,Gauteng,Tshwane MM,Atteridgeville Train Station,3/6/2026,Negative,Negative,
CST-WGS-26-0299,Gauteng,Tshwane MM,Laudium,3/6/2026,Negative,Negative,
CST-WGS-26-0300,Gauteng,Tshwane MM,Groenkloof,3/6/2026,Negative,Negative,
CST-WGS-26-0301,Gauteng,Ekurhuleni MM,Sasol Garage,3/9/2026,Positive,Negative,
CST-WGS-26-0302,Gauteng,Ekurhuleni MM,Moloreng,3/9/2026,Negative,Negative,
CST-WGS-26-0303,Gauteng,Ekurhuleni MM,Namane Drive,3/9/2026,Negative,Negative,
CST-WGS-26-0304,Gauteng,Ekurhuleni MM,Tembisa Hospital East and West,3/9/2026,Positive,Negative,
CST-WGS-26-0305,Gauteng,Ekurhuleni MM,Tembisa Hospital Downstream,3/9/2026,Negative,Positive,
CST-WGS-26-0306,Gauteng,Ekurhuleni MM,Tembisa Mall,3/9/2026,Negative,Negative,
CST-WGS-26-0307,Gauteng,Ekurhuleni MM,Midstream,3/9/2026,Positive,Positive,
CST-WGS-26-0308,Gauteng,Ekurhuleni MM,Olifantsfontein,3/9/2026,Negative,Positive,
CST-WGS-26-0309,Gauteng,Tshwane MM,Daspoort Wastewater Treatment Works,3/10/2026,Positive,Negative,
CST-WGS-26-0310,Gauteng,Tshwane MM,SAPS Training College,3/10/2026,Negative,Negative,
CST-WGS-26-0311,Gauteng,Tshwane MM,Kalafong Hospital,3/10/2026,Negative,Negative,
CST-WGS-26-0312,Gauteng,Tshwane MM,Atteridgeville Train Station,3/10/2026,Positive,Negative,
CST-WGS-26-0313,Gauteng,Tshwane MM,Vergenoeg,3/10/2026,Negative,Negative,
CST-WGS-26-0314,Gauteng,Tshwane MM,Laudium,3/10/2026,Negative,Negative,
CST-WGS-26-0315,Gauteng,Tshwane MM,Groenkloof,3/10/2026,Negative,Negative,
CST-WGS-26-0316,Gauteng,Johannesburg MM,Bushkoppies Inlet,3/11/2026,Negative,Negative,
CST-WGS-26-0317,Gauteng,Johannesburg MM,Bushkoppies Final,3/11/2026,Negative,Negative,
CST-WGS-26-0318,Gauteng,Johannesburg MM,Motsoaledi,3/11/2026,Negative,Negative,
CST-WGS-26-0319,Gauteng,Johannesburg MM,Klipsruit Yard (Before tunnel),3/11/2026,Negative,Negative,
CST-WGS-26-0320,Gauteng,Johannesburg MM,Klipspruit Veggies (After tunnel),3/11/2026,Negative,Negative,
CST-WGS-26-0321,Gauteng,Johannesburg MM,Chris Hani Baragwanath Hospital,3/11/2026,,,
CST-WGS-26-0322,Gauteng,Ekurhuleni MM,Sasol Garage,3/12/2026,,,
CST-WGS-26-0323,Gauteng,Tshwane MM,Daspoort Wastewater Treatment Works,3/13/2026,,,
CST-WGS-26-0324,Gauteng,Tshwane MM,SAPS Training College,3/12/2026,,,
CST-WGS-26-0325,Gauteng,Tshwane MM,Kalafong Hospital,3/12/2026,,,
CST-WGS-26-0326,Gauteng,Tshwane MM,Atteridgeville Train Station,3/12/2026,,,
CST-WGS-26-0327,Gauteng,Tshwane MM,Vergenoeg,3/12/2026,,,
CST-WGS-26-0328,Gauteng,Tshwane MM,Laudium,3/12/2026,,,
CST-WGS-26-0329,Gauteng,Tshwane MM,Groenkloof,3/12/2026,,,
CST-WGS-26-0330,Gauteng,Ekurhuleni MM,Sasol Garage,3/16/2026,,,
CST-WGS-26-0331,Gauteng,Ekurhuleni MM,Moloreng,3/16/2026,,,
CST-WGS-26-0332,Gauteng,Ekurhuleni MM,Namane Drive,3/16/2026,,,
CST-WGS-26-0333,Gauteng,Ekurhuleni MM,Tembisa Hospital East and West,3/16/2026,,,
CST-WGS-26-0334,Gauteng,Ekurhuleni MM,Tembisa Hospital Downstream,3/16/2026,,,
CST-WGS-26-0335,Gauteng,Ekurhuleni MM,Tembisa Mall,3/16/2026,,,
CST-WGS-26-0336,Gauteng,Ekurhuleni MM,Midstream,3/16/2026,,,
CST-WGS-26-0337,Gauteng,Ekurhuleni MM,Olifantsfontein,3/16/2026,,,
CST-WGS-26-0338,Gauteng,Tshwane MM,Daspoort Wastewater Treatment Works,3/17/2026,,,
CST-WGS-26-0339,Gauteng,Tshwane MM,SAPS Training College,3/17/2026,,,
CST-WGS-26-0340,Gauteng,Tshwane MM,Kalafong Hospital,3/17/2026,,,
CST-WGS-26-0341,Gauteng,Tshwane MM,Atteridgeville Train Station,3/17/2026,,,
CST-WGS-26-0342,Gauteng,Tshwane MM,Vergenoeg,3/17/2026,,,
CST-WGS-26-0343,Gauteng,Tshwane MM,Laudium,3/17/2026,,,
CST-WGS-26-0344,Gauteng,Tshwane MM,Groenkloof,3/17/2026,,,
CST-WGS-26-0345,Gauteng,Johannesburg MM,Bushkoppies Inlet,3/18/2026,,,
CST-WGS-26-0346,Gauteng,Johannesburg MM,Bushkoppies Final,3/18/2026,,,
CST-WGS-26-0347,Gauteng,Johannesburg MM,Motsoaledi,3/18/2026,,,
CST-WGS-26-0348,Gauteng,Johannesburg MM,Klipsruit Yard (Before tunnel),3/18/2026,,,
CST-WGS-26-0349,Gauteng,Johannesburg MM,Klipspruit Veggies (After tunnel),3/18/2026,,,
CST-WGS-26-0350,Gauteng,Johannesburg MM,Chris Hani Baragwanath Hospital,3/18/2026,,,
CST-WGS-26-0351,Gauteng,Ekurhuleni MM,Sasol Garage,3/19/2026,,,
CST-WGS-26-0352,Gauteng,Ekurhuleni MM,Moloreng,3/19/2026,,,
CST-WGS-26-0353,Gauteng,Ekurhuleni MM,Namane Drive,3/19/2026,,,
CST-WGS-26-0354,Gauteng,Ekurhuleni MM,Tembisa Hospital East and West,3/19/2026,,,
CST-WGS-26-0355,Gauteng,Ekurhuleni MM,Tembisa Hospital Downstream,3/19/2026,,,
CST-WGS-26-0356,Gauteng,Ekurhuleni MM,Tembisa Mall,3/19/2026,,,
CST-WGS-26-0357,Gauteng,Ekurhuleni MM,Midstream,3/19/2026,,,
CST-WGS-26-0358,Gauteng,Ekurhuleni MM,Olifantsfontein,3/19/2026,,,
CST-WGS-26-0359,Gauteng,Tshwane MM,Daspoort Wastewater Treatment Works,3/20/2026,,,
CST-WGS-26-0360,Gauteng,Tshwane MM,SAPS Training College,3/20/2026,,,
CST-WGS-26-0361,Gauteng,Tshwane MM,Kalafong Hospital,3/20/2026,,,
CST-WGS-26-0362,Gauteng,Tshwane MM,Atteridgeville Train Station,3/20/2026,,,
CST-WGS-26-0363,Gauteng,Tshwane MM,Vergenoeg,3/20/2026,,,
CST-WGS-26-0364,Gauteng,Tshwane MM,Laudium,3/20/2026,,,
CST-WGS-26-0365,Gauteng,Tshwane MM,Groenkloof,3/20/2026,,,
CST-WGS-26-0366,Gauteng,Ekurhuleni MM,Sasol Garage,3/23/2026,,,
CST-WGS-26-0367,Gauteng,Ekurhuleni MM,Moloreng,3/23/2026,,,
CST-WGS-26-0368,Gauteng,Ekurhuleni MM,Namane Drive,3/23/2026,,,
CST-WGS-26-0369,Gauteng,Ekurhuleni MM,Tembisa Hospital East and West,3/23/2026,,,
CST-WGS-26-0370,Gauteng,Ekurhuleni MM,Tembisa Hospital Downstream,3/23/2026,,,
CST-WGS-26-0371,Gauteng,Ekurhuleni MM,Tembisa Mall,3/23/2026,,,
CST-WGS-26-0372,Gauteng,Ekurhuleni MM,Midstream,3/23/2026,,,
CST-WGS-26-0373,Gauteng,Ekurhuleni MM,Olifantsfontein,3/23/2026,,,
CST-WSG-25-0062,Gauteng,Ekurhuleni MM,Olifantsfontein,1/16/2025,Positive,Negative,
CST-WSG-25-0315,Gauteng,Tshwane MM,SAPS Training College,3/7/2025,,,
CST-WSG-25-0318,Gauteng,Tshwane MM,Vergenoeg,3/7/2025,,,
CST-WSG-25-0319,Gauteng,Tshwane MM,Laudium,3/7/2025,,,
CST-WSG-25-0320,Gauteng,Tshwane MM,Groenkloof,3/7/2025,,,
EN-COV-24-2680,KwaZulu-Natal,Umkhanyakude DM,Manguzi Wastewater Treatment Plant,12/11/2024,,,
ENV-COV-20-020,Gauteng,Ekurhuleni MM,Daveyton,7/7/2020,Negative,Negative,
ENV-COV-20-021,Gauteng,Ekurhuleni MM,Olifantsfontein,7/14/2020,Negative,Negative,
ENV-COV-20-022,Gauteng,Ekurhuleni MM,Olifantsfontein,7/14/2020,Negative,Negative,
ENV-COV-20-023,Gauteng,Ekurhuleni MM,ERWAT Vlakplaat Wastewater Treatment Works,7/14/2020,Negative,Negative,
ENV-COV-20-024,Gauteng,Ekurhuleni MM,ERWAT Vlakplaat Wastewater Treatment Works,7/14/2020,Negative,Negative,
ENV-COV-20-025,Gauteng,Ekurhuleni MM,Daveyton,7/14/2020,Negative,Negative,
ENV-COV-20-026,Gauteng,Ekurhuleni MM,Daveyton,7/14/2020,Negative,Negative,
ENV-COV-21-009,Gauteng,Ekurhuleni MM,Olifantsfontein,2/16/2021,Negative,Negative,
ENV-COV-21-010,Gauteng,Ekurhuleni MM,Olifantsfontein,3/2/2021,,,
ENV-COV-21-011,Gauteng,Ekurhuleni MM,Daveyton,3/2/2021,,,
ENV-COV-21-012,Gauteng,Ekurhuleni MM,Olifantsfontein,3/15/2021,,,
ENV-COV-21-013,Gauteng,Ekurhuleni MM,Daveyton,3/15/2021,,,
ENV-COV-21-014,Northern Cape,Namakwa DM,Calvinia  Wastewater Treatment Works,4/7/2021,Negative,Positive,
ENV-COV-21-015,Gauteng,Ekurhuleni MM,Olifantsfontein,4/13/2021,Negative,Negative,
ENV-COV-21-017,Gauteng,Ekurhuleni MM,Olifantsfontein,5/17/2021,Negative,Negative,
ENV-COV-21-018,Gauteng,Ekurhuleni MM,Daveyton,5/17/2021,,,
ENV-COV-21-019,Western Cape,Cape Town MM,Zandvleit Wastewater Treatment Works,5/31/2021,,,
ENV-COV-21-020,KwaZulu-Natal,Ethekwini MM,Northern Wastewater Treatment Works (KZN),5/31/2021,,,
ENV-COV-21-021,KwaZulu-Natal,Ethekwini MM,Central Wastewater Treatment Works (KZN),5/31/2021,Negative,Negative,
ENV-COV-21-022,Gauteng,Tshwane MM,Rooiwal Wastewater Treatment Works,5/31/2021,Negative,Negative,
ENV-COV-21-023,Eastern Cape,Buffalo City MM,Mdantsane Wastewater Treatment Works,6/1/2021,,,
ENV-COV-21-024,Eastern Cape,Buffalo City MM,East Bank Wastewater Treatment Works,6/1/2021,,,
ENV-COV-21-025,Free State,Mangaung MM,Bloemspruit Wastewater Treatment Works,6/1/2021,,,
ENV-COV-21-026,Free State,Mangaung MM,Sterkwater Wastewater Treatment Works,6/1/2021,,,
ENV-COV-21-027,Gauteng,Ekurhuleni MM,Olifantsfontein,6/3/2021,,,
ENV-COV-21-028,Gauteng,Ekurhuleni MM,Daveyton,6/3/2021,,,
ENV-COV-21-029,Gauteng,Ekurhuleni MM,ERWAT Vlakplaat Wastewater Treatment Works,6/7/2021,,,
ENV-COV-21-030,Gauteng,Tshwane MM,Daspoort Wastewater Treatment Works,6/8/2021,,,
ENV-COV-21-031,KwaZulu-Natal,Ethekwini MM,Northern Wastewater Treatment Works (KZN),6/8/2021,,,
ENV-COV-21-032,Gauteng,Ekurhuleni MM,Hartebeesfontein Waterworks,6/8/2021,,,
ENV-COV-21-033,Gauteng,Tshwane MM,Rooiwal Wastewater Treatment Works,6/8/2021,,,
ENV-COV-21-034,Free State,Mangaung MM,Sterkwater Wastewater Treatment Works,6/8/2021,,,
ENV-COV-21-035,Free State,Mangaung MM,Bloemspruit Wastewater Treatment Works,6/8/2021,,,
ENV-COV-21-036,KwaZulu-Natal,Ethekwini MM,Central Wastewater Treatment Works (KZN),6/7/2021,,,
ENV-COV-21-037,Gauteng,Ekurhuleni MM,ERWAT Vlakplaat Wastewater Treatment Works,6/14/2021,,,
ENV-COV-21-038,Gauteng,Johannesburg MM,Goudkoppies Wastewater Treatment Works,6/14/2021,,,
ENV-COV-21-039,Gauteng,Tshwane MM,Rooiwal Wastewater Treatment Works,6/15/2021,,,
ENV-COV-21-040,Gauteng,Ekurhuleni MM,Hartebeesfontein Waterworks,6/15/2021,,,
ENV-COV-21-041,Gauteng,Tshwane MM,Daspoort Wastewater Treatment Works,6/15/2021,,,
ENV-COV-21-042,Western Cape,Cape Town MM,Zandvleit Wastewater Treatment Works,6/14/2021,,,
ENV-COV-21-043,KwaZulu-Natal,Ethekwini MM,Northern Wastewater Treatment Works (KZN),6/14/2021,,,
ENV-COV-21-044,KwaZulu-Natal,Ethekwini MM,Central Wastewater Treatment Works (KZN),6/14/2021,,,
ENV-COV-21-045,Eastern Cape,Buffalo City MM,Mdantsane Wastewater Treatment Works,6/15/2021,,,
ENV-COV-21-046,Eastern Cape,Buffalo City MM,East Bank Wastewater Treatment Works,6/15/2021,,,
ENV-COV-21-047,Western Cape,Cape Town MM,Zandvleit Wastewater Treatment Works,6/21/2021,,,
ENV-COV-21-048,Gauteng,Tshwane MM,Daspoort Wastewater Treatment Works,6/22/2021,,,
ENV-COV-21-049,Gauteng,Ekurhuleni MM,Hartebeesfontein Waterworks,6/22/2021,,,
ENV-COV-21-050,Eastern Cape,Buffalo City MM,East Bank Wastewater Treatment Works,6/22/2021,,,
ENV-COV-21-051,Eastern Cape,Buffalo City MM,Mdantsane Wastewater Treatment Works,6/22/2021,,,
ENV-COV-21-052,Free State,Mangaung MM,Sterkwater Wastewater Treatment Works,6/22/2021,,,
ENV-COV-21-053,Free State,Mangaung MM,Bloemspruit Wastewater Treatment Works,6/22/2021,,,
ENV-COV-21-054,Gauteng,Johannesburg MM,Goudkoppies Wastewater Treatment Works,6/28/2021,,,
ENV-COV-21-055,Gauteng,Tshwane MM,Daspoort Wastewater Treatment Works,6/29/2021,,,
ENV-COV-21-056,Gauteng,Tshwane MM,Rooiwal Wastewater Treatment Works,6/29/2021,,,
ENV-COV-21-057,Gauteng,Ekurhuleni MM,Hartebeesfontein Waterworks,6/29/2021,,,
ENV-COV-21-058,KwaZulu-Natal,Ethekwini MM,Central Wastewater Treatment Works (KZN),6/28/2021,,,
ENV-COV-21-059,KwaZulu-Natal,Ethekwini MM,Northern Wastewater Treatment Works (KZN),6/28/2021,,,
ENV-COV-21-060,Western Cape,Cape Town MM,Zandvleit Wastewater Treatment Works,6/28/2021,,,
ENV-COV-21-061,Free State,Mangaung MM,Sterkwater Wastewater Treatment Works,6/29/2021,,,
ENV-COV-21-062,Free State,Mangaung MM,Bloemspruit Wastewater Treatment Works,6/29/2021,,,
ENV-COV-21-063,Eastern Cape,Buffalo City MM,East Bank Wastewater Treatment Works,6/29/2021,,,
ENV-COV-21-064,Eastern Cape,Buffalo City MM,Mdantsane Wastewater Treatment Works,6/29/2021,,,
ENV-COV-21-065,Gauteng,Ekurhuleni MM,Olifantsfontein,7/1/2021,,,
ENV-COV-21-066,Gauteng,Ekurhuleni MM,Daveyton,6/28/2021,,,
ENV-COV-21-067,Gauteng,Ekurhuleni MM,ERWAT Vlakplaat Wastewater Treatment Works,7/5/2021,,,
ENV-COV-21-068,Gauteng,Johannesburg MM,Goudkoppies Wastewater Treatment Works,7/5/2021,,,
ENV-COV-21-069,Gauteng,Tshwane MM,Rooiwal Wastewater Treatment Works,7/6/2021,,,
ENV-COV-21-070,KwaZulu-Natal,Ethekwini MM,Central Wastewater Treatment Works (KZN),7/5/2021,,,
ENV-COV-21-071,KwaZulu-Natal,Ethekwini MM,Northern Wastewater Treatment Works (KZN),7/5/2021,,,
ENV-COV-21-072,Western Cape,Cape Town MM,Zandvleit Wastewater Treatment Works,7/5/2021,,,
ENV-COV-21-073,Free State,Mangaung MM,Bloemspruit Wastewater Treatment Works,7/6/2021,,,
ENV-COV-21-074,Free State,Mangaung MM,Sterkwater Wastewater Treatment Works,7/6/2021,,,
ENV-COV-21-075,Eastern Cape,Buffalo City MM,East Bank Wastewater Treatment Works,7/6/2021,,,
ENV-COV-21-076,Eastern Cape,Buffalo City MM,Mdantsane Wastewater Treatment Works,7/6/2021,,,
ENV-COV-21-077,Gauteng,Ekurhuleni MM,Hartebeesfontein Waterworks,7/13/2021,,,
ENV-COV-21-078,Gauteng,Tshwane MM,Daspoort Wastewater Treatment Works,7/13/2021,,,
ENV-COV-21-079,Gauteng,Tshwane MM,Rooiwal Wastewater Treatment Works,7/13/2021,,,
ENV-COV-21-080,Free State,Mangaung MM,Sterkwater Wastewater Treatment Works,7/13/2021,,,
ENV-COV-21-081,Free State,Mangaung MM,Bloemspruit Wastewater Treatment Works,7/13/2021,,,
ENV-COV-21-082,Gauteng,Ekurhuleni MM,ERWAT Vlakplaat Wastewater Treatment Works,7/19/2021,,,
ENV-COV-21-083,Gauteng,Johannesburg MM,Goudkoppies Wastewater Treatment Works,7/19/2021,,,
ENV-COV-21-084,Gauteng,Ekurhuleni MM,Hartebeesfontein Waterworks,7/20/2021,,,
ENV-COV-21-085,KwaZulu-Natal,Ethekwini MM,Central Wastewater Treatment Works (KZN),7/19/2021,,,
ENV-COV-21-086,KwaZulu-Natal,Ethekwini MM,Northern Wastewater Treatment Works (KZN),7/18/2021,,,
ENV-COV-21-087,Western Cape,Cape Town MM,Zandvleit Wastewater Treatment Works,7/19/2021,,,
ENV-COV-21-088,Gauteng,Tshwane MM,Rooiwal Wastewater Treatment Works,7/20/2021,,,
ENV-COV-21-089,Gauteng,Tshwane MM,Daspoort Wastewater Treatment Works,7/20/2021,,,
ENV-COV-21-090,Eastern Cape,Buffalo City MM,Mdantsane Wastewater Treatment Works,7/20/2021,,,
ENV-COV-21-091,Eastern Cape,Buffalo City MM,East Bank Wastewater Treatment Works,7/20/2021,,,
ENV-COV-21-092,Gauteng,Ekurhuleni MM,Daveyton,7/20/2021,,,
ENV-COV-21-094,Gauteng,Ekurhuleni MM,Hartebeesfontein Waterworks,7/27/2021,,,
ENV-COV-21-095,Western Cape,Cape Town MM,Zandvleit Wastewater Treatment Works,7/26/2021,,,
ENV-COV-21-096,Gauteng,Tshwane MM,Daspoort Wastewater Treatment Works,7/27/2021,,,
ENV-COV-21-097,Free State,Mangaung MM,Bloemspruit Wastewater Treatment Works,7/27/2021,,,
ENV-COV-21-098,Free State,Mangaung MM,Sterkwater Wastewater Treatment Works,7/27/2021,,,
ENV-COV-21-099,Eastern Cape,Buffalo City MM,East Bank Wastewater Treatment Works,7/27/2021,,,
ENV-COV-21-93,Gauteng,Ekurhuleni MM,Olifantsfontein,7/20/2021,,,
ENV-COV-21-100,Eastern Cape,Buffalo City MM,Mdantsane Wastewater Treatment Works,7/27/2021,,,
ENV-COV-21-101,Gauteng,Johannesburg MM,Goudkoppies Wastewater Treatment Works,8/2/2021,,,
ENV-COV-21-102,Gauteng,Ekurhuleni MM,ERWAT Vlakplaat Wastewater Treatment Works,8/2/2021,,,
ENV-COV-21-103,KwaZulu-Natal,Ethekwini MM,Central Wastewater Treatment Works (KZN),8/2/2021,,,
ENV-COV-21-104,KwaZulu-Natal,Ethekwini MM,Northern Wastewater Treatment Works (KZN),8/2/2021,,,
ENV-COV-21-105,Western Cape,Cape Town MM,Zandvleit Wastewater Treatment Works,8/2/2021,,,
ENV-COV-21-106,Gauteng,Tshwane MM,Rooiwal Wastewater Treatment Works,8/2/2021,,,
ENV-COV-21-107,Eastern Cape,Buffalo City MM,Mdantsane Wastewater Treatment Works,8/2/2021,,,
ENV-COV-21-108,Eastern Cape,Buffalo City MM,East Bank Wastewater Treatment Works,8/2/2021,,,
ENV-COV-21-109,Free State,Mangaung MM,Bloemspruit Wastewater Treatment Works,8/2/2021,,,
ENV-COV-21-110,Free State,Mangaung MM,Sterkwater Wastewater Treatment Works,8/2/2021,,,
ENV-COV-21-111,Gauteng,Ekurhuleni MM,ERWAT Vlakplaat Wastewater Treatment Works,8/10/2021,,,
ENV-COV-21-112,Gauteng,Ekurhuleni MM,Hartebeesfontein Waterworks,8/10/2021,,,
ENV-COV-21-113,Gauteng,Johannesburg MM,Goudkoppies Wastewater Treatment Works,8/10/2021,,,
ENV-COV-21-114,Gauteng,Tshwane MM,Rooiwal Wastewater Treatment Works,8/11/2021,,,
ENV-COV-21-115,Gauteng,Tshwane MM,Daspoort Wastewater Treatment Works,8/11/2021,,,
ENV-COV-21-116,Free State,Mangaung MM,Sterkwater Wastewater Treatment Works,8/11/2021,,,
ENV-COV-21-117,Free State,Mangaung MM,Bloemspruit Wastewater Treatment Works,8/11/2021,,,
ENV-COV-21-118,KwaZulu-Natal,Ethekwini MM,Central Wastewater Treatment Works (KZN),8/11/2021,,,
ENV-COV-21-119,KwaZulu-Natal,Ethekwini MM,Northern Wastewater Treatment Works (KZN),8/11/2021,,,
ENV-COV-21-120,Gauteng,Ekurhuleni MM,Daveyton,8/10/2021,,,
ENV-COV-21-121,Gauteng,Ekurhuleni MM,Olifantsfontein,8/10/2021,,,
ENV-COV-21-124,Gauteng,Johannesburg MM,Goudkoppies Wastewater Treatment Works,8/16/2021,,,
ENV-COV-21-125,Gauteng,Ekurhuleni MM,ERWAT Vlakplaat Wastewater Treatment Works,8/16/2021,,,
ENV-COV-21-126,Gauteng,Ekurhuleni MM,Hartebeesfontein Waterworks,8/16/2021,Negative,Negative,
ENV-COV-21-127,KwaZulu-Natal,Ethekwini MM,Northern Wastewater Treatment Works (KZN),8/16/2021,Negative,Negative,
ENV-COV-21-128,KwaZulu-Natal,Ethekwini MM,Central Wastewater Treatment Works (KZN),8/16/2021,Negative,Negative,
ENV-COV-21-129,Western Cape,Cape Town MM,Zandvleit Wastewater Treatment Works,8/16/2021,Positive,Negative,
ENV-COV-21-130,Gauteng,Tshwane MM,Rooiwal Wastewater Treatment Works,8/16/2021,Negative,Negative,
ENV-COV-21-131,Gauteng,Tshwane MM,Daspoort Wastewater Treatment Works,8/16/2021,Negative,Negative,
ENV-COV-21-132,Eastern Cape,Buffalo City MM,East Bank Wastewater Treatment Works,8/16/2021,Negative,Negative,
ENV-COV-21-133,Eastern Cape,Buffalo City MM,Mdantsane Wastewater Treatment Works,8/16/2021,Negative,Positive,
ENV-COV-21-134,Northern Cape,Namakwa DM,Calvinia  Wastewater Treatment Works,8/18/2021,Negative,Negative,
ENV-COV-21-135,Gauteng,Ekurhuleni MM,Hartebeesfontein Waterworks,8/24/2021,Negative,Negative,
ENV-COV-21-136,Western Cape,Cape Town MM,Zandvleit Wastewater Treatment Works,8/23/2021,Positive,Negative,
ENV-COV-21-137,Gauteng,Tshwane MM,Daspoort Wastewater Treatment Works,8/24/2021,Negative,Negative,
ENV-COV-21-138,Free State,Mangaung MM,Bloemspruit Wastewater Treatment Works,8/24/2021,Negative,Negative,
ENV-COV-21-139,Free State,Mangaung MM,Sterkwater Wastewater Treatment Works,8/24/2021,Negative,Negative,
ENV-COV-21-140,Eastern Cape,Buffalo City MM,Mdantsane Wastewater Treatment Works,8/24/2021,Negative,Negative,
ENV-COV-21-141,Eastern Cape,Buffalo City MM,East Bank Wastewater Treatment Works,8/24/2021,Negative,Positive,
ENV-COV-21-142,Gauteng,Ekurhuleni MM,ERWAT Vlakplaat Wastewater Treatment Works,8/30/2021,Negative,Negative,
ENV-COV-21-143,Gauteng,Johannesburg MM,Goudkoppies Wastewater Treatment Works,8/30/2021,Negative,Negative,
ENV-COV-21-144,Gauteng,Ekurhuleni MM,Hartebeesfontein Waterworks,8/31/2021,Failed,Failed,
ENV-COV-21-145,Gauteng,Tshwane MM,Daspoort Wastewater Treatment Works,8/31/2021,Negative,Negative,
ENV-COV-21-146,Western Cape,Cape Town MM,Zandvleit Wastewater Treatment Works,8/31/2021,Negative,Negative,
ENV-COV-21-147,Gauteng,Tshwane MM,Rooiwal Wastewater Treatment Works,8/31/2021,Negative,Negative,
ENV-COV-21-148,KwaZulu-Natal,Ethekwini MM,Central Wastewater Treatment Works (KZN),8/30/2021,Positive,Negative,
ENV-COV-21-149,KwaZulu-Natal,Ethekwini MM,Northern Wastewater Treatment Works (KZN),8/30/2021,Negative,Negative,
ENV-COV-21-150,Free State,Mangaung MM,Bloemspruit Wastewater Treatment Works,8/30/2021,Negative,Negative,
ENV-COV-21-151,Free State,Mangaung MM,Sterkwater Wastewater Treatment Works,8/30/2021,Negative,Negative,
ENV-COV-21-152,Eastern Cape,Buffalo City MM,East Bank Wastewater Treatment Works,8/30/2021,Negative,Negative,
ENV-COV-21-153,Eastern Cape,Buffalo City MM,Mdantsane Wastewater Treatment Works,8/30/2021,Negative,Positive,
ENV-COV-21-154,Northern Cape,Namakwa DM,Calvinia  Wastewater Treatment Works,8/31/2021,Negative,Negative,
ENV-COV-21-155,Gauteng,Johannesburg MM,Goudkoppies Wastewater Treatment Works,9/6/2021,Negative,Negative,
ENV-COV-21-156,Gauteng,Ekurhuleni MM,ERWAT Vlakplaat Wastewater Treatment Works,9/6/2021,Negative,Negative,
ENV-COV-21-157,KwaZulu-Natal,Ethekwini MM,Central Wastewater Treatment Works (KZN),9/6/2021,Negative,Negative,
ENV-COV-21-158,KwaZulu-Natal,Ethekwini MM,Northern Wastewater Treatment Works (KZN),9/6/2021,Negative,Negative,
ENV-COV-21-159,Western Cape,Cape Town MM,Zandvleit Wastewater Treatment Works,9/6/2021,Positive,Negative,
ENV-COV-21-160,Gauteng,Tshwane MM,Rooiwal Wastewater Treatment Works,9/7/2021,Negative,Negative,
ENV-COV-21-161,Free State,Mangaung MM,Sterkwater Wastewater Treatment Works,9/7/2021,Negative,Negative,
ENV-COV-21-162,Free State,Mangaung MM,Bloemspruit Wastewater Treatment Works,9/7/2021,Negative,Positive,
ENV-COV-21-163,Eastern Cape,Buffalo City MM,East Bank Wastewater Treatment Works,9/7/2021,Negative,Negative,
ENV-COV-21-164,Eastern Cape,Buffalo City MM,Mdantsane Wastewater Treatment Works,9/7/2021,Negative,Positive,
ENV-COV-21-165,Gauteng,Ekurhuleni MM,ERWAT Vlakplaat Wastewater Treatment Works,9/13/2021,Negative,Negative,
ENV-COV-21-166,Gauteng,Johannesburg MM,Goudkoppies Wastewater Treatment Works,9/13/2021,Negative,Negative,
ENV-COV-21-167,KwaZulu-Natal,Ethekwini MM,Central Wastewater Treatment Works (KZN),9/13/2021,Negative,Negative,
ENV-COV-21-168,KwaZulu-Natal,Ethekwini MM,Northern Wastewater Treatment Works (KZN),9/13/2021,Negative,Negative,
ENV-COV-21-169,Gauteng,Tshwane MM,Rooiwal Wastewater Treatment Works,9/14/2021,Negative,Negative,
ENV-COV-21-170,Gauteng,Ekurhuleni MM,Hartebeesfontein Waterworks,9/14/2021,Negative,Negative,
ENV-COV-21-171,Gauteng,Tshwane MM,Daspoort Wastewater Treatment Works,9/14/2021,Negative,Negative,
ENV-COV-21-172,Free State,Mangaung MM,Sterkwater Wastewater Treatment Works,9/14/2021,Positive,Negative,
ENV-COV-21-173,Free State,Mangaung MM,Bloemspruit Wastewater Treatment Works,9/14/2021,Negative,Positive,
ENV-COV-21-174,Northern Cape,Namakwa DM,Calvinia  Wastewater Treatment Works,7/6/2021,,,
ENV-COV-21-175,Northern Cape,Namakwa DM,Calvinia  Wastewater Treatment Works,7/20/2021,,,
ENV-COV-21-176,Northern Cape,Namakwa DM,Calvinia  Wastewater Treatment Works,8/3/2021,,,
ENV-COV-21-177,Gauteng,Ekurhuleni MM,ERWAT Vlakplaat Wastewater Treatment Works,9/20/2021,Negative,Negative,
ENV-COV-21-178,Gauteng,Johannesburg MM,Goudkoppies Wastewater Treatment Works,9/20/2021,Positive,Negative,
ENV-COV-21-179,Gauteng,Ekurhuleni MM,Hartebeesfontein Waterworks,9/21/2021,Negative,Negative,
ENV-COV-21-180,Gauteng,Tshwane MM,Rooiwal Wastewater Treatment Works,9/21/2021,Negative,Negative,
ENV-COV-21-181,Gauteng,Tshwane MM,Daspoort Wastewater Treatment Works,9/21/2021,Negative,Negative,
ENV-COV-21-182,KwaZulu-Natal,Ethekwini MM,Central Wastewater Treatment Works (KZN),9/20/2021,Negative,Negative,
ENV-COV-21-183,KwaZulu-Natal,Ethekwini MM,Northern Wastewater Treatment Works (KZN),9/20/2021,Negative,Negative,
ENV-COV-21-184,Western Cape,Cape Town MM,Zandvleit Wastewater Treatment Works,9/20/2021,Negative,Negative,
ENV-COV-21-185,Eastern Cape,Buffalo City MM,East Bank Wastewater Treatment Works,9/21/2021,Negative,Negative,
ENV-COV-21-186,Eastern Cape,Buffalo City MM,Mdantsane Wastewater Treatment Works,9/21/2021,Positive,Positive,
ENV-COV-21-187,Northern Cape,Namakwa DM,Calvinia  Wastewater Treatment Works,9/21/2021,Negative,Negative,
ENV-COV-21-188,Western Cape,Cape Town MM,Zandvleit Wastewater Treatment Works,9/27/2021,Negative,Negative,
ENV-COV-21-189,Gauteng,Ekurhuleni MM,Hartebeesfontein Waterworks,9/28/2021,Negative,Negative,
ENV-COV-21-190,Gauteng,Tshwane MM,Daspoort Wastewater Treatment Works,9/28/2021,Negative,Negative,
ENV-COV-21-191,Eastern Cape,Buffalo City MM,East Bank Wastewater Treatment Works,9/28/2021,Negative,Negative,
ENV-COV-21-192,Eastern Cape,Buffalo City MM,Mdantsane Wastewater Treatment Works,9/28/2021,Negative,Positive,
ENV-COV-21-193,Free State,Mangaung MM,Bloemspruit Wastewater Treatment Works,9/28/2021,Negative,Positive,
ENV-COV-21-194,Free State,Mangaung MM,Sterkwater Wastewater Treatment Works,9/28/2021,Negative,Negative,
ENV-COV-21-195,Gauteng,Ekurhuleni MM,ERWAT Vlakplaat Wastewater Treatment Works,10/4/2021,Negative,Negative,
ENV-COV-21-196,Gauteng,Johannesburg MM,Goudkoppies Wastewater Treatment Works,10/4/2021,Negative,Positive,
ENV-COV-21-197,Western Cape,Cape Town MM,Zandvleit Wastewater Treatment Works,10/4/2021,Negative,Negative,
ENV-COV-21-198,Gauteng,Tshwane MM,Rooiwal Wastewater Treatment Works,10/5/2021,Negative,Negative,
ENV-COV-21-199,KwaZulu-Natal,Ethekwini MM,Central Wastewater Treatment Works (KZN),10/5/2021,Negative,Negative,
ENV-COV-21-200,KwaZulu-Natal,Ethekwini MM,Northern Wastewater Treatment Works (KZN),10/5/2021,Negative,Negative,
ENV-COV-21-201,Eastern Cape,Buffalo City MM,Mdantsane Wastewater Treatment Works,10/5/2021,Negative,Positive,
ENV-COV-21-202,Eastern Cape,Buffalo City MM,East Bank Wastewater Treatment Works,10/5/2021,Negative,Negative,
ENV-COV-21-203,Free State,Mangaung MM,Sterkwater Wastewater Treatment Works,10/5/2021,Negative,Positive,
ENV-COV-21-204,Free State,Mangaung MM,Bloemspruit Wastewater Treatment Works,10/5/2021,Negative,Negative,
ENV-COV-21-205,Gauteng,Ekurhuleni MM,ERWAT Vlakplaat Wastewater Treatment Works,10/11/2021,Negative,Negative,
ENV-COV-21-206,Gauteng,Johannesburg MM,Goudkoppies Wastewater Treatment Works,10/11/2021,Negative,Negative,
ENV-COV-21-207,Gauteng,Ekurhuleni MM,Hartebeesfontein Waterworks,10/12/2021,Positive,Negative,
ENV-COV-21-208,KwaZulu-Natal,Ethekwini MM,Central Wastewater Treatment Works (KZN),10/11/2021,Negative,Negative,
ENV-COV-21-209,KwaZulu-Natal,Ethekwini MM,Northern Wastewater Treatment Works (KZN),10/11/2021,Positive,Negative,
ENV-COV-21-210,Gauteng,Tshwane MM,Daspoort Wastewater Treatment Works,10/12/2021,Negative,Negative,
ENV-COV-21-211,Gauteng,Tshwane MM,Rooiwal Wastewater Treatment Works,10/12/2021,Negative,Negative,
ENV-COV-21-212,Free State,Mangaung MM,Bloemspruit Wastewater Treatment Works,10/12/2021,Negative,Negative,
ENV-COV-21-213,Free State,Mangaung MM,Sterkwater Wastewater Treatment Works,10/12/2021,Negative,Negative,
ENV-COV-21-216,Northern Cape,Namakwa DM,Calvinia  Wastewater Treatment Works,10/13/2021,Positive,Negative,
ENV-COV-21-217,Gauteng,Ekurhuleni MM,ERWAT Vlakplaat Wastewater Treatment Works,10/18/2021,Negative,Negative,
ENV-COV-21-218,Gauteng,Johannesburg MM,Goudkoppies Wastewater Treatment Works,10/18/2021,,,
ENV-COV-21-219,Gauteng,Tshwane MM,Daspoort Wastewater Treatment Works,10/19/2021,Negative,Negative,
ENV-COV-21-220,Gauteng,Tshwane MM,Rooiwal Wastewater Treatment Works,10/19/2021,,,
ENV-COV-21-221,Gauteng,Ekurhuleni MM,Hartebeesfontein Waterworks,10/19/2021,Positive,Negative,
ENV-COV-21-222,Western Cape,Cape Town MM,Zandvleit Wastewater Treatment Works,10/11/2021,,,
ENV-COV-21-223,KwaZulu-Natal,Ethekwini MM,Northern Wastewater Treatment Works (KZN),10/11/2021,Negative,Negative,
ENV-COV-21-224,KwaZulu-Natal,Ethekwini MM,Central Wastewater Treatment Works (KZN),10/18/2021,Negative,Negative,
ENV-COV-21-225,Eastern Cape,Buffalo City MM,Mdantsane Wastewater Treatment Works,10/18/2021,Positive,Negative,
ENV-COV-21-226,Eastern Cape,Buffalo City MM,East Bank Wastewater Treatment Works,10/19/2021,Negative,Negative,
ENV-COV-21-227,Gauteng,Ekurhuleni MM,Hartebeesfontein Waterworks,10/26/2021,Negative,Negative,
ENV-COV-21-228,Western Cape,Cape Town MM,Zandvleit Wastewater Treatment Works,10/26/2021,Negative,Negative,
ENV-COV-21-229,Gauteng,Tshwane MM,Daspoort Wastewater Treatment Works,10/26/2021,Negative,Negative,
ENV-COV-21-230,Free State,Mangaung MM,Sterkwater Wastewater Treatment Works,10/26/2021,Negative,Negative,
ENV-COV-21-231,Free State,Mangaung MM,Bloemspruit Wastewater Treatment Works,10/26/2021,Negative,Negative,
ENV-COV-21-232,Eastern Cape,Buffalo City MM,East Bank Wastewater Treatment Works,10/26/2021,Positive,Negative,
ENV-COV-21-233,Eastern Cape,Buffalo City MM,Mdantsane Wastewater Treatment Works,10/26/2021,Negative,Negative,
ENV-COV-21-234,Northern Cape,Namakwa DM,Calvinia  Wastewater Treatment Works,10/27/2021,Negative,Negative,
ENV-COV-21-235,Gauteng,Ekurhuleni MM,ERWAT Vlakplaat Wastewater Treatment Works,11/2/2021,Negative,Negative,
ENV-COV-21-236,Gauteng,Johannesburg MM,Goudkoppies Wastewater Treatment Works,11/2/2021,Negative,Positive,
ENV-COV-21-237,Gauteng,Tshwane MM,Rooiwal Wastewater Treatment Works,11/2/2021,Negative,Positive,
ENV-COV-21-238,Gauteng,Ekurhuleni MM,Hartebeesfontein Waterworks,11/9/2021,Negative,Negative,
ENV-COV-21-239,Western Cape,Cape Town MM,Zandvleit Wastewater Treatment Works,11/2/2021,Negative,Negative,
ENV-COV-21-240,Eastern Cape,Buffalo City MM,East Bank Wastewater Treatment Works,11/2/2021,Negative,Negative,
ENV-COV-21-241,Eastern Cape,Buffalo City MM,Mdantsane Wastewater Treatment Works,11/2/2021,Negative,Negative,
ENV-COV-21-242,Free State,Mangaung MM,Sterkwater Wastewater Treatment Works,11/2/2021,Negative,Negative,
ENV-COV-21-243,Free State,Mangaung MM,Bloemspruit Wastewater Treatment Works,11/2/2021,Negative,Negative,
ENV-COV-21-244,KwaZulu-Natal,Ethekwini MM,Northern Wastewater Treatment Works (KZN),11/2/2021,Negative,Negative,
ENV-COV-21-245,KwaZulu-Natal,Ethekwini MM,Central Wastewater Treatment Works (KZN),11/2/2021,Negative,Negative,
ENV-COV-21-246,Gauteng,Ekurhuleni MM,ERWAT Vlakplaat Wastewater Treatment Works,11/8/2021,Negative,Positive,
ENV-COV-21-247,Gauteng,Johannesburg MM,Goudkoppies Wastewater Treatment Works,11/8/2021,Failed,Failed,
ENV-COV-21-248,KwaZulu-Natal,Ethekwini MM,Northern Wastewater Treatment Works (KZN),11/8/2021,Negative,Negative,
ENV-COV-21-249,KwaZulu-Natal,Ethekwini MM,Central Wastewater Treatment Works (KZN),11/9/2021,Negative,Positive,
ENV-COV-21-250,Gauteng,Tshwane MM,Rooiwal Wastewater Treatment Works,11/9/2021,Negative,Positive,
ENV-COV-21-251,Gauteng,Tshwane MM,Daspoort Wastewater Treatment Works,11/9/2021,Negative,Negative,
ENV-COV-21-252,Free State,Mangaung MM,Sterkwater Wastewater Treatment Works,11/9/2021,Positive,Negative,
ENV-COV-21-253,Free State,Mangaung MM,Bloemspruit Wastewater Treatment Works,11/9/2021,Negative,Negative,
ENV-COV-21-254,Northern Cape,Namakwa DM,Calvinia  Wastewater Treatment Works,11/10/2021,Negative,Negative,
ENV-COV-21-255,Gauteng,Johannesburg MM,Goudkoppies Wastewater Treatment Works,11/15/2021,Negative,Negative,
ENV-COV-21-256,Gauteng,Ekurhuleni MM,ERWAT Vlakplaat Wastewater Treatment Works,11/15/2021,Negative,Positive,
ENV-COV-21-257,Gauteng,Tshwane MM,Daspoort Wastewater Treatment Works,11/16/2021,Negative,Negative,
ENV-COV-21-258,Gauteng,Tshwane MM,Rooiwal Wastewater Treatment Works,11/16/2021,Negative,Negative,
ENV-COV-21-259,Gauteng,Ekurhuleni MM,Hartebeesfontein Waterworks,11/16/2021,Negative,Positive,
ENV-COV-21-260,Western Cape,Cape Town MM,Zandvleit Wastewater Treatment Works,11/15/2021,Negative,Negative,
ENV-COV-21-261,KwaZulu-Natal,Ethekwini MM,Northern Wastewater Treatment Works (KZN),11/15/2021,Negative,Negative,
ENV-COV-21-262,KwaZulu-Natal,Ethekwini MM,Central Wastewater Treatment Works (KZN),11/15/2021,Negative,Negative,
ENV-COV-21-263,Eastern Cape,Buffalo City MM,Mdantsane Wastewater Treatment Works,11/16/2021,Positive,Negative,
ENV-COV-21-264,Eastern Cape,Buffalo City MM,East Bank Wastewater Treatment Works,11/16/2021,Failed,Failed,
ENV-COV-21-265,Northern Cape,Namakwa DM,Calvinia  Wastewater Treatment Works,11/16/2021,Negative,Negative,
ENV-COV-21-266,Gauteng,Tshwane MM,Daspoort Wastewater Treatment Works,11/23/2021,Negative,Negative,
ENV-COV-21-267,Western Cape,Cape Town MM,Zandvleit Wastewater Treatment Works,11/23/2021,Negative,Negative,
ENV-COV-21-268,Gauteng,Ekurhuleni MM,Hartebeesfontein Waterworks,11/23/2021,Negative,Positive,
ENV-COV-21-269,Free State,Mangaung MM,Bloemspruit Wastewater Treatment Works,11/23/2021,Negative,Positive,
ENV-COV-21-270,Free State,Mangaung MM,Sterkwater Wastewater Treatment Works,11/23/2021,Negative,Negative,
ENV-COV-21-271,Eastern Cape,Buffalo City MM,East Bank Wastewater Treatment Works,11/23/2021,Negative,Negative,
ENV-COV-21-272,Eastern Cape,Buffalo City MM,Mdantsane Wastewater Treatment Works,11/23/2021,Negative,Negative,
ENV-COV-21-273,Gauteng,Ekurhuleni MM,ERWAT Vlakplaat Wastewater Treatment Works,11/29/2021,Negative,Negative,
ENV-COV-21-274,Gauteng,Johannesburg MM,Goudkoppies Wastewater Treatment Works,11/29/2021,Negative,Negative,
ENV-COV-21-275,KwaZulu-Natal,Ethekwini MM,Northern Wastewater Treatment Works (KZN),11/29/2021,Negative,Negative,
ENV-COV-21-276,KwaZulu-Natal,Ethekwini MM,Central Wastewater Treatment Works (KZN),11/29/2021,Negative,Negative,
ENV-COV-21-277,Gauteng,Ekurhuleni MM,Hartebeesfontein Waterworks,11/30/2021,Negative,Negative,
ENV-COV-21-278,Western Cape,Cape Town MM,Zandvleit Wastewater Treatment Works,11/30/2021,Positive,Positive,
ENV-COV-21-279,Gauteng,Tshwane MM,Daspoort Wastewater Treatment Works,11/30/2021,Failed,Failed,
ENV-COV-21-280,Gauteng,Tshwane MM,Rooiwal Wastewater Treatment Works,11/30/2021,Failed,Failed,
ENV-COV-21-281,Eastern Cape,Buffalo City MM,Mdantsane Wastewater Treatment Works,11/30/2021,Negative,Negative,
ENV-COV-21-282,Eastern Cape,Buffalo City MM,East Bank Wastewater Treatment Works,11/30/2021,Negative,Negative,
ENV-COV-21-283,Free State,Mangaung MM,Sterkwater Wastewater Treatment Works,11/30/2021,Negative,Negative,
ENV-COV-21-284,Free State,Mangaung MM,Bloemspruit Wastewater Treatment Works,11/30/2021,Negative,Positive,
ENV-COV-21-285,Northern Cape,Namakwa DM,Calvinia  Wastewater Treatment Works,12/1/2021,Negative,Negative,
ENV-COV-21-286,Gauteng,Ekurhuleni MM,ERWAT Vlakplaat Wastewater Treatment Works,12/6/2021,Failed,Failed,
ENV-COV-21-287,Gauteng,Johannesburg MM,Goudkoppies Wastewater Treatment Works,12/6/2021,Negative,Negative,
ENV-COV-21-288,Gauteng,Tshwane MM,Rooiwal Wastewater Treatment Works,12/7/2021,Negative,Negative,
ENV-COV-21-289,KwaZulu-Natal,Ethekwini MM,Central Wastewater Treatment Works (KZN),12/7/2021,Negative,Negative,
ENV-COV-21-290,KwaZulu-Natal,Ethekwini MM,Northern Wastewater Treatment Works (KZN),12/7/2021,Negative,Negative,
ENV-COV-21-291,Free State,Mangaung MM,Sterkwater Wastewater Treatment Works,12/7/2021,Negative,Positive,
ENV-COV-21-292,Free State,Mangaung MM,Bloemspruit Wastewater Treatment Works,12/7/2021,Negative,Negative,
ENV-COV-21-293,Northern Cape,Namakwa DM,Calvinia  Wastewater Treatment Works,12/8/2021,Negative,Negative,
ENV-COV-21-294,Free State,Mangaung MM,Sterkwater Wastewater Treatment Works,12/14/2021,Negative,Negative,
ENV-COV-21-295,Gauteng,Ekurhuleni MM,Hartebeesfontein Waterworks,12/14/2021,Negative,Negative,
ENV-COV-21-296,KwaZulu-Natal,Ethekwini MM,Northern Wastewater Treatment Works (KZN),12/13/2021,Failed,Failed,
ENV-COV-21-297,KwaZulu-Natal,Ethekwini MM,Central Wastewater Treatment Works (KZN),12/13/2021,Negative,Negative,
ENV-COV-21-298,Gauteng,Tshwane MM,Daspoort Wastewater Treatment Works,12/14/2021,Negative,Negative,
ENV-COV-21-299,Gauteng,Tshwane MM,Rooiwal Wastewater Treatment Works,12/14/2021,Negative,Negative,
ENV-COV-21-300,Free State,Mangaung MM,Bloemspruit Wastewater Treatment Works,12/14/2021,Negative,Negative,
ENV-COV-21-301,Gauteng,Ekurhuleni MM,ERWAT Vlakplaat Wastewater Treatment Works,12/20/2021,Negative,Negative,
ENV-COV-21-302,Gauteng,Johannesburg MM,Goudkoppies Wastewater Treatment Works,12/20/2021,Negative,Negative,
ENV-COV-21-303,Gauteng,Tshwane MM,Daspoort Wastewater Treatment Works,12/21/2021,Negative,Negative,
ENV-COV-21-304,Gauteng,Tshwane MM,Rooiwal Wastewater Treatment Works,12/21/2021,Positive,Negative,
ENV-COV-21-305,Eastern Cape,Buffalo City MM,East Bank Wastewater Treatment Works,12/21/2021,Negative,Negative,
ENV-COV-21-306,Eastern Cape,Buffalo City MM,Mdantsane Wastewater Treatment Works,12/21/2021,Negative,Negative,
ENV-COV-21-371,,,,,,,
ENV-COV-21-409,,,,,,,
ENV-COV-21-468,,,,,,,
ENV-COV-21-482,,,,,,,
ENV-COV-21-483,,,,,,,
ENV-COV-21-594,,,,,,,
ENV-COV-22-0125,,,,11/30/2021,Negative,Negative,
ENV-COV-22-0126,,,,11/23/2021,Negative,Negative,
ENV-COV-22-0127,,,,12/30/2021,Negative,Negative,
ENV-COV-22-0412,Gauteng,Tshwane MM,Daspoort Wastewater Treatment Works,6/7/2022,,,
ENV-COV-22-1,Gauteng,Ekurhuleni MM,ERWAT Vlakplaat Wastewater Treatment Works,1/3/2022,Negative,Negative,
ENV-COV-22-2,Gauteng,Johannesburg MM,Goudkoppies Wastewater Treatment Works,1/3/2022,Positive,Positive,
ENV-COV-22-3,Gauteng,Tshwane MM,Rooiwal Wastewater Treatment Works,1/4/2022,Negative,Negative,
ENV-COV-22-4,Free State,Mangaung MM,Sterkwater Wastewater Treatment Works,1/4/2022,Negative,Negative,
ENV-COV-22-5,Free State,Mangaung MM,Bloemspruit Wastewater Treatment Works,1/4/2022,Negative,Positive,
ENV-COV-22-6,Gauteng,Johannesburg MM,Goudkoppies Wastewater Treatment Works,1/9/2022,Negative,Negative,
ENV-COV-22-7,Gauteng,Ekurhuleni MM,ERWAT Vlakplaat Wastewater Treatment Works,1/10/2022,Negative,Negative,
ENV-COV-22-8,KwaZulu-Natal,Ethekwini MM,Central Wastewater Treatment Works (KZN),1/10/2022,Negative,Negative,
ENV-COV-22-9,KwaZulu-Natal,Ethekwini MM,Northern Wastewater Treatment Works (KZN),1/10/2022,Negative,Negative,
ENV-COV-22-10,Gauteng,Tshwane MM,Rooiwal Wastewater Treatment Works,1/11/2022,Negative,Negative,
ENV-COV-22-11,Gauteng,Ekurhuleni MM,Hartebeesfontein Waterworks,1/11/2022,Negative,Negative,
ENV-COV-22-12,Gauteng,Tshwane MM,Daspoort Wastewater Treatment Works,1/11/2022,Negative,Negative,
ENV-COV-22-13,Free State,Mangaung MM,Sterkwater Wastewater Treatment Works,1/11/2022,Negative,Negative,
ENV-COV-22-14,Free State,Mangaung MM,Bloemspruit Wastewater Treatment Works,1/11/2022,Negative,Negative,
ENV-COV-22-15,Northern Cape,Namakwa DM,Calvinia  Wastewater Treatment Works,1/12/2022,Negative,Negative,
ENV-COV-22-16,Gauteng,Johannesburg MM,Goudkoppies Wastewater Treatment Works,1/17/2022,Negative,Negative,
ENV-COV-22-17,Gauteng,Ekurhuleni MM,ERWAT Vlakplaat Wastewater Treatment Works,1/17/2022,Negative,Negative,
ENV-COV-22-18,Gauteng,Tshwane MM,Daspoort Wastewater Treatment Works,1/18/2022,Negative,Negative,
ENV-COV-22-19,Gauteng,Tshwane MM,Rooiwal Wastewater Treatment Works,1/18/2022,Negative,Negative,
ENV-COV-22-20,KwaZulu-Natal,Ethekwini MM,Central Wastewater Treatment Works (KZN),1/17/2022,Negative,Positive,
ENV-COV-22-21,KwaZulu-Natal,Ethekwini MM,Northern Wastewater Treatment Works (KZN),1/17/2022,Negative,Negative,
ENV-COV-22-22,Gauteng,Ekurhuleni MM,Hartebeesfontein Waterworks,1/18/2022,Negative,Negative,
ENV-COV-22-23,Eastern Cape,Buffalo City MM,East Bank Wastewater Treatment Works,1/18/2022,Negative,Negative,
ENV-COV-22-24,Eastern Cape,Buffalo City MM,Mdantsane Wastewater Treatment Works,1/18/2022,Negative,Negative,
ENV-COV-22-25,Gauteng,Ekurhuleni MM,Hartebeesfontein Waterworks,1/25/2022,Negative,Negative,
ENV-COV-22-26,Gauteng,Tshwane MM,Daspoort Wastewater Treatment Works,1/25/2022,Negative,Positive,
ENV-COV-22-27,Free State,Mangaung MM,Bloemspruit Wastewater Treatment Works,1/25/2022,Negative,Negative,
ENV-COV-22-28,Free State,Mangaung MM,Sterkwater Wastewater Treatment Works,1/25/2022,Negative,Negative,
ENV-COV-22-29,Eastern Cape,Buffalo City MM,East Bank Wastewater Treatment Works,1/25/2022,Positive,Negative,
ENV-COV-22-30,Eastern Cape,Buffalo City MM,Mdantsane Wastewater Treatment Works,1/25/2022,Negative,Negative,
ENV-COV-22-31,Gauteng,Ekurhuleni MM,ERWAT Vlakplaat Wastewater Treatment Works,1/31/2022,Negative,Negative,
ENV-COV-22-32,Gauteng,Johannesburg MM,Goudkoppies Wastewater Treatment Works,1/31/2022,Negative,Negative,
ENV-COV-22-33,KwaZulu-Natal,Ethekwini MM,Central Wastewater Treatment Works (KZN),1/31/2022,Negative,Negative,
ENV-COV-22-34,KwaZulu-Natal,Ethekwini MM,Northern Wastewater Treatment Works (KZN),2/1/2022,Negative,Negative,
ENV-COV-22-35,Gauteng,Tshwane MM,Rooiwal Wastewater Treatment Works,2/1/2022,Negative,Negative,
ENV-COV-22-36,Free State,Mangaung MM,Sterkwater Wastewater Treatment Works,2/1/2022,Negative,Negative,
ENV-COV-22-37,Free State,Mangaung MM,Bloemspruit Wastewater Treatment Works,2/1/2022,Negative,Negative,
ENV-COV-22-38,Eastern Cape,Buffalo City MM,East Bank Wastewater Treatment Works,2/1/2022,Negative,Negative,
ENV-COV-22-39,Eastern Cape,Buffalo City MM,Mdantsane Wastewater Treatment Works,2/1/2022,Negative,Positive,
ENV-COV-22-40,Gauteng,Ekurhuleni MM,ERWAT Vlakplaat Wastewater Treatment Works,2/7/2022,Negative,Negative,
ENV-COV-22-41,Gauteng,Johannesburg MM,Goudkoppies Wastewater Treatment Works,2/7/2022,Negative,Negative,
ENV-COV-22-42,Gauteng,Tshwane MM,Rooiwal Wastewater Treatment Works,2/8/2022,Negative,Negative,
ENV-COV-22-43,Gauteng,Tshwane MM,Daspoort Wastewater Treatment Works,2/8/2022,Negative,Negative,
ENV-COV-22-44,Gauteng,Ekurhuleni MM,Hartebeesfontein Waterworks,2/8/2022,Negative,Negative,
ENV-COV-22-45,KwaZulu-Natal,Ethekwini MM,Northern Wastewater Treatment Works (KZN),2/8/2022,Negative,Negative,
ENV-COV-22-46,KwaZulu-Natal,Ethekwini MM,Central Wastewater Treatment Works (KZN),2/7/2022,Negative,Negative,
ENV-COV-22-47,Free State,Mangaung MM,Sterkwater Wastewater Treatment Works,2/8/2022,Positive,Negative,
ENV-COV-22-48,Free State,Mangaung MM,Bloemspruit Wastewater Treatment Works,2/8/2022,Negative,Negative,
ENV-COV-22-49,Northern Cape,Namakwa DM,Calvinia  Wastewater Treatment Works,2/9/2022,Negative,Negative,
ENV-COV-22-50,Gauteng,Ekurhuleni MM,ERWAT Vlakplaat Wastewater Treatment Works,2/14/2022,Negative,Negative,
ENV-COV-22-51,Gauteng,Johannesburg MM,Goudkoppies Wastewater Treatment Works,2/14/2022,Negative,Negative,
ENV-COV-22-52,Gauteng,Tshwane MM,Rooiwal Wastewater Treatment Works,2/15/2022,Negative,Positive,
ENV-COV-22-53,Gauteng,Tshwane MM,Daspoort Wastewater Treatment Works,2/15/2022,Negative,Positive,
ENV-COV-22-54,Gauteng,Ekurhuleni MM,Hartebeesfontein Waterworks,2/15/2022,Negative,Negative,
ENV-COV-22-55,KwaZulu-Natal,Ethekwini MM,Central Wastewater Treatment Works (KZN),2/14/2022,Negative,Negative,
ENV-COV-22-56,KwaZulu-Natal,Ethekwini MM,Northern Wastewater Treatment Works (KZN),2/14/2022,Negative,Negative,
ENV-COV-22-57,Eastern Cape,Buffalo City MM,Mdantsane Wastewater Treatment Works,2/15/2022,Negative,Positive,
ENV-COV-22-58,Eastern Cape,Buffalo City MM,East Bank Wastewater Treatment Works,2/15/2022,Negative,Negative,
ENV-COV-22-59,Gauteng,Ekurhuleni MM,Hartebeesfontein Waterworks,2/22/2022,,,
ENV-COV-22-60,Gauteng,Tshwane MM,Daspoort Wastewater Treatment Works,2/22/2022,Negative,Negative,
ENV-COV-22-61,Eastern Cape,Buffalo City MM,Mdantsane Wastewater Treatment Works,2/22/2022,Negative,Positive,
ENV-COV-22-62,Eastern Cape,Buffalo City MM,East Bank Wastewater Treatment Works,2/22/2022,Negative,Negative,
ENV-COV-22-63,Free State,Mangaung MM,Sterkwater Wastewater Treatment Works,2/22/2022,Negative,Negative,
ENV-COV-22-64,Free State,Mangaung MM,Bloemspruit Wastewater Treatment Works,2/22/2022,Negative,Negative,
ENV-COV-22-65,Gauteng,Johannesburg MM,Goudkoppies Wastewater Treatment Works,2/28/2022,Negative,Negative,
ENV-COV-22-66,Gauteng,Ekurhuleni MM,ERWAT Vlakplaat Wastewater Treatment Works,2/28/2022,Negative,Negative,
ENV-COV-22-67,Gauteng,Tshwane MM,Rooiwal Wastewater Treatment Works,3/1/2022,Negative,Negative,
ENV-COV-22-68,KwaZulu-Natal,Ethekwini MM,Central Wastewater Treatment Works (KZN),2/28/2022,Negative,Negative,
ENV-COV-22-69,KwaZulu-Natal,Ethekwini MM,Northern Wastewater Treatment Works (KZN),2/28/2022,Negative,Negative,
ENV-COV-22-70,Free State,Mangaung MM,Sterkwater Wastewater Treatment Works,3/1/2022,Negative,Negative,
ENV-COV-22-71,Free State,Mangaung MM,Bloemspruit Wastewater Treatment Works,3/1/2022,Negative,Negative,
ENV-COV-22-72,Eastern Cape,Buffalo City MM,Mdantsane Wastewater Treatment Works,3/1/2022,Negative,Negative,
ENV-COV-22-73,Eastern Cape,Buffalo City MM,East Bank Wastewater Treatment Works,3/1/2022,Negative,Positive,
ENV-COV-22-74,Gauteng,Ekurhuleni MM,ERWAT Vlakplaat Wastewater Treatment Works,3/7/2022,Negative,Negative,
ENV-COV-22-75,Gauteng,Johannesburg MM,Goudkoppies Wastewater Treatment Works,3/7/2022,Negative,Negative,
ENV-COV-22-76,Gauteng,Tshwane MM,Rooiwal Wastewater Treatment Works,3/8/2022,Negative,Negative,
ENV-COV-22-77,KwaZulu-Natal,Ethekwini MM,Central Wastewater Treatment Works (KZN),3/8/2022,Negative,Negative,
ENV-COV-22-78,KwaZulu-Natal,Ethekwini MM,Northern Wastewater Treatment Works (KZN),3/7/2022,Negative,Negative,
ENV-COV-22-79,Gauteng,Ekurhuleni MM,Hartebeesfontein Waterworks,3/8/2022,,,
ENV-COV-22-80,Gauteng,Tshwane MM,Daspoort Wastewater Treatment Works,3/8/2022,Negative,Positive,
ENV-COV-22-81,Free State,Mangaung MM,Bloemspruit Wastewater Treatment Works,3/8/2022,Negative,Negative,
ENV-COV-22-82,Free State,Mangaung MM,Sterkwater Wastewater Treatment Works,3/8/2022,Negative,Negative,
ENV-COV-22-83,Northern Cape,Namakwa DM,Calvinia  Wastewater Treatment Works,3/9/2022,Positive,Negative,
ENV-COV-22-84,Gauteng,Johannesburg MM,Goudkoppies Wastewater Treatment Works,3/14/2022,Negative,Negative,
ENV-COV-22-85,Gauteng,Ekurhuleni MM,ERWAT Vlakplaat Wastewater Treatment Works,3/14/2022,Negative,Negative,
ENV-COV-22-86,Gauteng,Ekurhuleni MM,Hartebeesfontein Waterworks,3/15/2022,,,
ENV-COV-22-87,KwaZulu-Natal,Ethekwini MM,Central Wastewater Treatment Works (KZN),3/14/2022,Negative,Negative,
ENV-COV-22-88,KwaZulu-Natal,Ethekwini MM,Northern Wastewater Treatment Works (KZN),3/14/2022,Negative,Negative,
ENV-COV-22-89,Gauteng,Tshwane MM,Rooiwal Wastewater Treatment Works,3/15/2022,Negative,Negative,
ENV-COV-22-90,Gauteng,Tshwane MM,Daspoort Wastewater Treatment Works,3/15/2022,,,
ENV-COV-22-91,Eastern Cape,Buffalo City MM,Mdantsane Wastewater Treatment Works,3/15/2022,Negative,Positive,
ENV-COV-22-92,Eastern Cape,Buffalo City MM,East Bank Wastewater Treatment Works,3/15/2022,Negative,Negative,
ENV-COV-22-93,Gauteng,Tshwane MM,Daspoort Wastewater Treatment Works,3/22/2022,Negative,Negative,
ENV-COV-22-94,Gauteng,Ekurhuleni MM,Hartebeesfontein Waterworks,3/22/2022,Negative,Negative,
ENV-COV-22-95,Free State,Mangaung MM,Sterkwater Wastewater Treatment Works,3/22/2022,Negative,Positive,
ENV-COV-22-96,Free State,Mangaung MM,Bloemspruit Wastewater Treatment Works,3/22/2022,Negative,Negative,
ENV-COV-22-97,Eastern Cape,Buffalo City MM,Mdantsane Wastewater Treatment Works,3/22/2022,Negative,Positive,
ENV-COV-22-98,Eastern Cape,Buffalo City MM,East Bank Wastewater Treatment Works,3/22/2022,,,
ENV-COV-22-99,Gauteng,Johannesburg MM,Goudkoppies Wastewater Treatment Works,3/28/2022,Negative,Positive,
ENV-COV-22-100,Gauteng,Ekurhuleni MM,ERWAT Vlakplaat Wastewater Treatment Works,3/28/2022,Negative,Negative,
ENV-COV-22-101,Gauteng,Ekurhuleni MM,Hartebeesfontein Waterworks,3/29/2022,Negative,Negative,
ENV-COV-22-102,KwaZulu-Natal,Ethekwini MM,Central Wastewater Treatment Works (KZN),3/28/2022,Negative,Negative,
ENV-COV-22-103,KwaZulu-Natal,Ethekwini MM,Northern Wastewater Treatment Works (KZN),3/28/2022,Negative,Negative,
ENV-COV-22-104,Gauteng,Tshwane MM,Rooiwal Wastewater Treatment Works,3/29/2022,Negative,Positive,
ENV-COV-22-105,Gauteng,Tshwane MM,Daspoort Wastewater Treatment Works,3/29/2022,Negative,Positive,
ENV-COV-22-106,Free State,Mangaung MM,Bloemspruit Wastewater Treatment Works,3/29/2022,Negative,Negative,
ENV-COV-22-107,Free State,Mangaung MM,Sterkwater Wastewater Treatment Works,3/29/2022,Positive,Positive,
ENV-COV-22-108,Eastern Cape,Buffalo City MM,Mdantsane Wastewater Treatment Works,3/29/2022,Negative,Negative,
ENV-COV-22-109,Eastern Cape,Buffalo City MM,East Bank Wastewater Treatment Works,3/29/2022,Negative,Negative,
ENV-COV-22-110,Gauteng,Johannesburg MM,Goudkoppies Wastewater Treatment Works,4/4/2022,Negative,Negative,
ENV-COV-22-111,Gauteng,Ekurhuleni MM,ERWAT Vlakplaat Wastewater Treatment Works,4/4/2022,Negative,Negative,
ENV-COV-22-112,KwaZulu-Natal,Ethekwini MM,Central Wastewater Treatment Works (KZN),4/4/2022,Negative,Negative,
ENV-COV-22-113,KwaZulu-Natal,Ethekwini MM,Northern Wastewater Treatment Works (KZN),4/4/2022,Negative,Negative,
ENV-COV-22-114,Gauteng,Tshwane MM,Rooiwal Wastewater Treatment Works,4/5/2022,Negative,Negative,
ENV-COV-22-115,Free State,Mangaung MM,Sterkwater Wastewater Treatment Works,4/5/2022,Negative,Negative,
ENV-COV-22-116,Free State,Mangaung MM,Bloemspruit Wastewater Treatment Works,4/5/2022,Negative,Negative,
ENV-COV-22-117,Eastern Cape,Buffalo City MM,Mdantsane Wastewater Treatment Works,4/5/2022,Negative,Negative,
ENV-COV-22-118,Eastern Cape,Buffalo City MM,East Bank Wastewater Treatment Works,4/5/2022,Negative,Negative,
ENV-COV-22-119,Northern Cape,Namakwa DM,Calvinia  Wastewater Treatment Works,4/6/2022,Negative,Negative,
ENV-COV-22-120,Gauteng,Johannesburg MM,Goudkoppies Wastewater Treatment Works,4/11/2022,Negative,Negative,
ENV-COV-22-121,Gauteng,Ekurhuleni MM,ERWAT Vlakplaat Wastewater Treatment Works,4/11/2022,Negative,Negative,
ENV-COV-22-122,Gauteng,Tshwane MM,Rooiwal Wastewater Treatment Works,4/12/2022,Negative,Negative,
ENV-COV-22-123,Gauteng,Ekurhuleni MM,Hartebeesfontein Waterworks,4/12/2022,Negative,Negative,
ENV-COV-22-124,Gauteng,Tshwane MM,Daspoort Wastewater Treatment Works,4/12/2022,Positive,Positive,
ENV-COV-22-128,Free State,Mangaung MM,Bloemspruit Wastewater Treatment Works,4/12/2022,Negative,Negative,
ENV-COV-22-129,Free State,Mangaung MM,Sterkwater Wastewater Treatment Works,4/12/2022,Negative,Positive,
ENV-COV-22-130,Gauteng,Tshwane MM,Rooiwal Wastewater Treatment Works,4/19/2022,Negative,Negative,
ENV-COV-22-131,Gauteng,Johannesburg MM,Goudkoppies Wastewater Treatment Works,4/19/2022,Negative,Negative,
ENV-COV-22-132,Gauteng,Tshwane MM,Daspoort Wastewater Treatment Works,4/19/2022,Negative,Negative,
ENV-COV-22-133,Gauteng,Ekurhuleni MM,Hartebeesfontein Waterworks,4/19/2022,Negative,Negative,
ENV-COV-22-134,Gauteng,Ekurhuleni MM,ERWAT Vlakplaat Wastewater Treatment Works,4/19/2022,Negative,Negative,
ENV-COV-22-135,KwaZulu-Natal,Ethekwini MM,Central Wastewater Treatment Works (KZN),4/19/2022,Negative,Negative,
ENV-COV-22-136,Eastern Cape,Buffalo City MM,Mdantsane Wastewater Treatment Works,4/19/2022,Negative,Positive,
ENV-COV-22-137,Eastern Cape,Buffalo City MM,East Bank Wastewater Treatment Works,4/19/2022,Positive,Negative,
ENV-COV-22-138,Gauteng,Tshwane MM,Daspoort Wastewater Treatment Works,4/26/2022,Negative,Negative,
ENV-COV-22-139,Gauteng,Ekurhuleni MM,Hartebeesfontein Waterworks,4/26/2022,Negative,Positive,
ENV-COV-22-140,Free State,Mangaung MM,Bloemspruit Wastewater Treatment Works,4/26/2022,Negative,Negative,
ENV-COV-22-141,Free State,Mangaung MM,Sterkwater Wastewater Treatment Works,4/26/2022,Positive,Positive,
ENV-COV-22-142,Eastern Cape,Buffalo City MM,Mdantsane Wastewater Treatment Works,4/26/2022,Negative,Negative,
ENV-COV-22-143,Eastern Cape,Buffalo City MM,East Bank Wastewater Treatment Works,4/26/2022,Negative,Negative,
ENV-COV-22-144,Gauteng,Tshwane MM,Rooiwal Wastewater Treatment Works,5/3/2022,Negative,Negative,
ENV-COV-22-145,Gauteng,Ekurhuleni MM,ERWAT Vlakplaat Wastewater Treatment Works,5/3/2022,Negative,Positive,
ENV-COV-22-146,Gauteng,Johannesburg MM,Goudkoppies Wastewater Treatment Works,5/3/2022,Negative,Positive,
ENV-COV-22-147,Free State,Mangaung MM,Sterkwater Wastewater Treatment Works,5/3/2022,Negative,Negative,
ENV-COV-22-148,Free State,Mangaung MM,Bloemspruit Wastewater Treatment Works,5/3/2022,Negative,Positive,
ENV-COV-22-149,Eastern Cape,Buffalo City MM,East Bank Wastewater Treatment Works,5/3/2022,Negative,Negative,
ENV-COV-22-150,Eastern Cape,Buffalo City MM,Mdantsane Wastewater Treatment Works,5/3/2022,Negative,Negative,
ENV-COV-22-151,KwaZulu-Natal,Ethekwini MM,Central Wastewater Treatment Works (KZN),5/3/2022,Negative,Negative,
ENV-COV-22-152,Northern Cape,Namakwa DM,Calvinia  Wastewater Treatment Works,5/4/2022,Negative,Negative,
ENV-COV-22-153,Gauteng,Ekurhuleni MM,ERWAT Vlakplaat Wastewater Treatment Works,5/9/2022,Negative,Negative,
ENV-COV-22-154,Gauteng,Johannesburg MM,Goudkoppies Wastewater Treatment Works,5/9/2022,Negative,Positive,
ENV-COV-22-155,Gauteng,Ekurhuleni MM,Hartebeesfontein Waterworks,5/10/2022,Negative,Negative,
ENV-COV-22-156,KwaZulu-Natal,Ethekwini MM,Central Wastewater Treatment Works (KZN),5/9/2022,Negative,Negative,
ENV-COV-22-157,Gauteng,Tshwane MM,Rooiwal Wastewater Treatment Works,5/10/2022,Negative,Negative,
ENV-COV-22-158,Gauteng,Tshwane MM,Daspoort Wastewater Treatment Works,5/10/2022,Negative,Negative,
ENV-COV-22-159,Free State,Mangaung MM,Bloemspruit Wastewater Treatment Works,5/10/2022,Negative,Positive,
ENV-COV-22-160,Free State,Mangaung MM,Sterkwater Wastewater Treatment Works,5/10/2022,Positive,Negative,
ENV-COV-22-161,Gauteng,Johannesburg MM,Goudkoppies Wastewater Treatment Works,5/16/2022,Positive,Negative,
ENV-COV-22-162,Gauteng,Ekurhuleni MM,ERWAT Vlakplaat Wastewater Treatment Works,5/16/2022,Negative,Negative,
ENV-COV-22-163,KwaZulu-Natal,Ethekwini MM,Central Wastewater Treatment Works (KZN),5/16/2022,Negative,Negative,
ENV-COV-22-164,Gauteng,Tshwane MM,Daspoort Wastewater Treatment Works,5/17/2022,Negative,Positive,
ENV-COV-22-165,Gauteng,Tshwane MM,Rooiwal Wastewater Treatment Works,5/17/2022,Negative,Negative,
ENV-COV-22-166,Gauteng,Ekurhuleni MM,Hartebeesfontein Waterworks,5/17/2022,Negative,Negative,
ENV-COV-22-167,Eastern Cape,Buffalo City MM,East Bank Wastewater Treatment Works,5/17/2022,Negative,Negative,
ENV-COV-22-168,Eastern Cape,Buffalo City MM,Mdantsane Wastewater Treatment Works,5/17/2022,Positive,Negative,
ENV-COV-22-169,Gauteng,Tshwane MM,Daspoort Wastewater Treatment Works,5/31/2022,Negative,Negative,
ENV-COV-22-170,Gauteng,Tshwane MM,Rooiwal Wastewater Treatment Works,5/31/2022,Negative,Negative,
ENV-COV-22-171,Gauteng,Ekurhuleni MM,Hartebeesfontein Waterworks,5/31/2022,Negative,Negative,
ENV-COV-22-172,Gauteng,Johannesburg MM,Goudkoppies Wastewater Treatment Works,5/31/2022,Negative,Negative,
ENV-COV-22-173,Gauteng,Ekurhuleni MM,ERWAT Vlakplaat Wastewater Treatment Works,5/31/2022,Negative,Positive,
ENV-COV-22-174,Gauteng,Tshwane MM,Rooiwal Wastewater Treatment Works,6/7/2022,Negative,Positive,
ENV-COV-22-175,Gauteng,Johannesburg MM,Goudkoppies Wastewater Treatment Works,6/7/2022,Negative,Negative,
ENV-COV-22-176,Gauteng,Tshwane MM,Daspoort Wastewater Treatment Works,6/14/2022,Negative,Negative,
ENV-COV-22-177,Gauteng,Ekurhuleni MM,Hartebeesfontein Waterworks,6/14/2022,Negative,Negative,
ENV-COV-22-178,Gauteng,Ekurhuleni MM,ERWAT Vlakplaat Wastewater Treatment Works,6/13/2022,Negative,Negative,
ENV-COV-22-179,Gauteng,Johannesburg MM,Goudkoppies Wastewater Treatment Works,6/13/2022,Negative,Negative,
ENV-COV-22-180,Gauteng,Tshwane MM,Rooiwal Wastewater Treatment Works,6/14/2022,Negative,Negative,
ENV-COV-22-181,Gauteng,Tshwane MM,Rooiwal Wastewater Treatment Works,6/21/2022,Negative,Negative,
ENV-COV-22-182,Gauteng,Tshwane MM,Daspoort Wastewater Treatment Works,6/21/2022,Negative,Negative,
ENV-COV-22-183,Gauteng,Tshwane MM,Daspoort Wastewater Treatment Works,6/28/2022,Negative,Negative,
ENV-COV-22-184,Gauteng,Ekurhuleni MM,ERWAT Vlakplaat Wastewater Treatment Works,7/4/2022,Negative,Negative,
ENV-COV-22-185,Gauteng,Johannesburg MM,Goudkoppies Wastewater Treatment Works,7/5/2022,Positive,Positive,
ENV-COV-22-186,Gauteng,Tshwane MM,Rooiwal Wastewater Treatment Works,7/5/2022,Negative,Negative,
ENV-COV-22-187,Gauteng,Ekurhuleni MM,ERWAT Vlakplaat Wastewater Treatment Works,7/11/2022,Negative,Negative,
ENV-COV-22-188,Gauteng,Johannesburg MM,Goudkoppies Wastewater Treatment Works,7/11/2022,Negative,Negative,
ENV-COV-22-189,Gauteng,Ekurhuleni MM,Hartebeesfontein Waterworks,7/12/2022,Negative,Negative,
ENV-COV-22-190,Gauteng,Tshwane MM,Rooiwal Wastewater Treatment Works,7/12/2022,Negative,Negative,
ENV-COV-22-191,Gauteng,Tshwane MM,Daspoort Wastewater Treatment Works,7/12/2022,Negative,Negative,
ENV-COV-22-192,Gauteng,Ekurhuleni MM,ERWAT Vlakplaat Wastewater Treatment Works,7/19/2022,Negative,Negative,
ENV-COV-22-193,Gauteng,Johannesburg MM,Goudkoppies Wastewater Treatment Works,7/19/2022,Negative,Negative,
ENV-COV-22-194,Gauteng,Ekurhuleni MM,Hartebeesfontein Waterworks,7/19/2022,Negative,Negative,
ENV-COV-22-195,Gauteng,Tshwane MM,Daspoort Wastewater Treatment Works,7/20/2022,Negative,Negative,
ENV-COV-22-196,Gauteng,Tshwane MM,Rooiwal Wastewater Treatment Works,7/20/2022,Negative,Negative,
ENV-COV-22-197,Gauteng,Ekurhuleni MM,Hartebeesfontein Waterworks,7/26/2022,Negative,Negative,
ENV-COV-22-198,Gauteng,Tshwane MM,Daspoort Wastewater Treatment Works,7/27/2022,Negative,Negative,
ENV-COV-22-199,,,,,Negative,Negative,
ENV-COV-22-200,,,,,Negative,Negative,
ENV-COV-22-202,,,,,Negative,Negative,
ENV-COV-22-213,Gauteng,Ekurhuleni MM,ERWAT Vlakplaat Wastewater Treatment Works,8/2/2022,Negative,Negative,
ENV-COV-22-214,Gauteng,Johannesburg MM,Goudkoppies Wastewater Treatment Works,8/2/2022,Positive,Positive,
ENV-COV-22-215,KwaZulu-Natal,Ethekwini MM,Central Wastewater Treatment Works (KZN),8/1/2022,Negative,Negative,
ENV-COV-22-216,Gauteng,Tshwane MM,Rooiwal Wastewater Treatment Works,8/3/2022,Negative,Negative,
ENV-COV-22-217,Eastern Cape,Buffalo City MM,Mdantsane Wastewater Treatment Works,8/2/2022,Positive,Positive,
ENV-COV-22-218,Eastern Cape,Buffalo City MM,East Bank Wastewater Treatment Works,8/2/2022,Negative,Negative,
ENV-COV-22-219,Free State,Mangaung MM,Bloemspruit Wastewater Treatment Works,8/2/2022,Negative,Positive,
ENV-COV-22-220,Free State,Mangaung MM,Sterkwater Wastewater Treatment Works,8/2/2022,Negative,Negative,
ENV-COV-22-221,Gauteng,Tshwane MM,Rooiwal Wastewater Treatment Works,8/10/2022,,,
ENV-COV-22-222,Gauteng,Tshwane MM,Daspoort Wastewater Treatment Works,8/10/2022,Negative,Negative,
ENV-COV-22-223,Gauteng,Ekurhuleni MM,ERWAT Vlakplaat Wastewater Treatment Works,8/10/2022,,,
ENV-COV-22-224,Gauteng,Johannesburg MM,Goudkoppies Wastewater Treatment Works,8/11/2022,,,
ENV-COV-22-225,KwaZulu-Natal,Ethekwini MM,Central Wastewater Treatment Works (KZN),8/10/2022,,,
ENV-COV-22-226,Free State,Mangaung MM,Bloemspruit Wastewater Treatment Works,8/10/2022,,,
ENV-COV-22-227,Gauteng,Ekurhuleni MM,ERWAT Vlakplaat Wastewater Treatment Works,8/16/2022,,,
ENV-COV-22-228,Gauteng,Johannesburg MM,Goudkoppies Wastewater Treatment Works,8/16/2022,,,
ENV-COV-22-229,Gauteng,Ekurhuleni MM,Hartebeesfontein Waterworks,8/16/2022,,,
ENV-COV-22-230,KwaZulu-Natal,Ethekwini MM,Central Wastewater Treatment Works (KZN),8/15/2022,,,
ENV-COV-22-231,Gauteng,Tshwane MM,Daspoort Wastewater Treatment Works,8/17/2022,,,
ENV-COV-22-232,Gauteng,Tshwane MM,Rooiwal Wastewater Treatment Works,8/17/2022,,,
ENV-COV-22-233,Gauteng,Ekurhuleni MM,Hartebeesfontein Waterworks,8/23/2022,,,
ENV-COV-22-234,Eastern Cape,Buffalo City MM,East Bank Wastewater Treatment Works,8/23/2022,,,
ENV-COV-22-235,Eastern Cape,Buffalo City MM,Mdantsane Wastewater Treatment Works,8/23/2022,,,
ENV-COV-22-236,Free State,Mangaung MM,Sterkwater Wastewater Treatment Works,8/23/2022,,,
ENV-COV-22-237,Gauteng,Tshwane MM,Daspoort Wastewater Treatment Works,8/25/2022,,,
ENV-COV-22-238,Free State,Mangaung MM,Bloemspruit Wastewater Treatment Works,8/23/2022,,,
ENV-COV-22-239,Gauteng,Ekurhuleni MM,Hartebeesfontein Waterworks,8/30/2022,,,
ENV-COV-22-240,Gauteng,Ekurhuleni MM,ERWAT Vlakplaat Wastewater Treatment Works,8/30/2022,,,
ENV-COV-22-241,Gauteng,Johannesburg MM,Goudkoppies Wastewater Treatment Works,8/30/2022,,,
ENV-COV-22-242,KwaZulu-Natal,Ethekwini MM,Central Wastewater Treatment Works (KZN),8/29/2022,,,
ENV-COV-22-243,Gauteng,Tshwane MM,Daspoort Wastewater Treatment Works,8/31/2022,,,
ENV-COV-22-244,Free State,Mangaung MM,Bloemspruit Wastewater Treatment Works,8/30/2022,,,
ENV-COV-22-245,Gauteng,Tshwane MM,Rooiwal Wastewater Treatment Works,8/31/2022,,,
ENV-COV-22-246,Eastern Cape,Buffalo City MM,Mdantsane Wastewater Treatment Works,8/30/2022,,,
ENV-COV-22-247,Eastern Cape,Buffalo City MM,East Bank Wastewater Treatment Works,8/30/2022,,,
ENV-COV-22-248,Free State,Mangaung MM,Sterkwater Wastewater Treatment Works,8/30/2022,,,
ENV-COV-22-249,Gauteng,Ekurhuleni MM,ERWAT Vlakplaat Wastewater Treatment Works,9/6/2022,,,
ENV-COV-22-250,KwaZulu-Natal,Ethekwini MM,Central Wastewater Treatment Works (KZN),9/5/2022,,,
ENV-COV-22-251,Gauteng,Johannesburg MM,Goudkoppies Wastewater Treatment Works,9/6/2022,,,
ENV-COV-22-252,Gauteng,Tshwane MM,Rooiwal Wastewater Treatment Works,9/7/2022,,,
ENV-COV-22-253,Eastern Cape,Buffalo City MM,Mdantsane Wastewater Treatment Works,9/7/2022,,,
ENV-COV-22-254,Eastern Cape,Buffalo City MM,East Bank Wastewater Treatment Works,9/6/2022,Negative,Negative,
ENV-COV-22-255,Free State,Mangaung MM,Sterkwater Wastewater Treatment Works,9/6/2022,,,
ENV-COV-22-256,Free State,Mangaung MM,Bloemspruit Wastewater Treatment Works,9/6/2022,,,
ENV-COV-22-257,Gauteng,Ekurhuleni MM,Hartebeesfontein Waterworks,9/13/2022,,,
ENV-COV-22-258,Gauteng,Ekurhuleni MM,ERWAT Vlakplaat Wastewater Treatment Works,9/13/2022,,,
ENV-COV-22-259,Gauteng,Johannesburg MM,Goudkoppies Wastewater Treatment Works,9/13/2022,,,
ENV-COV-22-260,Gauteng,Tshwane MM,Rooiwal Wastewater Treatment Works,9/14/2022,,,
ENV-COV-22-261,Gauteng,Tshwane MM,Daspoort Wastewater Treatment Works,9/14/2022,,,
ENV-COV-22-262,Gauteng,Ekurhuleni MM,Hartebeesfontein Waterworks,9/20/2022,,,
ENV-COV-22-263,KwaZulu-Natal,Ethekwini MM,Central Wastewater Treatment Works (KZN),9/19/2022,,,
ENV-COV-22-264,Gauteng,Johannesburg MM,Goudkoppies Wastewater Treatment Works,9/20/2022,,,
ENV-COV-22-265,Gauteng,Ekurhuleni MM,ERWAT Vlakplaat Wastewater Treatment Works,9/20/2022,,,
ENV-COV-22-266,Gauteng,Tshwane MM,Daspoort Wastewater Treatment Works,9/20/2022,,,
ENV-COV-22-267,Eastern Cape,Buffalo City MM,East Bank Wastewater Treatment Works,9/20/2022,Negative,Negative,
ENV-COV-22-268,Eastern Cape,Buffalo City MM,Mdantsane Wastewater Treatment Works,9/20/2022,,,
ENV-COV-22-269,Gauteng,Tshwane MM,Rooiwal Wastewater Treatment Works,9/22/2022,,,
ENV-COV-22-270,Gauteng,Ekurhuleni MM,Hartebeesfontein Waterworks,9/27/2022,,,
ENV-COV-22-271,Free State,Mangaung MM,Bloemspruit Wastewater Treatment Works,9/27/2022,,,
ENV-COV-22-272,Free State,Mangaung MM,Sterkwater Wastewater Treatment Works,9/27/2022,,,
ENV-COV-22-273,Gauteng,Tshwane MM,Daspoort Wastewater Treatment Works,9/28/2022,,,
ENV-COV-22-274,Eastern Cape,Buffalo City MM,Mdantsane Wastewater Treatment Works,9/27/2022,,,
ENV-COV-22-275,Eastern Cape,Buffalo City MM,East Bank Wastewater Treatment Works,9/27/2022,Negative,Negative,
ENV-COV-22-276,Gauteng,Ekurhuleni MM,ERWAT Vlakplaat Wastewater Treatment Works,10/4/2022,Negative,Negative,
ENV-COV-22-277,Gauteng,Johannesburg MM,Goudkoppies Wastewater Treatment Works,10/4/2022,Negative,Positive,
ENV-COV-22-278,KwaZulu-Natal,Ethekwini MM,Central Wastewater Treatment Works (KZN),10/3/2022,Negative,Negative,
ENV-COV-22-279,Eastern Cape,Buffalo City MM,East Bank Wastewater Treatment Works,10/4/2022,Negative,Negative,
ENV-COV-22-280,Eastern Cape,Buffalo City MM,Mdantsane Wastewater Treatment Works,10/4/2022,Negative,Negative,
ENV-COV-22-281,Free State,Mangaung MM,Bloemspruit Wastewater Treatment Works,10/4/2022,Positive,Positive,
ENV-COV-22-282,Free State,Mangaung MM,Sterkwater Wastewater Treatment Works,10/4/2022,Negative,Positive,
ENV-COV-22-283,Gauteng,Tshwane MM,Rooiwal Wastewater Treatment Works,10/5/2022,Negative,Positive,
ENV-COV-22-284,KwaZulu-Natal,Ethekwini MM,Central Wastewater Treatment Works (KZN),10/10/2022,Negative,Negative,
ENV-COV-22-285,Gauteng,Ekurhuleni MM,ERWAT Vlakplaat Wastewater Treatment Works,10/11/2022,Positive,Negative,
ENV-COV-22-286,Gauteng,Johannesburg MM,Goudkoppies Wastewater Treatment Works,10/11/2022,Negative,Negative,
ENV-COV-22-287,Free State,Mangaung MM,Bloemspruit Wastewater Treatment Works,10/11/2022,Negative,Positive,
ENV-COV-22-288,Free State,Mangaung MM,Sterkwater Wastewater Treatment Works,10/11/2022,Negative,Positive,
ENV-COV-22-289,Gauteng,Tshwane MM,Daspoort Wastewater Treatment Works,10/12/2022,Negative,Negative,
ENV-COV-22-290,Gauteng,Tshwane MM,Rooiwal Wastewater Treatment Works,10/12/2022,Negative,Negative,
ENV-COV-22-291,Gauteng,Ekurhuleni MM,Hartebeesfontein Waterworks,10/18/2022,Positive,Negative,
ENV-COV-22-292,KwaZulu-Natal,Ethekwini MM,Central Wastewater Treatment Works (KZN),10/17/2022,Negative,Negative,
ENV-COV-22-293,Gauteng,Ekurhuleni MM,ERWAT Vlakplaat Wastewater Treatment Works,10/18/2022,Negative,Negative,
ENV-COV-22-294,Gauteng,Johannesburg MM,Goudkoppies Wastewater Treatment Works,10/18/2022,Negative,Positive,
ENV-COV-22-295,Gauteng,Tshwane MM,Rooiwal Wastewater Treatment Works,10/19/2022,Negative,Negative,
ENV-COV-22-296,Gauteng,Tshwane MM,Daspoort Wastewater Treatment Works,10/19/2022,Negative,Negative,
ENV-COV-22-297,Eastern Cape,Buffalo City MM,Mdantsane Wastewater Treatment Works,10/18/2022,Negative,Negative,
ENV-COV-22-298,Eastern Cape,Buffalo City MM,East Bank Wastewater Treatment Works,10/18/2022,Negative,Negative,
ENV-COV-22-299,Gauteng,Ekurhuleni MM,Hartebeesfontein Waterworks,10/25/2022,Positive,Positive,
ENV-COV-22-300,Free State,Mangaung MM,Sterkwater Wastewater Treatment Works,10/25/2022,Negative,Positive,
ENV-COV-22-301,Free State,Mangaung MM,Bloemspruit Wastewater Treatment Works,10/25/2022,Negative,Negative,
ENV-COV-22-302,Eastern Cape,Buffalo City MM,East Bank Wastewater Treatment Works,10/25/2022,Negative,Positive,
ENV-COV-22-303,Eastern Cape,Buffalo City MM,Mdantsane Wastewater Treatment Works,10/25/2022,Negative,Positive,
ENV-COV-22-304,Gauteng,Tshwane MM,Daspoort Wastewater Treatment Works,10/26/2022,Negative,Negative,
ENV-COV-22-305,KwaZulu-Natal,Ethekwini MM,Central Wastewater Treatment Works (KZN),10/31/2022,,,
ENV-COV-22-306,Gauteng,Johannesburg MM,Goudkoppies Wastewater Treatment Works,11/1/2022,,,
ENV-COV-22-307,Gauteng,Tshwane MM,Rooiwal Wastewater Treatment Works,11/2/2022,,,
ENV-COV-22-308,Eastern Cape,Buffalo City MM,East Bank Wastewater Treatment Works,11/1/2022,,,
ENV-COV-22-309,Gauteng,Ekurhuleni MM,ERWAT Vlakplaat Wastewater Treatment Works,11/1/2022,,,
ENV-COV-22-310,Free State,Mangaung MM,Sterkwater Wastewater Treatment Works,10/25/2022,,,
ENV-COV-22-311,Free State,Mangaung MM,Bloemspruit Wastewater Treatment Works,11/1/2022,,,
ENV-COV-22-312,Eastern Cape,Buffalo City MM,Mdantsane Wastewater Treatment Works,11/1/2022,,,
ENV-COV-22-313,Gauteng,Ekurhuleni MM,Hartebeesfontein Waterworks,11/8/2022,,,
ENV-COV-22-314,Gauteng,Ekurhuleni MM,ERWAT Vlakplaat Wastewater Treatment Works,11/8/2022,,,
ENV-COV-22-315,KwaZulu-Natal,Ethekwini MM,Central Wastewater Treatment Works (KZN),11/7/2022,,,
ENV-COV-22-316,Free State,Mangaung MM,Bloemspruit Wastewater Treatment Works,11/8/2022,,,
ENV-COV-22-317,Free State,Mangaung MM,Sterkwater Wastewater Treatment Works,11/8/2022,,,
ENV-COV-22-318,Gauteng,Tshwane MM,Daspoort Wastewater Treatment Works,11/9/2022,,,
ENV-COV-22-319,Gauteng,Tshwane MM,Rooiwal Wastewater Treatment Works,11/9/2022,,,
ENV-COV-22-320,Western Cape,Cape Town MM,Borcherds Quarry Wastewater Treatment Works,11/14/2022,,,
ENV-COV-22-321,KwaZulu-Natal,Ethekwini MM,Central Wastewater Treatment Works (KZN),11/14/2022,,,
ENV-COV-22-322,Western Cape,Cape Town MM,Zandvleit Wastewater Treatment Works,11/14/2022,,,
ENV-COV-22-323,Gauteng,Johannesburg MM,Goudkoppies Wastewater Treatment Works,11/15/2022,Negative,Negative,
ENV-COV-22-324,Gauteng,Ekurhuleni MM,ERWAT Vlakplaat Wastewater Treatment Works,11/15/2022,,,
ENV-COV-22-325,Gauteng,Ekurhuleni MM,Hartebeesfontein Waterworks,11/15/2022,,,
ENV-COV-22-326,Eastern Cape,Buffalo City MM,East Bank Wastewater Treatment Works,11/15/2022,Negative,Negative,
ENV-COV-22-327,Eastern Cape,Buffalo City MM,Mdantsane Wastewater Treatment Works,11/15/2022,,,
ENV-COV-22-328,Eastern Cape,Nelson Mandela Bay MM,Kwanobuhle Wastewater Treatment Works,11/8/2022,,,
ENV-COV-22-329,Gauteng,Tshwane MM,Rooiwal Wastewater Treatment Works,11/16/2022,,,
ENV-COV-22-330,Gauteng,Tshwane MM,Daspoort Wastewater Treatment Works,11/16/2022,,,
ENV-COV-22-331,Gauteng,Ekurhuleni MM,Hartebeesfontein Waterworks,11/22/2022,,,
ENV-COV-22-332,Gauteng,Tshwane MM,Daspoort Wastewater Treatment Works,11/23/2022,,,
ENV-COV-22-333,Eastern Cape,Buffalo City MM,Mdantsane Wastewater Treatment Works,11/22/2022,Positive,Negative,
ENV-COV-22-334,Eastern Cape,Buffalo City MM,East Bank Wastewater Treatment Works,11/22/2022,,,
ENV-COV-22-335,Free State,Mangaung MM,Bloemspruit Wastewater Treatment Works,11/22/2022,,,
ENV-COV-22-336,Free State,Mangaung MM,Sterkwater Wastewater Treatment Works,11/22/2022,,,
ENV-COV-22-337,Gauteng,Tshwane MM,Daspoort Wastewater Treatment Works,11/30/2022,,,
ENV-COV-22-338,Gauteng,Tshwane MM,Rooiwal Wastewater Treatment Works,11/29/2022,,,
ENV-COV-22-339,Gauteng,Ekurhuleni MM,ERWAT Vlakplaat Wastewater Treatment Works,11/29/2022,,,
ENV-COV-22-340,Gauteng,Ekurhuleni MM,Hartebeesfontein Waterworks,11/29/2022,,,
ENV-COV-22-341,KwaZulu-Natal,Ethekwini MM,Central Wastewater Treatment Works (KZN),11/28/2022,,,
ENV-COV-22-342,Free State,Mangaung MM,Bloemspruit Wastewater Treatment Works,11/29/2022,,,
ENV-COV-22-343,Free State,Mangaung MM,Sterkwater Wastewater Treatment Works,11/29/2022,,,
ENV-COV-22-344,KwaZulu-Natal,Ethekwini MM,Northern Wastewater Treatment Works (KZN),12/5/2022,,,
ENV-COV-22-345,KwaZulu-Natal,Ethekwini MM,Central Wastewater Treatment Works (KZN),12/5/2022,,,
ENV-COV-22-346,Gauteng,Ekurhuleni MM,ERWAT Vlakplaat Wastewater Treatment Works,12/6/2022,,,
ENV-COV-22-347,Free State,Mangaung MM,Bloemspruit Wastewater Treatment Works,12/6/2022,,,
ENV-COV-22-348,Gauteng,Tshwane MM,Rooiwal Wastewater Treatment Works,12/7/2022,,,
ENV-COV-22-349,Gauteng,Tshwane MM,Rooiwal Wastewater Treatment Works,12/14/2022,,,
ENV-COV-22-350,Gauteng,Tshwane MM,Daspoort Wastewater Treatment Works,12/14/2022,,,
ENV-COV-22-351,Gauteng,Johannesburg MM,Goudkoppies Wastewater Treatment Works,12/13/2022,,,
ENV-COV-22-352,Gauteng,Ekurhuleni MM,ERWAT Vlakplaat Wastewater Treatment Works,12/13/2022,,,
ENV-COV-22-353,Free State,Mangaung MM,Bloemspruit Wastewater Treatment Works,12/13/2022,,,
ENV-COV-22-354,Gauteng,Ekurhuleni MM,Hartebeesfontein Waterworks,12/13/2022,,,
ENV-COV-22-355,KwaZulu-Natal,Ethekwini MM,Northern Wastewater Treatment Works (KZN),12/19/2022,,,
ENV-COV-22-356,KwaZulu-Natal,Ethekwini MM,Central Wastewater Treatment Works (KZN),12/19/2022,,,
ENV-COV-22-357,Gauteng,Ekurhuleni MM,ERWAT Vlakplaat Wastewater Treatment Works,12/20/2022,,,
ENV-COV-22-358,Gauteng,Ekurhuleni MM,Hartebeesfontein Waterworks,12/20/2022,,,
ENV-COV-22-359,Gauteng,Tshwane MM,Daspoort Wastewater Treatment Works,12/21/2022,Negative,Negative,
ENV-COV-22-360,Gauteng,Tshwane MM,Rooiwal Wastewater Treatment Works,12/21/2022,,,
ENV-COV-22-361,Eastern Cape,Buffalo City MM,East Bank Wastewater Treatment Works,12/20/2022,Negative,Negative,
ENV-COV-22-362,Eastern Cape,Buffalo City MM,Mdantsane Wastewater Treatment Works,12/20/2022,Negative,Negative,
ENV-COV-22-2251,Gauteng,Ekurhuleni MM,Hartebeesfontein Waterworks,10/22/2024,,,
ENV-COV-22-2961,Gauteng,Tshwane MM,Daspoort Wastewater Treatment Works,10/19/2022,,,
ENV-COV-22-2971,Eastern Cape,Buffalo City MM,Mdantsane Wastewater Treatment Works,10/18/2022,,,
ENV-COV-23-0424,Gauteng,Ekurhuleni MM,OR Tambo International Airport,6/28/2023,,,
ENV-COV-23-0522,Gauteng,Tshwane MM,Daspoort Wastewater Treatment Works,7/18/2023,,,
ENV-COV-23-0523,Gauteng,Tshwane MM,SAPS Training College,7/18/2023,Negative,Negative,
ENV-COV-23-0525,Gauteng,Tshwane MM,Atteridgeville Train Station,7/18/2023,Negative,Negative,
ENV-COV-23-0527,Gauteng,Tshwane MM,Laudium,7/18/2023,Negative,Negative,
ENV-COV-23-0528,Gauteng,Tshwane MM,Groenkloof,7/18/2023,Negative,Negative,
ENV-COV-23-0531,Gauteng,Johannesburg MM,Chris Hani Baragwanath Hospital,7/19/2023,Negative,Negative,
ENV-COV-23-0532,Gauteng,Johannesburg MM,Motsoaledi,7/19/2023,,,
ENV-COV-23-0533,Gauteng,Johannesburg MM,Klipsruit Yard (Before tunnel),7/19/2023,,,
ENV-COV-23-0534,Gauteng,Johannesburg MM,Klipspruit Veggies (After tunnel),7/19/2023,Negative,Negative,
ENV-COV-23-0535,Gauteng,Johannesburg MM,Bushkoppies Inlet,7/19/2023,Positive,Negative,
ENV-COV-23-0542,Gauteng,Ekurhuleni MM,Midstream,7/20/2023,Negative,Negative,
ENV-COV-23-0545,Gauteng,Ekurhuleni MM,Moloreng,7/20/2023,Negative,Negative,
ENV-COV-23-0548,Gauteng,Tshwane MM,Daspoort Wastewater Treatment Works,7/21/2023,,,
ENV-COV-23-0549,Gauteng,Tshwane MM,SAPS Training College,7/21/2023,Negative,Negative,
ENV-COV-23-0551,Gauteng,Tshwane MM,Atteridgeville Train Station,7/21/2023,,,
ENV-COV-23-0553,Gauteng,Tshwane MM,Laudium,7/21/2023,Negative,Negative,
ENV-COV-23-0554,Gauteng,Tshwane MM,Groenkloof,7/21/2023,,,
ENV-COV-23-0555,Gauteng,Ekurhuleni MM,Midstream,7/24/2023,,,
ENV-COV-23-0560,Gauteng,Tshwane MM,SAPS Training College,7/25/2023,,,
ENV-COV-23-0562,Gauteng,Tshwane MM,Atteridgeville Train Station,7/25/2023,Negative,Negative,
ENV-COV-23-0564,Gauteng,Tshwane MM,Laudium,7/25/2023,Negative,Negative,
ENV-COV-23-0565,Gauteng,Tshwane MM,Groenkloof,7/25/2023,,,
ENV-COV-23-0569,Gauteng,Johannesburg MM,Chris Hani Baragwanath Hospital,7/26/2023,,,
ENV-COV-23-0571,Gauteng,Johannesburg MM,Klipsruit Yard (Before tunnel),7/26/2023,,,
ENV-COV-23-0572,Gauteng,Johannesburg MM,Klipspruit Veggies (After tunnel),7/26/2023,,,
ENV-COV-23-0573,Gauteng,Johannesburg MM,Bushkoppies Inlet,7/26/2023,,,
ENV-COV-23-0574,Gauteng,Johannesburg MM,Motsoaledi,7/26/2023,,,
ENV-COV-23-0576,Gauteng,Ekurhuleni MM,Olifantsfontein,7/27/2023,,,
ENV-COV-23-0583,Gauteng,Tshwane MM,SAPS Training College,7/28/2023,,,
ENV-COV-23-0585,Gauteng,Tshwane MM,Atteridgeville Train Station,7/28/2023,,,
ENV-COV-23-0587,Gauteng,Tshwane MM,Groenkloof,7/28/2023,,,
ENV-COV-23-0589,Gauteng,Ekurhuleni MM,Midstream,7/31/2023,,,
ENV-COV-23-0593,Gauteng,Tshwane MM,Daspoort Wastewater Treatment Works,8/1/2023,,,
ENV-COV-23-0594,Gauteng,Tshwane MM,SAPS Training College,8/1/2023,,,
ENV-COV-23-0596,Gauteng,Tshwane MM,Atteridgeville Train Station,8/1/2023,,,
ENV-COV-23-0598,Gauteng,Tshwane MM,Laudium,8/1/2023,,,
ENV-COV-23-0599,Gauteng,Tshwane MM,Groenkloof,8/1/2023,,,
ENV-COV-23-0601,Gauteng,Johannesburg MM,Chris Hani Baragwanath Hospital,8/2/2023,,,
ENV-COV-23-0602,Gauteng,Johannesburg MM,Motsoaledi,8/2/2023,,,
ENV-COV-23-0603,Gauteng,Johannesburg MM,Klipsruit Yard (Before tunnel),8/2/2023,,,
ENV-COV-23-0604,Gauteng,Johannesburg MM,Klipspruit Veggies (After tunnel),8/2/2023,,,
ENV-COV-23-0605,Gauteng,Johannesburg MM,Bushkoppies Inlet,8/2/2023,,,
ENV-COV-23-0606,Gauteng,Johannesburg MM,Bushkoppies Final,8/2/2023,,,
ENV-COV-23-0628,Gauteng,Tshwane MM,Daspoort Wastewater Treatment Works,8/8/2023,,,
ENV-COV-23-0637,Gauteng,Ekurhuleni MM,Midstream,8/17/2023,,,
ENV-COV-23-0648,Gauteng,Tshwane MM,Daspoort Wastewater Treatment Works,8/11/2023,Positive,Negative,
ENV-COV-23-0671,Gauteng,Johannesburg MM,Chris Hani Baragwanath Hospital,8/16/2023,Negative,Negative,
ENV-COV-23-0676,Gauteng,Johannesburg MM,Bushkoppies Final,8/16/2023,,,
ENV-COV-23-0684,Gauteng,Johannesburg MM,Goudkoppies Wastewater Treatment Works,8/16/2023,Negative,Negative,
ENV-COV-23-0696,Gauteng,Ekurhuleni MM,Midstream,8/21/2023,Negative,Negative,
ENV-COV-23-0697,Gauteng,Ekurhuleni MM,Tembisa Mall,8/21/2023,Negative,Negative,
ENV-COV-23-0698,Gauteng,Ekurhuleni MM,Moloreng,8/21/2023,Negative,Negative,
ENV-COV-23-0699,Gauteng,Ekurhuleni MM,Namane Drive,8/21/2023,Negative,Negative,
ENV-COV-23-0700,Gauteng,Ekurhuleni MM,Sasol Garage,8/21/2023,Positive,Negative,
ENV-COV-23-0701,Gauteng,Tshwane MM,Daspoort Wastewater Treatment Works,8/22/2023,Positive,Negative,
ENV-COV-23-0702,Gauteng,Tshwane MM,SAPS Training College,8/22/2023,Negative,Negative,
ENV-COV-23-0703,Gauteng,Tshwane MM,Kalafong Hospital,8/22/2023,Negative,Negative,
ENV-COV-23-0704,Gauteng,Tshwane MM,Atteridgeville Train Station,8/22/2023,Positive,Negative,
ENV-COV-23-0705,Gauteng,Tshwane MM,Vergenoeg,8/22/2023,Positive,Negative,
ENV-COV-23-0706,Gauteng,Tshwane MM,Laudium,8/22/2023,Negative,Negative,
ENV-COV-23-0707,Gauteng,Tshwane MM,Groenkloof,8/22/2023,Negative,Positive,
ENV-COV-23-0708,Gauteng,Johannesburg MM,Chris Hani Baragwanath Hospital,8/23/2023,Negative,Negative,
ENV-COV-23-0709,Gauteng,Johannesburg MM,Motsoaledi,8/23/2023,Positive,Negative,
ENV-COV-23-0710,Gauteng,Johannesburg MM,Klipsruit Yard (Before tunnel),8/23/2023,Negative,Negative,
ENV-COV-23-0711,Gauteng,Johannesburg MM,Klipspruit Veggies (After tunnel),8/23/2023,Negative,Negative,
ENV-COV-23-0712,Gauteng,Johannesburg MM,Bushkoppies Inlet,8/23/2023,Positive,Positive,
ENV-COV-23-0713,Gauteng,Johannesburg MM,Bushkoppies Final,8/23/2023,Positive,Positive,
ENV-COV-23-0714,Gauteng,Johannesburg MM,Goudkoppies Wastewater Treatment Works,8/23/2023,Positive,Negative,
ENV-COV-23-0715,Gauteng,Ekurhuleni MM,Hartebeesfontein Waterworks,8/22/2023,Positive,Positive,
ENV-COV-23-0716,Eastern Cape,Buffalo City MM,Mdantsane Wastewater Treatment Works,8/22/2023,Positive,Positive,
ENV-COV-23-0717,Eastern Cape,Buffalo City MM,East Bank Wastewater Treatment Works,8/22/2023,Negative,Negative,
ENV-COV-23-0718,Gauteng,Ekurhuleni MM,Midstream,8/24/2023,Negative,Negative,
ENV-COV-23-0719,Gauteng,Ekurhuleni MM,Tembisa Mall,8/24/2023,Negative,Negative,
ENV-COV-23-0720,Gauteng,Ekurhuleni MM,Moloreng,8/24/2023,Negative,Negative,
ENV-COV-23-0721,Gauteng,Ekurhuleni MM,Namane Drive,8/24/2023,Negative,Negative,
ENV-COV-23-0722,Gauteng,Ekurhuleni MM,Sasol Garage,8/24/2023,Negative,Negative,
ENV-COV-23-0723,Gauteng,Tshwane MM,Daspoort Wastewater Treatment Works,8/25/2023,Negative,Negative,
ENV-COV-23-0724,Gauteng,Tshwane MM,SAPS Training College,8/25/2023,Negative,Negative,
ENV-COV-23-0725,Gauteng,Tshwane MM,Kalafong Hospital,8/25/2023,Negative,Negative,
ENV-COV-23-0726,Gauteng,Tshwane MM,Atteridgeville Train Station,8/25/2023,Negative,Negative,
ENV-COV-23-0727,Gauteng,Tshwane MM,Vergenoeg,8/25/2023,Negative,Negative,
ENV-COV-23-0728,Gauteng,Tshwane MM,Groenkloof,8/25/2023,Negative,Negative,
ENV-COV-23-0729,Eastern Cape,Buffalo City MM,Mdantsane Wastewater Treatment Works,8/24/2023,Negative,Positive,
ENV-COV-23-0730,Gauteng,Ekurhuleni MM,Midstream,8/28/2023,Negative,Negative,
ENV-COV-23-0731,Gauteng,Ekurhuleni MM,Tembisa Mall,8/28/2023,Positive,Negative,
ENV-COV-23-0732,Gauteng,Ekurhuleni MM,Moloreng,8/28/2023,Negative,Negative,
ENV-COV-23-0733,Gauteng,Ekurhuleni MM,Sasol Garage,8/28/2023,Negative,Negative,
ENV-COV-23-0734,Free State,Mangaung MM,Bloemspruit Wastewater Treatment Works,8/22/2023,Positive,Positive,
ENV-COV-23-0735,Free State,Mangaung MM,Sterkwater Wastewater Treatment Works,8/22/2023,Negative,Negative,
ENV-COV-23-0736,Gauteng,Tshwane MM,Daspoort Wastewater Treatment Works,8/29/2023,Positive,Negative,
ENV-COV-23-0737,Gauteng,Tshwane MM,SAPS Training College,8/29/2023,Negative,Negative,
ENV-COV-23-0738,Gauteng,Tshwane MM,Atteridgeville Train Station,8/29/2023,Positive,Positive,
ENV-COV-23-0739,Gauteng,Tshwane MM,Atteridgeville Train Station,8/29/2023,Negative,Negative,
ENV-COV-23-0740,Gauteng,Tshwane MM,Vergenoeg,8/29/2023,Negative,Negative,
ENV-COV-23-0741,Gauteng,Tshwane MM,Laudium,8/29/2023,Negative,Negative,
ENV-COV-23-0742,Gauteng,Tshwane MM,Groenkloof,8/29/2023,Negative,Negative,
ENV-COV-23-0743,Gauteng,Johannesburg MM,Chris Hani Baragwanath Hospital,8/30/2023,Positive,Negative,
ENV-COV-23-0744,Gauteng,Johannesburg MM,Motsoaledi,8/30/2023,Negative,Positive,
ENV-COV-23-0745,Gauteng,Johannesburg MM,Klipsruit Yard (Before tunnel),8/30/2023,Positive,Negative,
ENV-COV-23-0746,Gauteng,Johannesburg MM,Klipsruit Yard (Before tunnel),8/30/2023,Negative,Negative,
ENV-COV-23-0747,Gauteng,Johannesburg MM,Bushkoppies Inlet,8/30/2023,Negative,Negative,
ENV-COV-23-0748,Gauteng,Johannesburg MM,Bushkoppies Final,8/30/2023,Negative,Negative,
ENV-COV-23-0749,KwaZulu-Natal,Ethekwini MM,Central Wastewater Treatment Works (KZN),8/28/2023,Negative,Negative,
ENV-COV-23-0750,KwaZulu-Natal,Ethekwini MM,Northern Wastewater Treatment Works (KZN),8/28/2023,Positive,Negative,
ENV-COV-23-0751,Free State,Mangaung MM,Bloemspruit Wastewater Treatment Works,8/29/2023,Positive,Negative,
ENV-COV-23-0752,Free State,Mangaung MM,Sterkwater Wastewater Treatment Works,8/29/2023,Negative,Negative,
ENV-COV-23-0753,Gauteng,Ekurhuleni MM,Hartebeesfontein Waterworks,8/29/2023,Negative,Negative,
ENV-COV-23-0754,Gauteng,Ekurhuleni MM,Midstream,8/31/2023,Negative,Negative,
ENV-COV-23-0755,Gauteng,Ekurhuleni MM,Tembisa Mall,8/31/2023,Negative,Negative,
ENV-COV-23-0756,Gauteng,Ekurhuleni MM,Moloreng,8/31/2023,Negative,Negative,
ENV-COV-23-0757,Gauteng,Ekurhuleni MM,Sasol Garage,8/31/2023,Negative,Negative,
ENV-COV-23-0758,Gauteng,Tshwane MM,SAPS Training College,9/1/2023,Negative,Negative,
ENV-COV-23-0759,Gauteng,Tshwane MM,Atteridgeville Train Station,9/1/2023,Negative,Positive,
ENV-COV-23-0760,Gauteng,Tshwane MM,Vergenoeg,9/1/2023,Positive,Negative,
ENV-COV-23-0761,Gauteng,Tshwane MM,Laudium,9/1/2023,Negative,Negative,
ENV-COV-23-0762,Gauteng,Tshwane MM,Groenkloof,9/1/2023,Negative,Negative,
ENV-COV-23-0763,Eastern Cape,Buffalo City MM,East Bank Wastewater Treatment Works,8/29/2023,Negative,Negative,
ENV-COV-23-0764,Eastern Cape,Buffalo City MM,Mdantsane Wastewater Treatment Works,8/29/2023,Negative,Negative,
ENV-COV-23-0765,Gauteng,Ekurhuleni MM,Midstream,9/4/2023,Negative,Negative,
ENV-COV-23-0766,Gauteng,Ekurhuleni MM,Tembisa Mall,9/4/2023,Negative,Negative,
ENV-COV-23-0767,Gauteng,Ekurhuleni MM,Moloreng,9/4/2023,Negative,Positive,
ENV-COV-23-0768,Gauteng,Ekurhuleni MM,Sasol Garage,9/4/2023,Negative,Negative,
ENV-COV-23-0770,Gauteng,Tshwane MM,Rooiwal Wastewater Treatment Works,8/30/2023,Negative,Negative,
ENV-COV-23-0771,KwaZulu-Natal,Ethekwini MM,Northern Wastewater Treatment Works (KZN),9/4/2023,Negative,Negative,
ENV-COV-23-0772,Gauteng,Tshwane MM,Daspoort Wastewater Treatment Works,9/5/2023,Negative,Negative,
ENV-COV-23-0773,Gauteng,Tshwane MM,SAPS Training College,9/5/2023,Negative,Negative,
ENV-COV-23-0774,Gauteng,Tshwane MM,Atteridgeville Train Station,9/5/2023,Negative,Negative,
ENV-COV-23-0775,Gauteng,Tshwane MM,Vergenoeg,9/5/2023,Negative,Negative,
ENV-COV-23-0776,Gauteng,Tshwane MM,Laudium,9/5/2023,Negative,Negative,
ENV-COV-23-0777,Gauteng,Tshwane MM,Groenkloof,9/5/2023,Negative,Negative,
ENV-COV-23-0778,Gauteng,Ekurhuleni MM,ERWAT Vlakplaat Wastewater Treatment Works,9/5/2023,Negative,Negative,
ENV-COV-23-0779,Gauteng,Johannesburg MM,Goudkoppies Wastewater Treatment Works,9/6/2023,Negative,Negative,
ENV-COV-23-0780,Gauteng,Johannesburg MM,Chris Hani Baragwanath Hospital,9/6/2023,Negative,Negative,
ENV-COV-23-0781,Gauteng,Johannesburg MM,Motsoaledi,9/6/2023,Negative,Negative,
ENV-COV-23-0782,Gauteng,Johannesburg MM,Klipsruit Yard (Before tunnel),9/6/2023,Negative,Positive,
ENV-COV-23-0783,Gauteng,Johannesburg MM,Klipspruit Veggies (After tunnel),9/6/2023,Negative,Negative,
ENV-COV-23-0784,Gauteng,Johannesburg MM,Bushkoppies Inlet,9/6/2023,Negative,Negative,
ENV-COV-23-0785,Gauteng,Johannesburg MM,Bushkoppies Final,9/6/2023,Negative,Negative,
ENV-COV-23-0786,Free State,Mangaung MM,Sterkwater Wastewater Treatment Works,9/5/2023,Negative,Negative,
ENV-COV-23-0787,Free State,Mangaung MM,Bloemspruit Wastewater Treatment Works,9/5/2023,Negative,Negative,
ENV-COV-23-0788,Gauteng,Tshwane MM,Rooiwal Wastewater Treatment Works,9/6/2023,Negative,Negative,
ENV-COV-23-0789,Gauteng,Ekurhuleni MM,Midstream,9/7/2023,Negative,Negative,
ENV-COV-23-0790,Gauteng,Ekurhuleni MM,Tembisa Mall,9/7/2023,Negative,Negative,
ENV-COV-23-0791,Gauteng,Ekurhuleni MM,Moloreng,9/7/2023,Negative,Negative,
ENV-COV-23-0792,Gauteng,Ekurhuleni MM,Sasol Garage,9/7/2023,Negative,Negative,
ENV-COV-23-0793,Eastern Cape,Buffalo City MM,Mdantsane Wastewater Treatment Works,9/5/2023,Negative,Positive,
ENV-COV-23-0794,Eastern Cape,Buffalo City MM,East Bank Wastewater Treatment Works,9/5/2023,Negative,Negative,
ENV-COV-23-0795,Gauteng,Tshwane MM,Daspoort Wastewater Treatment Works,9/8/2023,Positive,Negative,
ENV-COV-23-0796,Gauteng,Tshwane MM,SAPS Training College,9/8/2023,Positive,Negative,
ENV-COV-23-0797,Gauteng,Tshwane MM,Atteridgeville Train Station,9/8/2023,Positive,Negative,
ENV-COV-23-0798,Gauteng,Tshwane MM,Vergenoeg,9/8/2023,Negative,Negative,
ENV-COV-23-0799,Gauteng,Tshwane MM,Laudium,9/8/2023,Negative,Negative,
ENV-COV-23-0800,Gauteng,Tshwane MM,Groenkloof,9/8/2023,Negative,Negative,
ENV-COV-23-0801,Gauteng,Ekurhuleni MM,Midstream,9/11/2023,Negative,Negative,
ENV-COV-23-0802,Gauteng,Ekurhuleni MM,Tembisa Mall,9/11/2023,Positive,Positive,
ENV-COV-23-0803,Gauteng,Ekurhuleni MM,Moloreng,9/11/2023,Negative,Negative,
ENV-COV-23-0804,Gauteng,Ekurhuleni MM,Sasol Garage,9/11/2023,Positive,Negative,
ENV-COV-23-0805,Gauteng,Tshwane MM,Daspoort Wastewater Treatment Works,9/12/2023,Negative,Negative,
ENV-COV-23-0806,Gauteng,Tshwane MM,SAPS Training College,9/12/2023,Positive,Negative,
ENV-COV-23-0807,Gauteng,Tshwane MM,Atteridgeville Train Station,9/12/2023,Negative,Negative,
ENV-COV-23-0808,Gauteng,Tshwane MM,Vergenoeg,9/12/2023,Negative,Negative,
ENV-COV-23-0809,Gauteng,Tshwane MM,Laudium,9/12/2023,Negative,Negative,
ENV-COV-23-0810,Gauteng,Tshwane MM,Groenkloof,9/12/2023,Negative,Negative,
ENV-COV-23-0811,Eastern Cape,Nelson Mandela Bay MM,Kwanobuhle Wastewater Treatment Works,9/11/2023,Positive,Positive,
ENV-COV-23-0812,Eastern Cape,Nelson Mandela Bay MM,Brickfield Pre-treatment Works,9/12/2023,Positive,Negative,
ENV-COV-23-0813,Gauteng,Ekurhuleni MM,Hartebeesfontein Waterworks,9/12/2023,Positive,Positive,
ENV-COV-23-0814,Gauteng,Ekurhuleni MM,ERWAT Vlakplaat Wastewater Treatment Works,9/12/2023,Positive,Positive,
ENV-COV-23-0815,Gauteng,Johannesburg MM,Chris Hani Baragwanath Hospital,9/13/2023,Negative,Negative,
ENV-COV-23-0816,Gauteng,Johannesburg MM,Motsoaledi,9/13/2023,Negative,Negative,
ENV-COV-23-0817,Gauteng,Johannesburg MM,Klipsruit Yard (Before tunnel),9/13/2023,Positive,Negative,
ENV-COV-23-0818,Gauteng,Johannesburg MM,Klipspruit Veggies (After tunnel),9/13/2023,Negative,Negative,
ENV-COV-23-0819,Gauteng,Johannesburg MM,Bushkoppies Inlet,9/13/2023,Negative,Negative,
ENV-COV-23-0820,Gauteng,Johannesburg MM,Bushkoppies Final,9/13/2023,Positive,Negative,
ENV-COV-23-0821,Gauteng,Tshwane MM,Rooiwal Wastewater Treatment Works,9/13/2023,Negative,Negative,
ENV-COV-23-0822,Gauteng,Ekurhuleni MM,Midstream,9/14/2023,Positive,Negative,
ENV-COV-23-0823,Gauteng,Ekurhuleni MM,Tembisa Mall,9/14/2023,Negative,Negative,
ENV-COV-23-0824,Gauteng,Ekurhuleni MM,Moloreng,9/14/2023,Negative,Negative,
ENV-COV-23-0825,Gauteng,Ekurhuleni MM,Sasol Garage,9/14/2023,Negative,Negative,
ENV-COV-23-0826,Free State,Mangaung MM,Sterkwater Wastewater Treatment Works,9/12/2023,Negative,Positive,
ENV-COV-23-0827,Free State,Mangaung MM,Bloemspruit Wastewater Treatment Works,9/12/2023,Negative,Positive,
ENV-COV-23-0828,Gauteng,Tshwane MM,Daspoort Wastewater Treatment Works,9/15/2023,Negative,Negative,
ENV-COV-23-0829,Gauteng,Tshwane MM,SAPS Training College,9/15/2023,Negative,Negative,
ENV-COV-23-0830,Gauteng,Tshwane MM,Atteridgeville Train Station,9/15/2023,Negative,Negative,
ENV-COV-23-0831,Gauteng,Tshwane MM,Vergenoeg,9/15/2023,Negative,Negative,
ENV-COV-23-0832,Gauteng,Tshwane MM,Laudium,9/15/2023,Negative,Negative,
ENV-COV-23-0833,Gauteng,Tshwane MM,Groenkloof,9/15/2023,Negative,Negative,
ENV-COV-23-0834,Gauteng,Ekurhuleni MM,Midstream,9/18/2023,Negative,Negative,
ENV-COV-23-0835,Gauteng,Ekurhuleni MM,Tembisa Mall,9/18/2023,Negative,Negative,
ENV-COV-23-0836,Gauteng,Ekurhuleni MM,Moloreng,9/18/2023,Negative,Positive,
ENV-COV-23-0837,Gauteng,Ekurhuleni MM,Sasol Garage,9/18/2023,Negative,Negative,
ENV-COV-23-0838,KwaZulu-Natal,Ethekwini MM,Northern Wastewater Treatment Works (KZN),9/18/2023,Negative,Negative,
ENV-COV-23-0839,KwaZulu-Natal,Ethekwini MM,Central Wastewater Treatment Works (KZN),9/18/2023,Negative,Negative,
ENV-COV-23-0840,Gauteng,Tshwane MM,Daspoort Wastewater Treatment Works,9/19/2023,Negative,Negative,
ENV-COV-23-0841,Gauteng,Tshwane MM,SAPS Training College,9/19/2023,Negative,Negative,
ENV-COV-23-0842,Gauteng,Tshwane MM,Atteridgeville Train Station,9/19/2023,Negative,Negative,
ENV-COV-23-0843,Gauteng,Tshwane MM,Vergenoeg,9/19/2023,Positive,Negative,
ENV-COV-23-0844,Gauteng,Tshwane MM,Laudium,9/19/2023,Negative,Negative,
ENV-COV-23-0845,Gauteng,Tshwane MM,Groenkloof,9/19/2023,Negative,Negative,
ENV-COV-23-0846,Eastern Cape,Buffalo City MM,Mdantsane Wastewater Treatment Works,9/12/2023,Negative,Negative,
ENV-COV-23-0847,Eastern Cape,Buffalo City MM,East Bank Wastewater Treatment Works,9/12/2023,Negative,Negative,
ENV-COV-23-0848,Eastern Cape,Buffalo City MM,Mdantsane Wastewater Treatment Works,9/14/2023,Negative,Negative,
ENV-COV-23-0849,Gauteng,Ekurhuleni MM,Hartebeesfontein Waterworks,9/19/2023,Negative,Negative,
ENV-COV-23-0850,Gauteng,Ekurhuleni MM,ERWAT Vlakplaat Wastewater Treatment Works,9/19/2023,Negative,Negative,
ENV-COV-23-0851,Gauteng,Tshwane MM,Rooiwal Wastewater Treatment Works,9/20/2023,Negative,Negative,
ENV-COV-23-0852,Gauteng,Johannesburg MM,Chris Hani Baragwanath Hospital,9/20/2023,Negative,Positive,
ENV-COV-23-0853,Gauteng,Johannesburg MM,Motsoaledi,9/20/2023,Negative,Negative,
ENV-COV-23-0854,Gauteng,Johannesburg MM,Bushkoppies Inlet,9/20/2023,Positive,Positive,
ENV-COV-23-0855,Gauteng,Johannesburg MM,Bushkoppies Final,9/20/2023,Negative,Positive,
ENV-COV-23-0856,Gauteng,Johannesburg MM,Goudkoppies Wastewater Treatment Works,9/20/2023,Negative,Negative,
ENV-COV-23-0857,Gauteng,Ekurhuleni MM,Midstream,9/21/2023,Negative,Negative,
ENV-COV-23-0858,Gauteng,Ekurhuleni MM,Tembisa Mall,9/21/2023,Positive,Negative,
ENV-COV-23-0860,Gauteng,Ekurhuleni MM,Moloreng,9/21/2023,Negative,Negative,
ENV-COV-23-0861,Gauteng,Ekurhuleni MM,Namane Drive,9/21/2023,Negative,Negative,
ENV-COV-23-0862,Gauteng,Ekurhuleni MM,Sasol Garage,9/21/2023,Negative,Negative,
ENV-COV-23-0863,Eastern Cape,Buffalo City MM,Mdantsane Wastewater Treatment Works,9/19/2023,Negative,Negative,
ENV-COV-23-0864,Eastern Cape,Buffalo City MM,East Bank Wastewater Treatment Works,9/19/2023,Negative,Negative,
ENV-COV-23-0865,Gauteng,Tshwane MM,Daspoort Wastewater Treatment Works,9/22/2023,Negative,Negative,
ENV-COV-23-0866,Gauteng,Tshwane MM,SAPS Training College,9/22/2023,Negative,Negative,
ENV-COV-23-0867,Gauteng,Tshwane MM,Atteridgeville Train Station,9/22/2023,Negative,Positive,
ENV-COV-23-0868,Gauteng,Tshwane MM,Vergenoeg,9/22/2023,Negative,Negative,
ENV-COV-23-0869,Gauteng,Tshwane MM,Laudium,9/22/2023,Negative,Negative,
ENV-COV-23-0870,Gauteng,Tshwane MM,Groenkloof,9/22/2023,Negative,Negative,
ENV-COV-23-0871,Eastern Cape,Buffalo City MM,Mdantsane Wastewater Treatment Works,9/21/2023,Negative,Negative,
ENV-COV-23-0872,Gauteng,Tshwane MM,Daspoort Wastewater Treatment Works,9/26/2023,Positive,Negative,
ENV-COV-23-0873,Gauteng,Tshwane MM,SAPS Training College,9/26/2023,Negative,Negative,
ENV-COV-23-0874,Gauteng,Tshwane MM,Atteridgeville Train Station,9/26/2023,Negative,Negative,
ENV-COV-23-0875,Gauteng,Tshwane MM,Vergenoeg,9/26/2023,Negative,Negative,
ENV-COV-23-0876,Gauteng,Tshwane MM,Laudium,9/26/2023,Negative,Negative,
ENV-COV-23-0877,Gauteng,Tshwane MM,Groenkloof,9/26/2023,Negative,Negative,
ENV-COV-23-0878,Gauteng,Johannesburg MM,Chris Hani Baragwanath Hospital,9/27/2023,Negative,Negative,
ENV-COV-23-0879,Gauteng,Johannesburg MM,Motsoaledi,9/27/2023,Negative,Negative,
ENV-COV-23-0880,Gauteng,Johannesburg MM,Klipsruit Yard (Before tunnel),9/27/2023,Negative,Negative,
ENV-COV-23-0881,Gauteng,Johannesburg MM,Klipspruit Veggies (After tunnel),9/27/2023,Negative,Negative,
ENV-COV-23-0882,Gauteng,Johannesburg MM,Bushkoppies Inlet,9/27/2023,Negative,Negative,
ENV-COV-23-0883,Gauteng,Johannesburg MM,Bushkoppies Final,9/27/2023,Negative,Negative,
ENV-COV-23-0884,Gauteng,Ekurhuleni MM,Hartebeesfontein Waterworks,9/26/2023,Negative,Negative,
ENV-COV-23-0885,Free State,Mangaung MM,Bloemspruit Wastewater Treatment Works,9/26/2023,Negative,Negative,
ENV-COV-23-0886,KwaZulu-Natal,Ethekwini MM,Central Wastewater Treatment Works (KZN),9/26/2023,Negative,Negative,
ENV-COV-23-0887,KwaZulu-Natal,Ethekwini MM,Northern Wastewater Treatment Works (KZN),9/26/2023,Negative,Negative,
ENV-COV-23-0888,Eastern Cape,Buffalo City MM,Mdantsane Wastewater Treatment Works,9/26/2023,Negative,Negative,
ENV-COV-23-0889,Eastern Cape,Buffalo City MM,East Bank Wastewater Treatment Works,9/26/2023,Negative,Negative,
ENV-COV-23-0890,Free State,Mangaung MM,Sterkwater Wastewater Treatment Works,9/26/2023,Negative,Negative,
ENV-COV-23-0891,Gauteng,Ekurhuleni MM,Midstream,9/28/2023,Negative,Negative,
ENV-COV-23-0892,Gauteng,Ekurhuleni MM,Tembisa Mall,9/28/2023,Positive,Negative,
ENV-COV-23-0893,Gauteng,Ekurhuleni MM,Moloreng,9/28/2023,Negative,Negative,
ENV-COV-23-0894,Gauteng,Ekurhuleni MM,Namane Drive,9/28/2023,Negative,Negative,
ENV-COV-23-0895,Gauteng,Ekurhuleni MM,Sasol Garage,9/28/2023,Negative,Negative,
ENV-COV-23-0896,Gauteng,Tshwane MM,Daspoort Wastewater Treatment Works,9/29/2023,Negative,Negative,
ENV-COV-23-0897,Gauteng,Tshwane MM,SAPS Training College,9/29/2023,Negative,Negative,
ENV-COV-23-0898,Gauteng,Tshwane MM,Atteridgeville Train Station,9/29/2023,Negative,Negative,
ENV-COV-23-0899,Gauteng,Tshwane MM,Vergenoeg,9/29/2023,Negative,Negative,
ENV-COV-23-0900,Gauteng,Tshwane MM,Laudium,9/29/2023,Negative,Negative,
ENV-COV-23-0901,Gauteng,Tshwane MM,Groenkloof,9/29/2023,Negative,Negative,
ENV-COV-23-0902,Gauteng,Ekurhuleni MM,Midstream,10/2/2023,Negative,Negative,
ENV-COV-23-0903,Gauteng,Ekurhuleni MM,Tembisa Mall,10/2/2023,Negative,Negative,
ENV-COV-23-0904,Gauteng,Ekurhuleni MM,Moloreng,10/2/2023,Positive,Negative,
ENV-COV-23-0905,Gauteng,Ekurhuleni MM,Namane Drive,10/2/2023,Negative,Negative,
ENV-COV-23-0906,Gauteng,Ekurhuleni MM,Sasol Garage,10/2/2023,Negative,Negative,
ENV-COV-23-0907,Gauteng,Tshwane MM,Daspoort Wastewater Treatment Works,10/3/2023,Negative,Negative,
ENV-COV-23-0908,Gauteng,Tshwane MM,SAPS Training College,10/3/2023,Negative,Negative,
ENV-COV-23-0909,Gauteng,Tshwane MM,Kalafong Hospital,10/3/2023,Negative,Negative,
ENV-COV-23-0910,Gauteng,Tshwane MM,Atteridgeville Train Station,10/3/2023,Negative,Negative,
ENV-COV-23-0911,Gauteng,Tshwane MM,Vergenoeg,10/3/2023,Negative,Negative,
ENV-COV-23-0912,Gauteng,Tshwane MM,Laudium,10/3/2023,Negative,Negative,
ENV-COV-23-0913,Gauteng,Tshwane MM,Groenkloof,10/3/2023,Positive,Positive,
ENV-COV-23-0914,Gauteng,Johannesburg MM,Chris Hani Baragwanath Hospital,10/4/2023,Negative,Negative,
ENV-COV-23-0915,Gauteng,Johannesburg MM,Motsoaledi,10/4/2023,Negative,Negative,
ENV-COV-23-0916,Gauteng,Johannesburg MM,Klipsruit Yard (Before tunnel),10/4/2023,Negative,Negative,
ENV-COV-23-0917,Gauteng,Johannesburg MM,Klipspruit Veggies (After tunnel),10/4/2023,Positive,Negative,
ENV-COV-23-0918,Gauteng,Johannesburg MM,Bushkoppies Inlet,10/4/2023,Positive,Negative,
ENV-COV-23-0919,Gauteng,Johannesburg MM,Bushkoppies Final,10/4/2023,Positive,Negative,
ENV-COV-23-0920,Free State,Mangaung MM,Sterkwater Wastewater Treatment Works,10/3/2023,,,
ENV-COV-23-0921,KwaZulu-Natal,Ethekwini MM,Central Wastewater Treatment Works (KZN),10/2/2023,Negative,Negative,
ENV-COV-23-0922,Gauteng,Ekurhuleni MM,Tembisa Hospital Downstream,10/5/2023,Negative,Negative,
ENV-COV-23-0923,Gauteng,Ekurhuleni MM,Moloreng,10/5/2023,,,
ENV-COV-23-0924,Gauteng,Ekurhuleni MM,Namane Drive,10/5/2023,,,
ENV-COV-23-0925,Gauteng,Ekurhuleni MM,Sasol Garage,10/5/2023,,,
ENV-COV-23-0926,Gauteng,Ekurhuleni MM,Midstream,10/5/2023,,,
ENV-COV-23-0927,Gauteng,Ekurhuleni MM,Tembisa Mall,10/5/2023,,,
ENV-COV-23-0928,Eastern Cape,Buffalo City MM,Mdantsane Wastewater Treatment Works,9/28/2023,Negative,Negative,
ENV-COV-23-0929,Gauteng,Ekurhuleni MM,Hartebeesfontein Waterworks,10/3/2023,Positive,Negative,
ENV-COV-23-0930,Gauteng,Ekurhuleni MM,ERWAT Vlakplaat Wastewater Treatment Works,10/3/2023,Negative,Negative,
ENV-COV-23-0931,Eastern Cape,Buffalo City MM,Mdantsane Wastewater Treatment Works,10/3/2023,Negative,Positive,
ENV-COV-23-0932,Eastern Cape,Buffalo City MM,East Bank Wastewater Treatment Works,10/3/2023,Negative,Negative,
ENV-COV-23-0933,Free State,Mangaung MM,Bloemspruit Wastewater Treatment Works,10/3/2023,Negative,Negative,
ENV-COV-23-0934,Free State,Mangaung MM,Sterkwater Wastewater Treatment Works,10/3/2023,Negative,Negative,
ENV-COV-23-0935,KwaZulu-Natal,Ethekwini MM,Central Wastewater Treatment Works (KZN),10/2/2023,Negative,Negative,
ENV-COV-23-0936,Western Cape,Cape Town MM,Zandvleit Wastewater Treatment Works,10/3/2023,Negative,Negative,
ENV-COV-23-0937,Gauteng,Tshwane MM,Daspoort Wastewater Treatment Works,10/6/2023,Negative,Negative,
ENV-COV-23-0938,Gauteng,Tshwane MM,SAPS Training College,10/6/2023,Negative,Negative,
ENV-COV-23-0939,Gauteng,Tshwane MM,Kalafong Hospital,10/6/2023,Negative,Negative,
ENV-COV-23-0940,Gauteng,Tshwane MM,Atteridgeville Train Station,10/6/2023,Negative,Negative,
ENV-COV-23-0941,Gauteng,Tshwane MM,Vergenoeg,10/6/2023,Negative,Negative,
ENV-COV-23-0942,Gauteng,Tshwane MM,Laudium,10/6/2023,Negative,Negative,
ENV-COV-23-0943,Gauteng,Tshwane MM,Groenkloof,10/3/2023,Negative,Negative,
ENV-COV-23-0944,Gauteng,Ekurhuleni MM,Midstream,10/9/2023,Negative,Negative,
ENV-COV-23-0945,Gauteng,Ekurhuleni MM,Tembisa Mall,10/9/2023,Negative,Negative,
ENV-COV-23-0946,Gauteng,Ekurhuleni MM,Moloreng,10/9/2023,Positive,Negative,
ENV-COV-23-0947,Gauteng,Ekurhuleni MM,Namane Drive,10/9/2023,Negative,Negative,
ENV-COV-23-0948,Gauteng,Ekurhuleni MM,Sasol Garage,10/9/2023,Positive,Negative,
ENV-COV-23-0949,Eastern Cape,Buffalo City MM,Mdantsane Wastewater Treatment Works,10/5/2023,Positive,Positive,
ENV-COV-23-0950,Gauteng,Johannesburg MM,Goudkoppies Wastewater Treatment Works,10/4/2023,Positive,Negative,
ENV-COV-23-0951,Gauteng,Tshwane MM,Daspoort Wastewater Treatment Works,10/10/2023,Negative,Negative,
ENV-COV-23-0952,Gauteng,Tshwane MM,SAPS Training College,10/10/2023,Negative,Negative,
ENV-COV-23-0953,Gauteng,Tshwane MM,Kalafong Hospital,10/10/2023,Negative,Negative,
ENV-COV-23-0954,Gauteng,Tshwane MM,Atteridgeville Train Station,10/10/2023,Negative,Negative,
ENV-COV-23-0955,Gauteng,Tshwane MM,Vergenoeg,10/10/2023,Positive,Negative,
ENV-COV-23-0956,Gauteng,Tshwane MM,Laudium,10/10/2023,Negative,Negative,
ENV-COV-23-0957,Gauteng,Tshwane MM,Groenkloof,10/10/2023,Negative,Negative,
ENV-COV-23-0958,KwaZulu-Natal,Ethekwini MM,Central Wastewater Treatment Works (KZN),9/10/2023,Negative,Negative,
ENV-COV-23-0959,KwaZulu-Natal,Ethekwini MM,Central Wastewater Treatment Works (KZN),9/10/2023,Negative,Negative,
ENV-COV-23-0960,Western Cape,Cape Town MM,Zandvleit Wastewater Treatment Works,9/10/2023,Positive,Negative,
ENV-COV-23-0961,Western Cape,Cape Town MM,Borcherds Quarry Wastewater Treatment Works,9/10/2023,Positive,Negative,
ENV-COV-23-0962,Gauteng,Ekurhuleni MM,Hartebeesfontein Waterworks,10/10/2023,Negative,Negative,
ENV-COV-23-0963,,,,,Negative,Negative,
ENV-COV-23-0964,,,,,Negative,Negative,
ENV-COV-23-0965,,,,,Positive,Negative,
ENV-COV-23-0966,Gauteng,Johannesburg MM,Chris Hani Baragwanath Hospital,10/11/2023,,,
ENV-COV-23-0967,Gauteng,Johannesburg MM,Motsoaledi,10/11/2023,Negative,Negative,
ENV-COV-23-0968,Gauteng,Johannesburg MM,Klipsruit Yard (Before tunnel),10/11/2023,Negative,Negative,
ENV-COV-23-0969,Gauteng,Johannesburg MM,Klipspruit Veggies (After tunnel),10/11/2023,Negative,Negative,
ENV-COV-23-0970,Gauteng,Johannesburg MM,Bushkoppies Inlet,10/11/2023,Negative,Positive,
ENV-COV-23-0971,Gauteng,Johannesburg MM,Bushkoppies Final,10/11/2023,Negative,Negative,
ENV-COV-23-0972,Gauteng,Johannesburg MM,Northern Wastewater Treatment Works (GP),11/11/2023,,,
ENV-COV-23-0973,Eastern Cape,Buffalo City MM,Mdantsane Wastewater Treatment Works,10/10/2023,Negative,Positive,
ENV-COV-23-0974,Eastern Cape,Buffalo City MM,Mdantsane Wastewater Treatment Works,10/10/2023,,,
ENV-COV-23-0975,Free State,Mangaung MM,Bloemspruit Wastewater Treatment Works,10/10/2023,,,
ENV-COV-23-0976,Free State,Mangaung MM,Sterkwater Wastewater Treatment Works,10/10/2023,,,
ENV-COV-23-0977,Gauteng,Ekurhuleni MM,ERWAT Vlakplaat Wastewater Treatment Works,10/10/2023,,,
ENV-COV-23-0978,Gauteng,Johannesburg MM,Goudkoppies Wastewater Treatment Works,10/11/2023,Negative,Negative,
ENV-COV-23-0979,Western Cape,Cape Town MM,Borcherds Quarry Wastewater Treatment Works,10/10/2023,,,
ENV-COV-23-0980,Gauteng,Ekurhuleni MM,Midstream,10/12/2023,,,
ENV-COV-23-0981,Gauteng,Ekurhuleni MM,Tembisa Hospital Downstream,10/12/2023,,,
ENV-COV-23-0982,Gauteng,Ekurhuleni MM,Tembisa Mall,10/12/2023,,,
ENV-COV-23-0983,Gauteng,Ekurhuleni MM,Moloreng,10/12/2023,,,
ENV-COV-23-0984,Gauteng,Ekurhuleni MM,Namane Drive,10/12/2023,,,
ENV-COV-23-0985,Gauteng,Ekurhuleni MM,Sasol Garage,10/12/2023,,,
ENV-COV-23-0986,Eastern Cape,Nelson Mandela Bay MM,Brickfield Pre-treatment Works,10/11/2023,,,
ENV-COV-23-0987,Eastern Cape,Nelson Mandela Bay MM,Kwanobuhle Wastewater Treatment Works,10/11/2023,,,
ENV-COV-23-0988,Gauteng,Tshwane MM,Daspoort Wastewater Treatment Works,10/13/2023,,,
ENV-COV-23-0989,Gauteng,Tshwane MM,SAPS Training College,10/13/2023,,,
ENV-COV-23-0990,Gauteng,Tshwane MM,Kalafong Hospital,10/13/2023,,,
ENV-COV-23-0991,Gauteng,Tshwane MM,Atteridgeville Train Station,10/13/2023,,,
ENV-COV-23-0992,Gauteng,Tshwane MM,Vergenoeg,10/13/2023,,,
ENV-COV-23-0993,Gauteng,Tshwane MM,Laudium,10/13/2023,,,
ENV-COV-23-0994,Gauteng,Tshwane MM,Groenkloof,10/13/2023,,,
ENV-COV-23-0995,Eastern Cape,Buffalo City MM,Mdantsane Wastewater Treatment Works,10/12/2023,,,
ENV-COV-23-0996,Gauteng,Ekurhuleni MM,Midstream,10/16/2023,,,
ENV-COV-23-0997,Gauteng,Ekurhuleni MM,Tembisa Mall,10/16/2023,,,
ENV-COV-23-0998,Gauteng,Ekurhuleni MM,Moloreng,10/16/2023,,,
ENV-COV-23-0999,Gauteng,Ekurhuleni MM,Namane Drive,10/16/2023,,,
ENV-COV-23-1,Gauteng,Ekurhuleni MM,Hartebeesfontein Waterworks,1/10/2023,Negative,Negative,
ENV-COV-23-2,Gauteng,Ekurhuleni MM,ERWAT Vlakplaat Wastewater Treatment Works,1/10/2023,Negative,Negative,
ENV-COV-23-3,Gauteng,Johannesburg MM,Goudkoppies Wastewater Treatment Works,1/10/2023,Negative,Negative,
ENV-COV-23-4,KwaZulu-Natal,Ethekwini MM,Central Wastewater Treatment Works (KZN),1/9/2023,Negative,Negative,
ENV-COV-23-5,KwaZulu-Natal,Ethekwini MM,Northern Wastewater Treatment Works (KZN),1/9/2023,Positive,Positive,
ENV-COV-23-6,Free State,Mangaung MM,Bloemspruit Wastewater Treatment Works,1/10/2023,Negative,Negative,
ENV-COV-23-7,Free State,Mangaung MM,Sterkwater Wastewater Treatment Works,1/10/2023,Negative,Positive,
ENV-COV-23-8,Gauteng,Tshwane MM,Daspoort Wastewater Treatment Works,1/11/2023,Negative,Negative,
ENV-COV-23-9,Gauteng,Ekurhuleni MM,ERWAT Vlakplaat Wastewater Treatment Works,1/7/2023,Negative,Negative,
ENV-COV-23-10,Gauteng,Ekurhuleni MM,Hartebeesfontein Waterworks,1/17/2023,Negative,Negative,
ENV-COV-23-11,KwaZulu-Natal,Ethekwini MM,Central Wastewater Treatment Works (KZN),1/16/2023,Negative,Negative,
ENV-COV-23-12,KwaZulu-Natal,Ethekwini MM,Northern Wastewater Treatment Works (KZN),1/16/2023,Negative,Negative,
ENV-COV-23-13,Free State,Mangaung MM,Sterkwater Wastewater Treatment Works,1/18/2023,Negative,Negative,
ENV-COV-23-14,Gauteng,Tshwane MM,Rooiwal Wastewater Treatment Works,1/18/2023,Negative,Negative,
ENV-COV-23-15,Gauteng,Ekurhuleni MM,Airline 2,1/18/2023,Negative,Negative,
ENV-COV-23-16,Gauteng,Ekurhuleni MM,Hartebeesfontein Waterworks,1/24/2023,Negative,Negative,
ENV-COV-23-17,Gauteng,Tshwane MM,Daspoort Wastewater Treatment Works,1/25/2023,Negative,Negative,
ENV-COV-23-18,Free State,Mangaung MM,Sterkwater Wastewater Treatment Works,1/24/2023,Negative,Negative,
ENV-COV-23-19,Free State,Mangaung MM,Bloemspruit Wastewater Treatment Works,1/24/2023,Positive,Negative,
ENV-COV-23-20,Gauteng,Ekurhuleni MM,ERWAT Vlakplaat Wastewater Treatment Works,1/31/2023,Negative,Negative,
ENV-COV-23-21,KwaZulu-Natal,Ethekwini MM,Central Wastewater Treatment Works (KZN),1/30/2023,Negative,Negative,
ENV-COV-23-22,KwaZulu-Natal,Ethekwini MM,Northern Wastewater Treatment Works (KZN),1/30/2023,Negative,Negative,
ENV-COV-23-23,Free State,Mangaung MM,Bloemspruit Wastewater Treatment Works,1/31/2023,Negative,Negative,
ENV-COV-23-24,Free State,Mangaung MM,Sterkwater Wastewater Treatment Works,1/31/2023,Negative,Negative,
ENV-COV-23-25,Gauteng,Ekurhuleni MM,Hartebeesfontein Waterworks,1/31/2023,Negative,Negative,
ENV-COV-23-26,Gauteng,Tshwane MM,Daspoort Wastewater Treatment Works,2/1/2023,Negative,Negative,
ENV-COV-23-27,Gauteng,Tshwane MM,Rooiwal Wastewater Treatment Works,2/2/2023,Negative,Negative,
ENV-COV-23-28,KwaZulu-Natal,Ethekwini MM,Central Wastewater Treatment Works (KZN),2/6/2023,Positive,Positive,
ENV-COV-23-29,KwaZulu-Natal,Ethekwini MM,Northern Wastewater Treatment Works (KZN),2/6/2023,Positive,Negative,
ENV-COV-23-29-A,Gauteng,Johannesburg MM,Bushkoppies Final,7/19/2023,,,
ENV-COV-23-30,Gauteng,Ekurhuleni MM,Hartebeesfontein Waterworks,2/7/2023,Negative,Negative,
ENV-COV-23-31,Gauteng,Johannesburg MM,Northern Wastewater Treatment Works (GP),2/7/2023,Negative,Negative,
ENV-COV-23-32,Gauteng,Ekurhuleni MM,ERWAT Vlakplaat Wastewater Treatment Works,2/7/2023,Negative,Negative,
ENV-COV-23-33,Gauteng,Tshwane MM,Rooiwal Wastewater Treatment Works,2/8/2023,,,
ENV-COV-23-34,Gauteng,Tshwane MM,Daspoort Wastewater Treatment Works,2/8/2023,,,
ENV-COV-23-35,Free State,Mangaung MM,Sterkwater Wastewater Treatment Works,2/7/2023,Negative,Negative,
ENV-COV-23-36,Free State,Mangaung MM,Bloemspruit Wastewater Treatment Works,2/7/2023,Negative,Negative,
ENV-COV-23-37,KwaZulu-Natal,Ethekwini MM,Central Wastewater Treatment Works (KZN),2/13/2023,Negative,Negative,
ENV-COV-23-38,KwaZulu-Natal,Ethekwini MM,Northern Wastewater Treatment Works (KZN),2/13/2023,Negative,Negative,
ENV-COV-23-39,Gauteng,Ekurhuleni MM,ERWAT Vlakplaat Wastewater Treatment Works,2/14/2023,Positive,Negative,
ENV-COV-23-40,Gauteng,Ekurhuleni MM,Hartebeesfontein Waterworks,2/14/2023,Positive,Positive,
ENV-COV-23-41,Western Cape,Cape Town MM,Zandvleit Wastewater Treatment Works,2/13/2023,Positive,Positive,
ENV-COV-23-42,Gauteng,Tshwane MM,Daspoort Wastewater Treatment Works,2/15/2023,Positive,Negative,
ENV-COV-23-43,Gauteng,Tshwane MM,Rooiwal Wastewater Treatment Works,2/15/2023,Negative,Negative,
ENV-COV-23-44,Eastern Cape,Nelson Mandela Bay MM,Kwanobuhle Wastewater Treatment Works,2/13/2023,Negative,Negative,
ENV-COV-23-45,Western Cape,Cape Town MM,Borcherds Quarry Wastewater Treatment Works,2/13/2023,Negative,Negative,
ENV-COV-23-46,Eastern Cape,Nelson Mandela Bay MM,Brickfield Pre-treatment Works,2/14/2023,Positive,Positive,
ENV-COV-23-47,Gauteng,Ekurhuleni MM,Hartebeesfontein Waterworks,2/21/2023,,,
ENV-COV-23-48,Gauteng,Ekurhuleni MM,OR Tambo International Airport,2/19/2023,,,
ENV-COV-23-49,Gauteng,Tshwane MM,SAPS Training College,2/22/2023,,,
ENV-COV-23-50,Free State,Mangaung MM,Sterkwater Wastewater Treatment Works,2/21/2023,,,
ENV-COV-23-51,Free State,Mangaung MM,Bloemspruit Wastewater Treatment Works,2/21/2023,,,
ENV-COV-23-52,KwaZulu-Natal,Ethekwini MM,Central Wastewater Treatment Works (KZN),2/27/2023,,,
ENV-COV-23-53,KwaZulu-Natal,Ethekwini MM,Northern Wastewater Treatment Works (KZN),2/27/2023,,,
ENV-COV-23-54,Free State,Mangaung MM,Sterkwater Wastewater Treatment Works,2/28/2023,,,
ENV-COV-23-55,Gauteng,Tshwane MM,Laudium,3/1/2023,,,
ENV-COV-23-56,Free State,Mangaung MM,Bloemspruit Wastewater Treatment Works,2/28/2023,,,
ENV-COV-23-57,Gauteng,Ekurhuleni MM,ERWAT Vlakplaat Wastewater Treatment Works,2/28/2023,,,
ENV-COV-23-58,Free State,Mangaung MM,Bloemspruit Wastewater Treatment Works,3/7/2023,,,
ENV-COV-23-59,Free State,Mangaung MM,Sterkwater Wastewater Treatment Works,3/7/2023,,,
ENV-COV-23-60,Gauteng,Ekurhuleni MM,Hartebeesfontein Waterworks,3/7/2023,,,
ENV-COV-23-61,Gauteng,Ekurhuleni MM,ERWAT Vlakplaat Wastewater Treatment Works,3/7/2023,,,
ENV-COV-23-62,KwaZulu-Natal,Ethekwini MM,Central Wastewater Treatment Works (KZN),3/6/2023,,,
ENV-COV-23-63,KwaZulu-Natal,Ethekwini MM,Northern Wastewater Treatment Works (KZN),3/6/2023,,,
ENV-COV-23-64,Gauteng,Tshwane MM,Daspoort Wastewater Treatment Works,3/8/2023,,,
ENV-COV-23-65,Gauteng,Tshwane MM,Rooiwal Wastewater Treatment Works,3/8/2023,,,
ENV-COV-23-66,Gauteng,Ekurhuleni MM,ERWAT Vlakplaat Wastewater Treatment Works,3/14/2023,,,
ENV-COV-23-67,Gauteng,Ekurhuleni MM,Hartebeesfontein Waterworks,3/14/2023,,,
ENV-COV-23-68,Gauteng,Tshwane MM,Rooiwal Wastewater Treatment Works,3/15/2023,,,
ENV-COV-23-69,KwaZulu-Natal,Ethekwini MM,Central Wastewater Treatment Works (KZN),3/13/2023,,,
ENV-COV-23-70,KwaZulu-Natal,Ethekwini MM,Northern Wastewater Treatment Works (KZN),3/13/2023,,,
ENV-COV-23-71,Gauteng,Tshwane MM,Daspoort Wastewater Treatment Works,3/15/2023,Negative,Negative,
ENV-COV-23-72,Gauteng,Tshwane MM,Daspoort Wastewater Treatment Works,3/22/2023,Positive,Negative,
ENV-COV-23-73,Free State,Mangaung MM,Sterkwater Wastewater Treatment Works,3/21/2023,Positive,Negative,
ENV-COV-23-74,Free State,Mangaung MM,Bloemspruit Wastewater Treatment Works,3/22/2023,Negative,Negative,
ENV-COV-23-75,Gauteng,Tshwane MM,Daspoort Wastewater Treatment Works,3/29/2023,Negative,Negative,
ENV-COV-23-76,KwaZulu-Natal,Ethekwini MM,Northern Wastewater Treatment Works (KZN),3/27/2023,Negative,Negative,
ENV-COV-23-77,KwaZulu-Natal,Ethekwini MM,Central Wastewater Treatment Works (KZN),3/27/2023,Negative,Negative,
ENV-COV-23-78,Gauteng,Ekurhuleni MM,Hartebeesfontein Waterworks,3/28/2023,Negative,Negative,
ENV-COV-23-79,Gauteng,Ekurhuleni MM,ERWAT Vlakplaat Wastewater Treatment Works,3/28/2023,Negative,Positive,
ENV-COV-23-80,Gauteng,Tshwane MM,Rooiwal Wastewater Treatment Works,3/29/2023,Negative,Negative,
ENV-COV-23-81,Free State,Mangaung MM,Bloemspruit Wastewater Treatment Works,3/28/2023,Negative,Negative,
ENV-COV-23-82,Free State,Mangaung MM,Sterkwater Wastewater Treatment Works,3/28/2023,Negative,Negative,
ENV-COV-23-83,Gauteng,Ekurhuleni MM,ERWAT Vlakplaat Wastewater Treatment Works,4/4/2023,Negative,Negative,
ENV-COV-23-84,Gauteng,Tshwane MM,Vergenoeg,4/4/2023,,,
ENV-COV-23-85,KwaZulu-Natal,Ethekwini MM,Northern Wastewater Treatment Works (KZN),4/3/2023,Negative,Negative,
ENV-COV-23-86,KwaZulu-Natal,Ethekwini MM,Central Wastewater Treatment Works (KZN),4/3/2023,,,
ENV-COV-23-87,Gauteng,Tshwane MM,Kalafong Hospital,4/4/2023,,,
ENV-COV-23-88,Gauteng,Tshwane MM,Atteridgeville Train Station,4/4/2023,Negative,Negative,
ENV-COV-23-89,Gauteng,Tshwane MM,Laudium,4/4/2023,,,
ENV-COV-23-90,Gauteng,Tshwane MM,SAPS Training College,4/4/2023,Negative,Negative,
ENV-COV-23-91,Gauteng,Tshwane MM,Groenkloof,4/4/2023,,,
ENV-COV-23-92,Free State,Mangaung MM,Bloemspruit Wastewater Treatment Works,4/4/2023,Negative,Positive,
ENV-COV-23-93,Free State,Mangaung MM,Sterkwater Wastewater Treatment Works,4/4/2023,Negative,Negative,
ENV-COV-23-94,Gauteng,Tshwane MM,Rooiwal Wastewater Treatment Works,4/5/2023,,,
ENV-COV-23-95,Free State,Mangaung MM,Sterkwater Wastewater Treatment Works,4/11/2023,Negative,Negative,
ENV-COV-23-96,KwaZulu-Natal,Ethekwini MM,Central Wastewater Treatment Works (KZN),4/11/2023,Positive,Negative,
ENV-COV-23-97,KwaZulu-Natal,Ethekwini MM,Northern Wastewater Treatment Works (KZN),4/12/2023,,,
ENV-COV-23-98,Free State,Mangaung MM,Bloemspruit Wastewater Treatment Works,4/11/2023,Negative,Negative,
ENV-COV-23-99,Gauteng,Tshwane MM,Daspoort Wastewater Treatment Works,4/12/2023,Negative,Negative,
ENV-COV-23-100,Gauteng,Tshwane MM,Rooiwal Wastewater Treatment Works,4/12/2023,Negative,Negative,
ENV-COV-23-101,Gauteng,Ekurhuleni MM,Hartebeesfontein Waterworks,4/11/2023,Negative,Negative,
ENV-COV-23-102,KwaZulu-Natal,Ethekwini MM,Northern Wastewater Treatment Works (KZN),4/17/2023,Negative,Negative,
ENV-COV-23-103,KwaZulu-Natal,Ethekwini MM,Central Wastewater Treatment Works (KZN),4/17/2023,Negative,Negative,
ENV-COV-23-104,Gauteng,Ekurhuleni MM,ERWAT Vlakplaat Wastewater Treatment Works,4/18/2023,Negative,Negative,
ENV-COV-23-105,Gauteng,Ekurhuleni MM,Hartebeesfontein Waterworks,4/18/2023,Negative,Negative,
ENV-COV-23-106,Gauteng,Tshwane MM,Atteridgeville Train Station,4/19/2023,Negative,Negative,
ENV-COV-23-107,Gauteng,Tshwane MM,Vergenoeg,4/19/2023,Negative,Negative,
ENV-COV-23-108,Gauteng,Tshwane MM,Groenkloof,4/19/2023,Positive,Negative,
ENV-COV-23-109,Gauteng,Tshwane MM,Laudium,4/19/2023,Positive,Negative,
ENV-COV-23-110,Gauteng,Tshwane MM,SAPS Training College,4/19/2023,,,
ENV-COV-23-111,Gauteng,Tshwane MM,Kalafong Hospital,4/19/2023,Negative,Negative,
ENV-COV-23-112,Gauteng,Tshwane MM,Daspoort Wastewater Treatment Works,4/19/2023,Negative,Negative,
ENV-COV-23-113,Gauteng,Tshwane MM,Rooiwal Wastewater Treatment Works,4/19/2023,Negative,Negative,
ENV-COV-23-114,Gauteng,Johannesburg MM,Bushkoppies Inlet,4/20/2023,Negative,Negative,
ENV-COV-23-115,Gauteng,Johannesburg MM,Bushkoppies Final,4/20/2023,Negative,Positive,
ENV-COV-23-116,Gauteng,Johannesburg MM,Chris Hani Baragwanath Hospital,4/20/2023,Negative,Positive,
ENV-COV-23-117,Gauteng,Tshwane MM,Atteridgeville Train Station,4/25/2023,Negative,Negative,
ENV-COV-23-118,Gauteng,Tshwane MM,Vergenoeg,4/25/2023,Negative,Negative,
ENV-COV-23-119,Gauteng,Tshwane MM,Laudium,4/25/2023,Negative,Negative,
ENV-COV-23-120,Gauteng,Tshwane MM,SAPS Training College,4/25/2023,Negative,Negative,
ENV-COV-23-121,Gauteng,Tshwane MM,Daspoort Wastewater Treatment Works,4/25/2023,Negative,Negative,
ENV-COV-23-122,Gauteng,Tshwane MM,Kalafong Hospital,4/25/2023,Negative,Negative,
ENV-COV-23-123,Gauteng,Tshwane MM,Groenkloof,4/25/2023,Negative,Negative,
ENV-COV-23-124,Gauteng,Ekurhuleni MM,Hartebeesfontein Waterworks,4/25/2023,Negative,Negative,
ENV-COV-23-125,Free State,Mangaung MM,Sterkwater Wastewater Treatment Works,4/25/2023,Positive,Positive,
ENV-COV-23-126,Free State,Mangaung MM,Bloemspruit Wastewater Treatment Works,4/26/2023,Negative,Negative,
ENV-COV-23-127,Gauteng,Johannesburg MM,Bushkoppies Final,4/26/2023,Negative,Negative,
ENV-COV-23-128,Gauteng,Tshwane MM,Daspoort Wastewater Treatment Works,5/2/2023,Negative,Negative,
ENV-COV-23-129,Gauteng,Tshwane MM,Kalafong Hospital,5/2/2023,Negative,Negative,
ENV-COV-23-130,Gauteng,Tshwane MM,SAPS Training College,5/2/2023,Negative,Negative,
ENV-COV-23-131,Gauteng,Tshwane MM,Atteridgeville Train Station,5/2/2023,Negative,Positive,
ENV-COV-23-132,Gauteng,Tshwane MM,Vergenoeg,5/2/2023,Negative,Negative,
ENV-COV-23-133,Gauteng,Tshwane MM,Laudium,5/2/2023,Negative,Negative,
ENV-COV-23-134,Gauteng,Tshwane MM,Groenkloof,5/2/2023,Negative,Negative,
ENV-COV-23-135,Gauteng,Tshwane MM,Rooiwal Wastewater Treatment Works,4/26/2023,Negative,Negative,
ENV-COV-23-136,Gauteng,Ekurhuleni MM,ERWAT Vlakplaat Wastewater Treatment Works,5/2/2023,Negative,Negative,
ENV-COV-23-137,Gauteng,Tshwane MM,Rooiwal Wastewater Treatment Works,5/3/2023,Negative,Positive,
ENV-COV-23-138,Free State,Mangaung MM,Bloemspruit Wastewater Treatment Works,5/3/2023,Positive,Negative,
ENV-COV-23-139,Free State,Mangaung MM,Sterkwater Wastewater Treatment Works,5/3/2023,Negative,Negative,
ENV-COV-23-140,KwaZulu-Natal,Ethekwini MM,Northern Wastewater Treatment Works (KZN),5/3/2023,Negative,Negative,
ENV-COV-23-141,KwaZulu-Natal,Ethekwini MM,Central Wastewater Treatment Works (KZN),5/3/2023,Negative,Negative,
ENV-COV-23-142,Gauteng,Johannesburg MM,Chris Hani Baragwanath Hospital,5/4/2023,Negative,Positive,
ENV-COV-23-143,Gauteng,Johannesburg MM,Bushkoppies Inlet,5/4/2023,Negative,Positive,
ENV-COV-23-144,Gauteng,Johannesburg MM,Bushkoppies Final,5/4/2023,Negative,Positive,
ENV-COV-23-145,Gauteng,Johannesburg MM,Other,5/8/2023,Positive,Negative,
ENV-COV-23-146,Gauteng,Johannesburg MM,Bushkoppies Inlet,5/8/2023,Negative,Negative,
ENV-COV-23-147,Gauteng,Johannesburg MM,Bushkoppies Final,5/8/2023,Negative,Negative,
ENV-COV-23-148,Gauteng,Johannesburg MM,Chris Hani Baragwanath Hospital,5/8/2023,Positive,Negative,
ENV-COV-23-149,Gauteng,Johannesburg MM,Motsoaledi,5/8/2023,Negative,Negative,
ENV-COV-23-150,Gauteng,Johannesburg MM,Klipspruit Veggies (After tunnel),5/8/2023,,,
ENV-COV-23-151,Gauteng,Tshwane MM,Daspoort Wastewater Treatment Works,5/9/2023,,,
ENV-COV-23-152,Gauteng,Tshwane MM,Daspoort Wastewater Treatment Works,5/9/2023,,,
ENV-COV-23-153,Gauteng,Tshwane MM,SAPS Training College,5/9/2023,,,
ENV-COV-23-154,Gauteng,Tshwane MM,Kalafong Hospital,5/9/2023,,,
ENV-COV-23-155,Gauteng,Tshwane MM,Atteridgeville Train Station,5/9/2023,Negative,Negative,
ENV-COV-23-156,Gauteng,Tshwane MM,Vergenoeg,5/9/2023,,,
ENV-COV-23-157,Gauteng,Tshwane MM,Laudium,5/9/2023,,,
ENV-COV-23-158,Gauteng,Tshwane MM,Groenkloof,5/9/2023,,,
ENV-COV-23-159,Gauteng,Ekurhuleni MM,Hartebeesfontein Waterworks,5/9/2023,,,
ENV-COV-23-160,Gauteng,Ekurhuleni MM,ERWAT Vlakplaat Wastewater Treatment Works,5/10/2023,,,
ENV-COV-23-161,Gauteng,Ekurhuleni MM,Olifantsfontein,5/10/2023,,,
ENV-COV-23-162,Gauteng,Ekurhuleni MM,Tembisa Hospital Downstream,5/10/2023,,,
ENV-COV-23-163,Gauteng,Ekurhuleni MM,Tembisa Mall,5/10/2023,,,
ENV-COV-23-164,Gauteng,Ekurhuleni MM,Moloreng,5/10/2023,,,
ENV-COV-23-165,Gauteng,Ekurhuleni MM,Namane Drive,5/10/2023,,,
ENV-COV-23-166,Gauteng,Ekurhuleni MM,Sasol Garage,5/10/2023,,,
ENV-COV-23-167,Gauteng,Tshwane MM,Daspoort Wastewater Treatment Works,5/10/2023,,,
ENV-COV-23-168,Gauteng,Tshwane MM,Daspoort Wastewater Treatment Works,5/10/2023,,,
ENV-COV-23-169,Gauteng,Tshwane MM,Rooiwal Wastewater Treatment Works,5/10/2023,,,
ENV-COV-23-170,KwaZulu-Natal,Ethekwini MM,Northern Wastewater Treatment Works (KZN),5/10/2023,,,
ENV-COV-23-171,KwaZulu-Natal,Ethekwini MM,Central Wastewater Treatment Works (KZN),5/10/2023,Negative,Negative,
ENV-COV-23-172,Gauteng,Johannesburg MM,Chris Hani Baragwanath Hospital,5/11/2023,Negative,Negative,
ENV-COV-23-173,Gauteng,Johannesburg MM,Motsoaledi,5/11/2023,Negative,Negative,
ENV-COV-23-174,Gauteng,Johannesburg MM,Klipsruit Yard (Before tunnel),5/11/2023,Negative,Negative,
ENV-COV-23-175,Gauteng,Johannesburg MM,Klipspruit Veggies (After tunnel),5/11/2023,Negative,Negative,
ENV-COV-23-176,Gauteng,Johannesburg MM,Bushkoppies Inlet,5/11/2023,Negative,Negative,
ENV-COV-23-177,Gauteng,Johannesburg MM,Bushkoppies Final,5/11/2023,Negative,Positive,
ENV-COV-23-178,Gauteng,Tshwane MM,Daspoort Wastewater Treatment Works,5/12/2023,Negative,Negative,
ENV-COV-23-179,Gauteng,Tshwane MM,Daspoort Wastewater Treatment Works,5/12/2023,Positive,Negative,
ENV-COV-23-180,Gauteng,Tshwane MM,SAPS Training College,5/12/2023,Negative,Negative,
ENV-COV-23-181,Gauteng,Tshwane MM,Kalafong Hospital,5/12/2023,Negative,Negative,
ENV-COV-23-182,Gauteng,Tshwane MM,Atteridgeville Train Station,5/12/2023,Positive,Negative,
ENV-COV-23-183,Gauteng,Tshwane MM,Vergenoeg,5/12/2023,Positive,Negative,
ENV-COV-23-184,Gauteng,Tshwane MM,Laudium,5/12/2023,Negative,Negative,
ENV-COV-23-185,Gauteng,Tshwane MM,Groenkloof,5/12/2023,Negative,Negative,
ENV-COV-23-186,Gauteng,Ekurhuleni MM,Olifantsfontein,5/15/2023,Positive,Negative,
ENV-COV-23-187,Gauteng,Ekurhuleni MM,Tembisa Hospital Downstream,5/15/2023,Positive,Positive,
ENV-COV-23-188,Gauteng,Ekurhuleni MM,Tembisa Mall,5/15/2023,Negative,Negative,
ENV-COV-23-189,Gauteng,Ekurhuleni MM,Tembisa Mall,5/15/2023,Positive,Positive,
ENV-COV-23-190,Gauteng,Ekurhuleni MM,Namane Drive,5/15/2023,Negative,Positive,
ENV-COV-23-191,Gauteng,Ekurhuleni MM,Sasol Garage,5/15/2023,Negative,Negative,
ENV-COV-23-192,Gauteng,Ekurhuleni MM,Moloreng,5/15/2023,Positive,Negative,
ENV-COV-23-193,Gauteng,Ekurhuleni MM,Hartebeesfontein Waterworks,5/16/2023,Positive,Positive,
ENV-COV-23-194,KwaZulu-Natal,Ethekwini MM,Central Wastewater Treatment Works (KZN),5/15/2023,Negative,Negative,
ENV-COV-23-195,KwaZulu-Natal,Ethekwini MM,Central Wastewater Treatment Works (KZN),5/15/2023,Negative,Negative,
ENV-COV-23-196,Gauteng,Tshwane MM,Daspoort Wastewater Treatment Works,5/16/2023,Negative,Negative,
ENV-COV-23-197,Gauteng,Tshwane MM,Daspoort Wastewater Treatment Works,5/16/2023,Positive,Negative,
ENV-COV-23-198,Gauteng,Tshwane MM,SAPS Training College,5/16/2023,Negative,Negative,
ENV-COV-23-199,Gauteng,Tshwane MM,Kalafong Hospital,5/16/2023,Negative,Negative,
ENV-COV-23-200,Gauteng,Tshwane MM,Atteridgeville Train Station,5/16/2023,Negative,Negative,
ENV-COV-23-201,Gauteng,Tshwane MM,Vergenoeg,5/16/2023,Negative,Negative,
ENV-COV-23-202,Gauteng,Tshwane MM,Laudium,5/16/2023,Negative,Negative,
ENV-COV-23-203,Gauteng,Tshwane MM,Groenkloof,5/16/2023,Negative,Negative,
ENV-COV-23-204,Gauteng,Johannesburg MM,Chris Hani Baragwanath Hospital,5/17/2023,,,
ENV-COV-23-205,Gauteng,Johannesburg MM,Motsoaledi,5/17/2023,,,
ENV-COV-23-206,Gauteng,Johannesburg MM,Klipsruit Yard (Before tunnel),5/17/2023,Positive,Positive,
ENV-COV-23-207,Gauteng,Johannesburg MM,Klipspruit Veggies (After tunnel),5/17/2023,,,
ENV-COV-23-208,Gauteng,Johannesburg MM,Bushkoppies Inlet,5/17/2023,,,
ENV-COV-23-209,Gauteng,Johannesburg MM,Bushkoppies Final,5/17/2023,,,
ENV-COV-23-210,Free State,Mangaung MM,Sterkwater Wastewater Treatment Works,5/17/2023,Positive,Negative,
ENV-COV-23-211,Free State,Mangaung MM,Bloemspruit Wastewater Treatment Works,5/17/2023,Negative,Negative,
ENV-COV-23-212,Gauteng,Tshwane MM,Rooiwal Wastewater Treatment Works,5/17/2023,Negative,Negative,
ENV-COV-23-213,Gauteng,Tshwane MM,Daspoort Wastewater Treatment Works,5/17/2023,Negative,Negative,
ENV-COV-23-214,Gauteng,Ekurhuleni MM,Midstream,5/18/2023,Negative,Positive,
ENV-COV-23-215,Gauteng,Ekurhuleni MM,Tembisa Hospital Downstream,5/18/2023,Positive,Positive,
ENV-COV-23-216,Gauteng,Ekurhuleni MM,Tembisa Mall,5/18/2023,Negative,Negative,
ENV-COV-23-217,Gauteng,Ekurhuleni MM,Namane Drive,5/18/2023,Positive,Negative,
ENV-COV-23-218,Gauteng,Ekurhuleni MM,Sasol Garage,5/18/2023,Negative,Negative,
ENV-COV-23-219,Gauteng,Ekurhuleni MM,Moloreng,5/18/2023,Negative,Negative,
ENV-COV-23-220,Gauteng,Tshwane MM,Daspoort Wastewater Treatment Works,5/19/2023,Positive,Negative,
ENV-COV-23-221,Gauteng,Tshwane MM,Daspoort Wastewater Treatment Works,5/19/2023,Positive,Negative,
ENV-COV-23-222,Gauteng,Tshwane MM,SAPS Training College,5/19/2023,Negative,Negative,
ENV-COV-23-223,Gauteng,Tshwane MM,Kalafong Hospital,5/19/2023,Negative,Negative,
ENV-COV-23-224,Gauteng,Tshwane MM,Atteridgeville Train Station,5/19/2023,Negative,Negative,
ENV-COV-23-225,Gauteng,Tshwane MM,Vergenoeg,5/19/2023,Positive,Negative,
ENV-COV-23-226,Gauteng,Tshwane MM,Laudium,5/19/2023,Negative,Negative,
ENV-COV-23-227,Gauteng,Tshwane MM,Groenkloof,5/19/2023,Negative,Negative,
ENV-COV-23-228,Gauteng,Ekurhuleni MM,Midstream,5/22/2023,Positive,Negative,
ENV-COV-23-229,Gauteng,Ekurhuleni MM,Tembisa Hospital Downstream,5/22/2023,Negative,Positive,
ENV-COV-23-230,Gauteng,Ekurhuleni MM,Tembisa Mall,5/22/2023,Negative,Negative,
ENV-COV-23-231,Gauteng,Ekurhuleni MM,Moloreng,5/22/2023,Negative,Positive,
ENV-COV-23-232,Gauteng,Ekurhuleni MM,Namane Drive,5/22/2023,Negative,Negative,
ENV-COV-23-233,Gauteng,Ekurhuleni MM,Sasol Garage,5/22/2023,Negative,Negative,
ENV-COV-23-234,Free State,Mangaung MM,Sterkwater Wastewater Treatment Works,5/16/2023,Positive,Positive,
ENV-COV-23-235,Gauteng,Ekurhuleni MM,ERWAT Vlakplaat Wastewater Treatment Works,5/22/2023,Negative,Negative,
ENV-COV-23-236,Gauteng,Tshwane MM,Daspoort Wastewater Treatment Works,5/17/2023,Negative,Negative,
ENV-COV-23-237,Gauteng,Ekurhuleni MM,Hartebeesfontein Waterworks,5/23/2023,Positive,Negative,
ENV-COV-23-238,Gauteng,Tshwane MM,Daspoort Wastewater Treatment Works,5/23/2023,Negative,Negative,
ENV-COV-23-239,Gauteng,Tshwane MM,SAPS Training College,5/23/2023,Negative,Negative,
ENV-COV-23-240,Gauteng,Tshwane MM,Kalafong Hospital,5/23/2023,Negative,Negative,
ENV-COV-23-241,Gauteng,Tshwane MM,Atteridgeville Train Station,5/23/2023,Negative,Negative,
ENV-COV-23-242,Gauteng,Tshwane MM,Vergenoeg,5/23/2023,Negative,Negative,
ENV-COV-23-243,Gauteng,Tshwane MM,Laudium,5/23/2023,Negative,Negative,
ENV-COV-23-244,Gauteng,Tshwane MM,Groenkloof,5/23/2023,Negative,Negative,
ENV-COV-23-245,Gauteng,Johannesburg MM,Chris Hani Baragwanath Hospital,5/24/2023,,,
ENV-COV-23-246,Gauteng,Johannesburg MM,Motsoaledi,5/24/2023,,,
ENV-COV-23-247,Gauteng,Johannesburg MM,Klipsruit Yard (Before tunnel),5/24/2023,,,
ENV-COV-23-248,Gauteng,Johannesburg MM,Klipspruit Veggies (After tunnel),5/24/2023,,,
ENV-COV-23-249,Gauteng,Johannesburg MM,Bushkoppies Inlet,5/24/2023,,,
ENV-COV-23-250,Gauteng,Johannesburg MM,Bushkoppies Final,5/24/2023,,,
ENV-COV-23-251,Gauteng,Ekurhuleni MM,Midstream,5/25/2023,Negative,Negative,
ENV-COV-23-252,Gauteng,Ekurhuleni MM,Tembisa Hospital Downstream,5/25/2023,Negative,Negative,
ENV-COV-23-253,Gauteng,Ekurhuleni MM,Tembisa Mall,5/25/2023,Negative,Negative,
ENV-COV-23-254,Gauteng,Ekurhuleni MM,Moloreng,5/25/2023,Negative,Negative,
ENV-COV-23-255,Gauteng,Ekurhuleni MM,Namane Drive,5/25/2023,Positive,Negative,
ENV-COV-23-256,Gauteng,Ekurhuleni MM,Sasol Garage,5/25/2023,Negative,Negative,
ENV-COV-23-257,Gauteng,Tshwane MM,Daspoort Wastewater Treatment Works,5/26/2023,Negative,Negative,
ENV-COV-23-258,Gauteng,Tshwane MM,SAPS Training College,5/26/2023,Negative,Negative,
ENV-COV-23-259,Gauteng,Tshwane MM,Kalafong Hospital,5/26/2023,Negative,Negative,
ENV-COV-23-260,Gauteng,Tshwane MM,Atteridgeville Train Station,5/26/2023,Positive,Positive,
ENV-COV-23-261,Gauteng,Tshwane MM,Vergenoeg,5/26/2023,Negative,Negative,
ENV-COV-23-262,Gauteng,Tshwane MM,Laudium,5/26/2023,Negative,Negative,
ENV-COV-23-263,Gauteng,Tshwane MM,Groenkloof,5/26/2023,Negative,Negative,
ENV-COV-23-264,Gauteng,Ekurhuleni MM,Midstream,5/29/2023,Negative,Negative,
ENV-COV-23-265,Gauteng,Ekurhuleni MM,Tembisa Hospital Downstream,5/29/2023,Negative,Positive,
ENV-COV-23-266,Gauteng,Ekurhuleni MM,Tembisa Mall,5/29/2023,Negative,Negative,
ENV-COV-23-267,Gauteng,Ekurhuleni MM,Moloreng,5/29/2023,Positive,Negative,
ENV-COV-23-268,Gauteng,Ekurhuleni MM,Namane Drive,5/29/2023,Positive,Negative,
ENV-COV-23-269,Gauteng,Ekurhuleni MM,Sasol Garage,5/29/2023,Negative,Negative,
ENV-COV-23-270,Gauteng,Tshwane MM,Daspoort Wastewater Treatment Works,5/30/2023,Positive,Negative,
ENV-COV-23-271,Gauteng,Tshwane MM,SAPS Training College,5/30/2023,Negative,Negative,
ENV-COV-23-272,Gauteng,Tshwane MM,Kalafong Hospital,5/30/2023,Negative,Negative,
ENV-COV-23-273,Gauteng,Tshwane MM,Atteridgeville Train Station,5/30/2023,Positive,Negative,
ENV-COV-23-274,Gauteng,Tshwane MM,Vergenoeg,5/30/2023,Negative,Negative,
ENV-COV-23-275,Gauteng,Tshwane MM,Laudium,5/30/2023,Negative,Negative,
ENV-COV-23-276,Gauteng,Tshwane MM,Groenkloof,5/30/2023,Negative,Positive,
ENV-COV-23-277,Gauteng,Johannesburg MM,Chris Hani Baragwanath Hospital,5/31/2023,Negative,Negative,
ENV-COV-23-278,Gauteng,Johannesburg MM,Motsoaledi,5/31/2023,Negative,Negative,
ENV-COV-23-279,Gauteng,Johannesburg MM,Klipsruit Yard (Before tunnel),5/31/2023,,,
ENV-COV-23-280,Gauteng,Johannesburg MM,Klipspruit Veggies (After tunnel),5/31/2023,Negative,Negative,
ENV-COV-23-281,Gauteng,Johannesburg MM,Bushkoppies Inlet,5/31/2023,Negative,Negative,
ENV-COV-23-282,Gauteng,Johannesburg MM,Bushkoppies Final,5/31/2023,Negative,Negative,
ENV-COV-23-283,Gauteng,Ekurhuleni MM,ERWAT Vlakplaat Wastewater Treatment Works,5/30/2023,Negative,Negative,
ENV-COV-23-284,Gauteng,Ekurhuleni MM,Hartebeesfontein Waterworks,5/30/2023,Negative,Negative,
ENV-COV-23-285,Free State,Mangaung MM,Sterkwater Wastewater Treatment Works,5/23/2023,Negative,Negative,
ENV-COV-23-286,Free State,Mangaung MM,Bloemspruit Wastewater Treatment Works,5/23/2023,Negative,Negative,
ENV-COV-23-287,Gauteng,Tshwane MM,Daspoort Wastewater Treatment Works,5/31/2023,Negative,Negative,
ENV-COV-23-288,Gauteng,Tshwane MM,Rooiwal Wastewater Treatment Works,5/31/2023,Negative,Negative,
ENV-COV-23-289,Free State,Mangaung MM,Sterkwater Wastewater Treatment Works,5/30/2023,Positive,Negative,
ENV-COV-23-290,Free State,Mangaung MM,Bloemspruit Wastewater Treatment Works,5/30/2023,Negative,Negative,
ENV-COV-23-291,Gauteng,Ekurhuleni MM,Midstream,6/1/2023,Negative,Negative,
ENV-COV-23-292,Gauteng,Ekurhuleni MM,Tembisa Hospital Downstream,6/1/2023,Negative,Negative,
ENV-COV-23-293,Gauteng,Ekurhuleni MM,Tembisa Mall,6/1/2023,Negative,Negative,
ENV-COV-23-294,Gauteng,Ekurhuleni MM,Namane Drive,6/1/2023,Negative,Negative,
ENV-COV-23-295,Gauteng,Ekurhuleni MM,Moloreng,6/1/2023,Negative,Negative,
ENV-COV-23-296,Gauteng,Ekurhuleni MM,Sasol Garage,6/1/2023,Positive,Positive,
ENV-COV-23-297,Gauteng,Tshwane MM,Daspoort Wastewater Treatment Works,6/2/2023,Negative,Negative,
ENV-COV-23-298,Gauteng,Tshwane MM,SAPS Training College,6/2/2023,Negative,Negative,
ENV-COV-23-299,Gauteng,Tshwane MM,Kalafong Hospital,6/2/2023,Negative,Negative,
ENV-COV-23-300,Gauteng,Tshwane MM,Atteridgeville Train Station,6/2/2023,Negative,Negative,
ENV-COV-23-301,Gauteng,Tshwane MM,Vergenoeg,6/2/2023,Negative,Negative,
ENV-COV-23-302,Gauteng,Tshwane MM,Laudium,6/2/2023,Positive,Negative,
ENV-COV-23-303,Gauteng,Tshwane MM,Groenkloof,6/2/2023,Negative,Negative,
ENV-COV-23-304,Gauteng,Ekurhuleni MM,Midstream,6/5/2023,Negative,Negative,
ENV-COV-23-305,Gauteng,Ekurhuleni MM,Tembisa Hospital Downstream,6/5/2023,Negative,Negative,
ENV-COV-23-306,Gauteng,Ekurhuleni MM,Tembisa Mall,6/5/2023,Positive,Negative,
ENV-COV-23-307,Gauteng,Ekurhuleni MM,Moloreng,6/5/2023,Negative,Negative,
ENV-COV-23-308,Gauteng,Ekurhuleni MM,Namane Drive,6/5/2023,Negative,Negative,
ENV-COV-23-309,Gauteng,Ekurhuleni MM,Sasol Garage,6/5/2023,Positive,Negative,
ENV-COV-23-310,Gauteng,Tshwane MM,Daspoort Wastewater Treatment Works,6/6/2023,Negative,Negative,
ENV-COV-23-311,Gauteng,Tshwane MM,SAPS Training College,6/6/2023,Negative,Negative,
ENV-COV-23-312,Gauteng,Tshwane MM,Kalafong Hospital,6/6/2023,Negative,Negative,
ENV-COV-23-313,Gauteng,Tshwane MM,Atteridgeville Train Station,6/6/2023,Negative,Negative,
ENV-COV-23-314,Gauteng,Tshwane MM,Vergenoeg,6/6/2023,Positive,Positive,
ENV-COV-23-315,Gauteng,Tshwane MM,Laudium,6/6/2023,Negative,Negative,
ENV-COV-23-316,Gauteng,Tshwane MM,Groenkloof,6/6/2023,Positive,Negative,
ENV-COV-23-317,KwaZulu-Natal,Ethekwini MM,Central Wastewater Treatment Works (KZN),6/6/2023,Negative,Negative,
ENV-COV-23-320,Gauteng,Ekurhuleni MM,ERWAT Vlakplaat Wastewater Treatment Works,6/6/2023,Negative,Negative,
ENV-COV-23-321,Gauteng,Johannesburg MM,Chris Hani Baragwanath Hospital,6/7/2023,Negative,Negative,
ENV-COV-23-322,Gauteng,Johannesburg MM,Motsoaledi,6/7/2023,Negative,Negative,
ENV-COV-23-323,Gauteng,Johannesburg MM,Klipsruit Yard (Before tunnel),6/7/2023,Negative,Negative,
ENV-COV-23-324,Gauteng,Johannesburg MM,Klipspruit Veggies (After tunnel),6/7/2023,Negative,Negative,
ENV-COV-23-325,Gauteng,Johannesburg MM,Bushkoppies Inlet,6/7/2023,Negative,Negative,
ENV-COV-23-326,Gauteng,Johannesburg MM,Bushkoppies Final,6/7/2023,Negative,Positive,
ENV-COV-23-327,Gauteng,Tshwane MM,Rooiwal Wastewater Treatment Works,6/7/2023,Negative,Negative,
ENV-COV-23-328,Free State,Mangaung MM,Sterkwater Wastewater Treatment Works,6/6/2023,Negative,Negative,
ENV-COV-23-329,Free State,Mangaung MM,Bloemspruit Wastewater Treatment Works,6/6/2023,Negative,Negative,
ENV-COV-23-330,Gauteng,Ekurhuleni MM,Midstream,6/8/2023,Positive,Negative,
ENV-COV-23-331,Gauteng,Ekurhuleni MM,Tembisa Mall,6/8/2023,Negative,Negative,
ENV-COV-23-332,Gauteng,Ekurhuleni MM,Moloreng,6/8/2023,Positive,Negative,
ENV-COV-23-333,Gauteng,Ekurhuleni MM,Namane Drive,6/8/2023,Negative,Positive,
ENV-COV-23-334,Gauteng,Ekurhuleni MM,Sasol Garage,6/8/2023,Negative,Negative,
ENV-COV-23-335,Gauteng,Tshwane MM,Daspoort Wastewater Treatment Works,6/9/2023,Positive,Positive,
ENV-COV-23-336,Gauteng,Tshwane MM,SAPS Training College,6/9/2023,Negative,Negative,
ENV-COV-23-337,Gauteng,Tshwane MM,Kalafong Hospital,6/9/2023,Negative,Negative,
ENV-COV-23-338,Gauteng,Tshwane MM,Atteridgeville Train Station,6/9/2023,Positive,Negative,
ENV-COV-23-339,Gauteng,Tshwane MM,Vergenoeg,6/9/2023,Negative,Negative,
ENV-COV-23-340,Gauteng,Tshwane MM,Laudium,6/9/2023,Negative,Positive,
ENV-COV-23-341,Gauteng,Tshwane MM,Groenkloof,6/9/2023,Negative,Positive,
ENV-COV-23-342,Gauteng,Ekurhuleni MM,Midstream,6/12/2023,Negative,Negative,
ENV-COV-23-343,Gauteng,Ekurhuleni MM,Tembisa Mall,6/12/2023,Negative,Negative,
ENV-COV-23-344,Gauteng,Ekurhuleni MM,Moloreng,6/12/2023,Positive,Negative,
ENV-COV-23-345,Gauteng,Ekurhuleni MM,Namane Drive,6/12/2023,Negative,Negative,
ENV-COV-23-346,Gauteng,Ekurhuleni MM,Sasol Garage,6/12/2023,Positive,Negative,
ENV-COV-23-347,Gauteng,Tshwane MM,Daspoort Wastewater Treatment Works,6/13/2023,Positive,Negative,
ENV-COV-23-348,Gauteng,Tshwane MM,SAPS Training College,6/13/2023,Negative,Negative,
ENV-COV-23-349,Gauteng,Tshwane MM,Kalafong Hospital,6/13/2023,Negative,Negative,
ENV-COV-23-350,Gauteng,Tshwane MM,Atteridgeville Train Station,6/13/2023,Negative,Negative,
ENV-COV-23-351,Gauteng,Tshwane MM,Vergenoeg,6/13/2023,Positive,Negative,
ENV-COV-23-352,Gauteng,Tshwane MM,Laudium,6/13/2023,Positive,Negative,
ENV-COV-23-353,Gauteng,Tshwane MM,Groenkloof,6/13/2023,Negative,Negative,
ENV-COV-23-354,Gauteng,Ekurhuleni MM,Hartebeesfontein Waterworks,6/13/2023,Negative,Negative,
ENV-COV-23-355,Gauteng,Tshwane MM,Rooiwal Wastewater Treatment Works,6/14/2023,Negative,Negative,
ENV-COV-23-356,KwaZulu-Natal,Ethekwini MM,Central Wastewater Treatment Works (KZN),6/14/2023,Positive,Positive,
ENV-COV-23-357,KwaZulu-Natal,Ethekwini MM,Northern Wastewater Treatment Works (KZN),6/14/2023,Negative,Negative,
ENV-COV-23-358,Gauteng,Ekurhuleni MM,ERWAT Vlakplaat Wastewater Treatment Works,6/14/2023,Negative,Negative,
ENV-COV-23-359,Free State,Mangaung MM,Sterkwater Wastewater Treatment Works,6/14/2023,Positive,Negative,
ENV-COV-23-360,Free State,Mangaung MM,Bloemspruit Wastewater Treatment Works,6/14/2023,Negative,Negative,
ENV-COV-23-361,Gauteng,Johannesburg MM,Goudkoppies Wastewater Treatment Works,6/14/2023,Positive,Negative,
ENV-COV-23-362,Gauteng,Johannesburg MM,Chris Hani Baragwanath Hospital,6/14/2023,Negative,Negative,
ENV-COV-23-363,Gauteng,Johannesburg MM,Motsoaledi,6/14/2023,Positive,Negative,
ENV-COV-23-364,Gauteng,Johannesburg MM,Klipsruit Yard (Before tunnel),6/14/2023,Positive,Negative,
ENV-COV-23-365,Gauteng,Johannesburg MM,Klipspruit Veggies (After tunnel),6/14/2023,Negative,Negative,
ENV-COV-23-366,Gauteng,Johannesburg MM,Bushkoppies Inlet,6/14/2023,Negative,Positive,
ENV-COV-23-367,Gauteng,Johannesburg MM,Bushkoppies Final,6/14/2023,Positive,Negative,
ENV-COV-23-368,Gauteng,Ekurhuleni MM,Midstream,6/15/2023,Negative,Negative,
ENV-COV-23-369,Gauteng,Ekurhuleni MM,Tembisa Mall,6/15/2023,Negative,Negative,
ENV-COV-23-370,Gauteng,Ekurhuleni MM,Tembisa Mall,6/15/2023,Negative,Negative,
ENV-COV-23-371,Gauteng,Ekurhuleni MM,Namane Drive,6/15/2023,Negative,Negative,
ENV-COV-23-372,Gauteng,Ekurhuleni MM,Moloreng,6/15/2023,Negative,Negative,
ENV-COV-23-373,Gauteng,Ekurhuleni MM,Sasol Garage,6/15/2023,Negative,Negative,
ENV-COV-23-374,Gauteng,Ekurhuleni MM,Midstream,6/19/2023,Negative,Negative,
ENV-COV-23-375,Gauteng,Ekurhuleni MM,Moloreng,6/19/2023,Negative,Negative,
ENV-COV-23-376,Gauteng,Ekurhuleni MM,Namane Drive,6/19/2023,Negative,Negative,
ENV-COV-23-377,Gauteng,Ekurhuleni MM,Sasol Garage,6/19/2023,Negative,Negative,
ENV-COV-23-378,Gauteng,Tshwane MM,Daspoort Wastewater Treatment Works,6/20/2023,Negative,Negative,
ENV-COV-23-379,Gauteng,Tshwane MM,SAPS Training College,6/20/2023,Negative,Negative,
ENV-COV-23-380,Gauteng,Tshwane MM,Kalafong Hospital,6/20/2023,Negative,Negative,
ENV-COV-23-381,Gauteng,Tshwane MM,Atteridgeville Train Station,6/20/2023,Negative,Negative,
ENV-COV-23-382,Gauteng,Tshwane MM,Vergenoeg,6/20/2023,Positive,Negative,
ENV-COV-23-383,Gauteng,Tshwane MM,Laudium,6/20/2023,Negative,Negative,
ENV-COV-23-384,Gauteng,Tshwane MM,Groenkloof,6/20/2023,Negative,Negative,
ENV-COV-23-385,KwaZulu-Natal,Ethekwini MM,Central Wastewater Treatment Works (KZN),6/19/2023,Negative,Negative,
ENV-COV-23-386,Gauteng,Ekurhuleni MM,Hartebeesfontein Waterworks,6/19/2023,Positive,Negative,
ENV-COV-23-387,Gauteng,Ekurhuleni MM,ERWAT Vlakplaat Wastewater Treatment Works,6/19/2023,Negative,Negative,
ENV-COV-23-388,Gauteng,Tshwane MM,Rooiwal Wastewater Treatment Works,6/19/2023,Positive,Negative,
ENV-COV-23-389,Gauteng,Johannesburg MM,Chris Hani Baragwanath Hospital,6/21/2023,Negative,Negative,
ENV-COV-23-390,Gauteng,Johannesburg MM,Motsoaledi,6/21/2023,Negative,Negative,
ENV-COV-23-391,Gauteng,Johannesburg MM,Klipsruit Yard (Before tunnel),6/21/2023,,,
ENV-COV-23-392,Gauteng,Johannesburg MM,Klipspruit Veggies (After tunnel),6/21/2023,Negative,Negative,
ENV-COV-23-393,Gauteng,Johannesburg MM,Bushkoppies Inlet,6/21/2023,Negative,Negative,
ENV-COV-23-394,Gauteng,Johannesburg MM,Bushkoppies Final,6/21/2023,Negative,Positive,
ENV-COV-23-395,Gauteng,Johannesburg MM,Goudkoppies Wastewater Treatment Works,6/21/2023,Negative,Negative,
ENV-COV-23-396,Gauteng,Ekurhuleni MM,Midstream,6/22/2023,Negative,Positive,
ENV-COV-23-397,Gauteng,Ekurhuleni MM,Tembisa Mall,6/22/2023,Negative,Negative,
ENV-COV-23-398,Gauteng,Ekurhuleni MM,Moloreng,6/22/2023,Negative,Negative,
ENV-COV-23-399,Gauteng,Ekurhuleni MM,Namane Drive,6/22/2023,Positive,Negative,
ENV-COV-23-400,Gauteng,Ekurhuleni MM,Sasol Garage,6/22/2023,Positive,Negative,
ENV-COV-23-401,Gauteng,Tshwane MM,Daspoort Wastewater Treatment Works,6/23/2023,Negative,Negative,
ENV-COV-23-402,Gauteng,Tshwane MM,SAPS Training College,6/23/2023,Negative,Negative,
ENV-COV-23-403,Gauteng,Tshwane MM,Kalafong Hospital,6/23/2023,Negative,Negative,
ENV-COV-23-404,Gauteng,Tshwane MM,Atteridgeville Train Station,6/23/2023,Negative,Negative,
ENV-COV-23-405,Gauteng,Tshwane MM,Vergenoeg,6/23/2023,Negative,Negative,
ENV-COV-23-406,Gauteng,Tshwane MM,Laudium,6/23/2023,Negative,Negative,
ENV-COV-23-407,Gauteng,Tshwane MM,Groenkloof,6/23/2023,Negative,Positive,
ENV-COV-23-408,Gauteng,Ekurhuleni MM,Midstream,6/26/2023,Negative,Negative,
ENV-COV-23-409,Gauteng,Ekurhuleni MM,Tembisa Mall,6/26/2023,Negative,Negative,
ENV-COV-23-410,Gauteng,Ekurhuleni MM,Moloreng,6/26/2023,Positive,Negative,
ENV-COV-23-411,Gauteng,Ekurhuleni MM,Namane Drive,6/26/2023,Negative,Negative,
ENV-COV-23-412,Gauteng,Ekurhuleni MM,Sasol Garage,6/26/2023,Negative,Negative,
ENV-COV-23-413,Gauteng,Tshwane MM,Daspoort Wastewater Treatment Works,6/27/2023,Negative,Negative,
ENV-COV-23-414,Gauteng,Tshwane MM,SAPS Training College,6/27/2023,Negative,Positive,
ENV-COV-23-415,Gauteng,Tshwane MM,Kalafong Hospital,6/27/2023,Negative,Negative,
ENV-COV-23-416,Gauteng,Tshwane MM,Atteridgeville Train Station,6/27/2023,Negative,Negative,
ENV-COV-23-417,Gauteng,Tshwane MM,Vergenoeg,6/27/2023,Negative,Negative,
ENV-COV-23-418,Gauteng,Tshwane MM,Laudium,6/27/2023,Negative,Negative,
ENV-COV-23-419,Gauteng,Tshwane MM,Groenkloof,6/27/2023,Negative,Negative,
ENV-COV-23-420,Gauteng,Ekurhuleni MM,Hartebeesfontein Waterworks,6/27/2023,Negative,Negative,
ENV-COV-23-421,Gauteng,Ekurhuleni MM,ERWAT Vlakplaat Wastewater Treatment Works,6/27/2023,Negative,Positive,
ENV-COV-23-422,Free State,Mangaung MM,Sterkwater Wastewater Treatment Works,6/27/2023,Positive,Negative,
ENV-COV-23-423,Free State,Mangaung MM,Bloemspruit Wastewater Treatment Works,6/27/2023,Negative,Negative,
ENV-COV-23-424 A 2 chloroform,Gauteng,Ekurhuleni MM,OR Tambo International Airport,6/28/2023,Negative,Positive,
ENV-COV-23-424 A With chloroform,Gauteng,Ekurhuleni MM,OR Tambo International Airport,6/28/2023,Negative,Positive,
ENV-COV-23-424 B 2 chloroform,Gauteng,Ekurhuleni MM,OR Tambo International Airport,6/28/2023,Negative,Negative,
ENV-COV-23-424 B With chloroform,Gauteng,Ekurhuleni MM,OR Tambo International Airport,6/28/2023,Negative,Negative,
ENV-COV-23-424B,,,,,,,
ENV-COV-23-425,Gauteng,Johannesburg MM,Chris Hani Baragwanath Hospital,6/28/2023,Negative,Negative,
ENV-COV-23-426,Gauteng,Johannesburg MM,Motsoaledi,6/28/2023,Negative,Negative,
ENV-COV-23-427,Gauteng,Johannesburg MM,Klipsruit Yard (Before tunnel),6/28/2023,Negative,Positive,
ENV-COV-23-428,Gauteng,Johannesburg MM,Klipspruit Veggies (After tunnel),6/28/2023,Negative,Negative,
ENV-COV-23-429,Gauteng,Johannesburg MM,Bushkoppies Final,6/28/2023,Negative,Negative,
ENV-COV-23-430,Gauteng,Johannesburg MM,Bushkoppies Final,6/28/2023,Negative,Positive,
ENV-COV-23-431,Gauteng,Johannesburg MM,Goudkoppies Wastewater Treatment Works,6/28/2023,Negative,Negative,
ENV-COV-23-432,Gauteng,Ekurhuleni MM,Midstream,6/29/2023,Negative,Negative,
ENV-COV-23-433,Gauteng,Ekurhuleni MM,Tembisa Mall,6/29/2023,Positive,Negative,
ENV-COV-23-434,Gauteng,Ekurhuleni MM,Moloreng,6/29/2023,Positive,Negative,
ENV-COV-23-435,Gauteng,Ekurhuleni MM,Namane Drive,6/29/2023,Positive,Negative,
ENV-COV-23-436,Gauteng,Ekurhuleni MM,Sasol Garage,6/29/2023,Negative,Positive,
ENV-COV-23-437,Gauteng,Tshwane MM,Daspoort Wastewater Treatment Works,6/30/2023,Negative,Negative,
ENV-COV-23-438,Gauteng,Tshwane MM,SAPS Training College,6/30/2023,Negative,Negative,
ENV-COV-23-439,Gauteng,Tshwane MM,Kalafong Hospital,6/30/2023,Negative,Negative,
ENV-COV-23-440,Gauteng,Tshwane MM,Atteridgeville Train Station,6/30/2023,Negative,Negative,
ENV-COV-23-441,Gauteng,Tshwane MM,Vergenoeg,6/30/2023,Negative,Negative,
ENV-COV-23-442,Gauteng,Tshwane MM,Laudium,6/30/2023,Negative,Negative,
ENV-COV-23-443,Gauteng,Tshwane MM,Groenkloof,6/30/2023,Negative,Negative,
ENV-COV-23-444,Gauteng,Ekurhuleni MM,Midstream,7/3/2023,Negative,Negative,
ENV-COV-23-445,Gauteng,Ekurhuleni MM,Tembisa Mall,7/3/2023,Positive,Negative,
ENV-COV-23-446,Gauteng,Ekurhuleni MM,Moloreng,7/3/2023,Negative,Negative,
ENV-COV-23-447,Gauteng,Ekurhuleni MM,Namane Drive,7/3/2023,Positive,Negative,
ENV-COV-23-448,Gauteng,Ekurhuleni MM,Sasol Garage,7/3/2023,Negative,Negative,
ENV-COV-23-449,Gauteng,Tshwane MM,Daspoort Wastewater Treatment Works,7/4/2023,Negative,Negative,
ENV-COV-23-450,Gauteng,Tshwane MM,SAPS Training College,7/4/2023,Negative,Negative,
ENV-COV-23-451,Gauteng,Tshwane MM,Kalafong Hospital,7/4/2023,Negative,Negative,
ENV-COV-23-452,Gauteng,Tshwane MM,Atteridgeville Train Station,7/4/2023,Negative,Negative,
ENV-COV-23-453,Gauteng,Tshwane MM,Vergenoeg,7/4/2023,Positive,Negative,
ENV-COV-23-454,Gauteng,Tshwane MM,Laudium,7/4/2023,Negative,Negative,
ENV-COV-23-455,Gauteng,Tshwane MM,Groenkloof,7/4/2023,Negative,Negative,
ENV-COV-23-456,Gauteng,Ekurhuleni MM,Hartebeesfontein Waterworks,7/4/2023,Negative,Positive,
ENV-COV-23-457,Gauteng,Ekurhuleni MM,ERWAT Vlakplaat Wastewater Treatment Works,7/4/2023,Negative,Negative,
ENV-COV-23-458,Free State,Mangaung MM,Sterkwater Wastewater Treatment Works,7/4/2023,Negative,Negative,
ENV-COV-23-459,Free State,Mangaung MM,Bloemspruit Wastewater Treatment Works,7/4/2023,Negative,Positive,
ENV-COV-23-460,Gauteng,Johannesburg MM,Goudkoppies Wastewater Treatment Works,7/5/2023,Negative,Negative,
ENV-COV-23-461,Gauteng,Johannesburg MM,Chris Hani Baragwanath Hospital,7/5/2023,Negative,Negative,
ENV-COV-23-462,Gauteng,Johannesburg MM,Motsoaledi,7/5/2023,Negative,Negative,
ENV-COV-23-463,Gauteng,Johannesburg MM,Klipsruit Yard (Before tunnel),7/5/2023,Negative,Positive,
ENV-COV-23-464,Gauteng,Johannesburg MM,Klipspruit Veggies (After tunnel),7/5/2023,Negative,Positive,
ENV-COV-23-465,Gauteng,Johannesburg MM,Bushkoppies Inlet,7/5/2023,Negative,Negative,
ENV-COV-23-466,Gauteng,Johannesburg MM,Bushkoppies Final,7/5/2023,Positive,Negative,
ENV-COV-23-467,Gauteng,Tshwane MM,Rooiwal Wastewater Treatment Works,7/5/2023,Negative,Negative,
ENV-COV-23-468,Gauteng,Ekurhuleni MM,Midstream,7/6/2023,Positive,Negative,
ENV-COV-23-469,Gauteng,Ekurhuleni MM,Tembisa Mall,7/6/2023,Negative,Negative,
ENV-COV-23-470,Gauteng,Ekurhuleni MM,Moloreng,7/6/2023,Negative,Negative,
ENV-COV-23-471,Gauteng,Ekurhuleni MM,Namane Drive,7/6/2023,Negative,Negative,
ENV-COV-23-472,Gauteng,Ekurhuleni MM,Sasol Garage,7/6/2023,Negative,Negative,
ENV-COV-23-473,Gauteng,Tshwane MM,Daspoort Wastewater Treatment Works,7/7/2023,Negative,Negative,
ENV-COV-23-474,Gauteng,Tshwane MM,SAPS Training College,7/7/2023,Negative,Positive,
ENV-COV-23-475,Gauteng,Tshwane MM,Kalafong Hospital,7/7/2023,Negative,Negative,
ENV-COV-23-476,Gauteng,Tshwane MM,Atteridgeville Train Station,7/7/2023,Negative,Negative,
ENV-COV-23-477,Gauteng,Tshwane MM,Vergenoeg,7/7/2023,Negative,Negative,
ENV-COV-23-478,Gauteng,Tshwane MM,Laudium,7/7/2023,Negative,Negative,
ENV-COV-23-479,Gauteng,Tshwane MM,Groenkloof,7/7/2023,Positive,Negative,
ENV-COV-23-480,Gauteng,Ekurhuleni MM,Midstream,7/10/2023,Negative,Negative,
ENV-COV-23-481,Gauteng,Ekurhuleni MM,Tembisa Mall,7/10/2023,Negative,Negative,
ENV-COV-23-482,Gauteng,Ekurhuleni MM,Moloreng,7/10/2023,Negative,Negative,
ENV-COV-23-483,Gauteng,Ekurhuleni MM,Namane Drive,7/10/2023,Negative,Negative,
ENV-COV-23-484,Gauteng,Ekurhuleni MM,Sasol Garage,7/10/2023,Positive,Negative,
ENV-COV-23-485,Gauteng,Tshwane MM,Daspoort Wastewater Treatment Works,7/11/2023,Negative,Negative,
ENV-COV-23-486,Gauteng,Tshwane MM,SAPS Training College,7/11/2023,Negative,Negative,
ENV-COV-23-487,Gauteng,Tshwane MM,Kalafong Hospital,7/11/2023,Negative,Negative,
ENV-COV-23-488,Gauteng,Tshwane MM,Atteridgeville Train Station,7/11/2023,Negative,Negative,
ENV-COV-23-489,Gauteng,Tshwane MM,Vergenoeg,7/11/2023,Positive,Negative,
ENV-COV-23-490,Gauteng,Tshwane MM,Laudium,7/11/2023,Negative,Negative,
ENV-COV-23-491,Gauteng,Tshwane MM,Groenkloof,7/11/2023,Negative,Negative,
ENV-COV-23-492,Gauteng,Ekurhuleni MM,Hartebeesfontein Waterworks,7/11/2023,Negative,Positive,
ENV-COV-23-493,Gauteng,Ekurhuleni MM,ERWAT Vlakplaat Wastewater Treatment Works,7/11/2023,Negative,Negative,
ENV-COV-23-494,Gauteng,Johannesburg MM,Chris Hani Baragwanath Hospital,7/12/2023,Negative,Negative,
ENV-COV-23-495,Gauteng,Johannesburg MM,Motsoaledi,7/12/2023,Negative,Negative,
ENV-COV-23-496,Gauteng,Johannesburg MM,Klipsruit Yard (Before tunnel),7/12/2023,Negative,Negative,
ENV-COV-23-497,Gauteng,Johannesburg MM,Klipspruit Veggies (After tunnel),7/12/2023,Negative,Negative,
ENV-COV-23-498,Gauteng,Johannesburg MM,Bushkoppies Inlet,7/12/2023,Negative,Positive,
ENV-COV-23-499,Gauteng,Johannesburg MM,Bushkoppies Final,7/12/2023,Negative,Negative,
ENV-COV-23-500,Gauteng,Johannesburg MM,Goudkoppies Wastewater Treatment Works,7/12/2023,Negative,Negative,
ENV-COV-23-501,Gauteng,Tshwane MM,Rooiwal Wastewater Treatment Works,7/12/2023,Negative,Negative,
ENV-COV-23-503,Free State,Mangaung MM,Bloemspruit Wastewater Treatment Works,7/11/2023,Negative,Negative,
ENV-COV-23-504,Gauteng,Ekurhuleni MM,Midstream,7/13/2023,Negative,Negative,
ENV-COV-23-505,Gauteng,Ekurhuleni MM,Tembisa Mall,7/13/2023,Positive,Negative,
ENV-COV-23-506,Gauteng,Ekurhuleni MM,Moloreng,7/13/2023,Negative,Negative,
ENV-COV-23-507,Gauteng,Ekurhuleni MM,Namane Drive,7/13/2023,Negative,Negative,
ENV-COV-23-508,Gauteng,Ekurhuleni MM,Sasol Garage,7/13/2023,Negative,Negative,
ENV-COV-23-509,Gauteng,Tshwane MM,Daspoort Wastewater Treatment Works,7/14/2023,Negative,Negative,
ENV-COV-23-510,Gauteng,Tshwane MM,SAPS Training College,7/14/2023,Negative,Negative,
ENV-COV-23-511,Gauteng,Tshwane MM,Kalafong Hospital,7/14/2023,Negative,Negative,
ENV-COV-23-512,Gauteng,Tshwane MM,Atteridgeville Train Station,7/14/2023,Negative,Negative,
ENV-COV-23-513,Gauteng,Tshwane MM,Vergenoeg,7/14/2023,Negative,Negative,
ENV-COV-23-514,Gauteng,Tshwane MM,Laudium,7/14/2023,Negative,Negative,
ENV-COV-23-515,Gauteng,Tshwane MM,Groenkloof,7/14/2023,Negative,Negative,
ENV-COV-23-516,Gauteng,Ekurhuleni MM,Midstream,7/17/2023,Negative,Positive,
ENV-COV-23-517,Gauteng,Ekurhuleni MM,Tembisa Hospital Downstream,7/17/2023,Negative,Negative,
ENV-COV-23-518,Gauteng,Ekurhuleni MM,Tembisa Mall,7/17/2023,Negative,Negative,
ENV-COV-23-519,Gauteng,Ekurhuleni MM,Moloreng,7/17/2023,Negative,Negative,
ENV-COV-23-520,Gauteng,Ekurhuleni MM,Namane Drive,7/17/2023,Negative,Negative,
ENV-COV-23-521,Gauteng,Ekurhuleni MM,Sasol Garage,7/17/2023,Negative,Negative,
ENV-COV-23-522,Gauteng,Tshwane MM,Daspoort Wastewater Treatment Works,7/18/2023,,,
ENV-COV-23-523,Gauteng,Tshwane MM,SAPS Training College,7/17/2023,,,
ENV-COV-23-524,Gauteng,Tshwane MM,Kalafong Hospital,7/18/2023,Negative,Negative,
ENV-COV-23-525,Gauteng,Tshwane MM,Atteridgeville Train Station,7/17/2023,,,
ENV-COV-23-526,Gauteng,Tshwane MM,Vergenoeg,7/18/2023,Negative,Negative,
ENV-COV-23-527,Gauteng,Tshwane MM,Laudium,7/17/2023,,,
ENV-COV-23-528,Gauteng,Tshwane MM,Groenkloof,7/18/2023,,,
ENV-COV-23-529,Gauteng,Ekurhuleni MM,Hartebeesfontein Waterworks,7/17/2023,Negative,Negative,
ENV-COV-23-530,Gauteng,Ekurhuleni MM,ERWAT Vlakplaat Wastewater Treatment Works,7/18/2023,Negative,Negative,
ENV-COV-23-531,Gauteng,Johannesburg MM,Chris Hani Baragwanath Hospital,7/19/2023,,,
ENV-COV-23-532,Gauteng,Johannesburg MM,Motsoaledi,7/19/2023,,,
ENV-COV-23-533,Gauteng,Johannesburg MM,Klipsruit Yard (Before tunnel),7/19/2023,,,
ENV-COV-23-534,Gauteng,Johannesburg MM,Klipspruit Veggies (After tunnel),7/19/2023,,,
ENV-COV-23-535,Gauteng,Johannesburg MM,Bushkoppies Inlet,7/19/2023,,,
ENV-COV-23-536,Gauteng,Johannesburg MM,Bushkoppies Final,7/19/2023,Negative,Negative,
ENV-COV-23-537,Gauteng,Johannesburg MM,Goudkoppies Wastewater Treatment Works,7/19/2023,Negative,Negative,
ENV-COV-23-538,Gauteng,Tshwane MM,Rooiwal Wastewater Treatment Works,7/19/2023,Negative,Negative,
ENV-COV-23-540,KwaZulu-Natal,Ethekwini MM,Central Wastewater Treatment Works (KZN),7/18/2023,Negative,Negative,
ENV-COV-23-541,KwaZulu-Natal,Ethekwini MM,Northern Wastewater Treatment Works (KZN),7/18/2023,Negative,Negative,
ENV-COV-23-542,Gauteng,Ekurhuleni MM,Midstream,7/20/2023,,,
ENV-COV-23-543,Gauteng,Ekurhuleni MM,Tembisa Hospital Downstream,7/20/2023,Negative,Positive,
ENV-COV-23-544,Gauteng,Ekurhuleni MM,Tembisa Mall,7/20/2023,Positive,Negative,
ENV-COV-23-545,Gauteng,Ekurhuleni MM,Moloreng,7/20/2023,,,
ENV-COV-23-546,Gauteng,Ekurhuleni MM,Namane Drive,7/20/2023,Negative,Negative,
ENV-COV-23-547,Gauteng,Ekurhuleni MM,Sasol Garage,7/20/2023,Negative,Negative,
ENV-COV-23-548,Gauteng,Tshwane MM,Daspoort Wastewater Treatment Works,7/21/2023,,,
ENV-COV-23-549,Gauteng,Tshwane MM,SAPS Training College,7/21/2023,,,
ENV-COV-23-550,Gauteng,Tshwane MM,Kalafong Hospital,7/21/2023,Negative,Negative,
ENV-COV-23-551,Gauteng,Tshwane MM,Atteridgeville Train Station,7/21/2023,,,
ENV-COV-23-552,Gauteng,Tshwane MM,Vergenoeg,7/21/2023,Negative,Negative,
ENV-COV-23-553,Gauteng,Tshwane MM,Laudium,7/21/2023,,,
ENV-COV-23-554,Gauteng,Tshwane MM,Groenkloof,7/21/2023,,,
ENV-COV-23-555,Gauteng,Ekurhuleni MM,Midstream,7/24/2023,,,
ENV-COV-23-556,Gauteng,Ekurhuleni MM,Tembisa Hospital Downstream,7/24/2023,Positive,Negative,
ENV-COV-23-557,Gauteng,Ekurhuleni MM,Tembisa Mall,7/24/2023,Negative,Negative,
ENV-COV-23-558,Gauteng,Ekurhuleni MM,Namane Drive,7/24/2023,Negative,Negative,
ENV-COV-23-559,Gauteng,Ekurhuleni MM,Sasol Garage,7/24/2023,Negative,Negative,
ENV-COV-23-560,Gauteng,Tshwane MM,SAPS Training College,7/25/2023,,,
ENV-COV-23-561,Gauteng,Tshwane MM,Kalafong Hospital,7/25/2023,Negative,Negative,
ENV-COV-23-562,Gauteng,Tshwane MM,Atteridgeville Train Station,7/25/2023,,,
ENV-COV-23-563,Gauteng,Tshwane MM,Vergenoeg,7/25/2023,Positive,Negative,
ENV-COV-23-564,Gauteng,Tshwane MM,Laudium,7/25/2023,,,
ENV-COV-23-565,Gauteng,Tshwane MM,Groenkloof,7/25/2023,,,
ENV-COV-23-566,KwaZulu-Natal,Ethekwini MM,Central Wastewater Treatment Works (KZN),7/24/2023,,,
ENV-COV-23-567,KwaZulu-Natal,Ethekwini MM,Northern Wastewater Treatment Works (KZN),7/24/2023,,,
ENV-COV-23-568,Gauteng,Ekurhuleni MM,Hartebeesfontein Waterworks,7/25/2023,,,
ENV-COV-23-569,Gauteng,Johannesburg MM,Chris Hani Baragwanath Hospital,7/26/2023,,,
ENV-COV-23-570,Gauteng,Johannesburg MM,Motsoaledi,7/26/2023,,,
ENV-COV-23-571,Gauteng,Johannesburg MM,Klipsruit Yard (Before tunnel),7/26/2023,,,
ENV-COV-23-572,Gauteng,Johannesburg MM,Klipspruit Veggies (After tunnel),7/26/2023,,,
ENV-COV-23-573,Gauteng,Johannesburg MM,Bushkoppies Inlet,7/26/2023,,,
ENV-COV-23-574,Gauteng,Johannesburg MM,Bushkoppies Final,7/26/2023,,,
ENV-COV-23-575,Gauteng,Johannesburg MM,Goudkoppies Wastewater Treatment Works,7/26/2023,,,
ENV-COV-23-576,Gauteng,Ekurhuleni MM,Midstream,7/27/2023,,,
ENV-COV-23-577,Gauteng,Ekurhuleni MM,Tembisa Hospital Downstream,7/27/2023,,,
ENV-COV-23-578,Gauteng,Ekurhuleni MM,Tembisa Mall,7/27/2023,,,
ENV-COV-23-579,Gauteng,Ekurhuleni MM,Namane Drive,7/27/2023,,,
ENV-COV-23-580,Gauteng,Ekurhuleni MM,Sasol Garage,7/27/2023,,,
ENV-COV-23-581,Eastern Cape,Buffalo City MM,Mdantsane Wastewater Treatment Works,7/25/2023,,,
ENV-COV-23-582,Eastern Cape,Buffalo City MM,East Bank Wastewater Treatment Works,7/27/2023,,,
ENV-COV-23-583,Gauteng,Tshwane MM,SAPS Training College,7/28/2023,,,
ENV-COV-23-584,Gauteng,Tshwane MM,Kalafong Hospital,7/28/2023,,,
ENV-COV-23-585,Gauteng,Tshwane MM,Atteridgeville Train Station,7/28/2023,,,
ENV-COV-23-586,Gauteng,Tshwane MM,Vergenoeg,7/28/2023,,,
ENV-COV-23-587,Gauteng,Tshwane MM,Groenkloof,7/28/2023,,,
ENV-COV-23-588,Eastern Cape,Buffalo City MM,Mdantsane Wastewater Treatment Works,7/27/2023,,,
ENV-COV-23-589,Gauteng,Ekurhuleni MM,Midstream,7/31/2023,,,
ENV-COV-23-590,Gauteng,Ekurhuleni MM,Tembisa Hospital Downstream,7/31/2023,,,
ENV-COV-23-591,Gauteng,Ekurhuleni MM,Namane Drive,7/31/2023,,,
ENV-COV-23-592,Gauteng,Ekurhuleni MM,Sasol Garage,7/31/2023,,,
ENV-COV-23-593,Gauteng,Tshwane MM,Daspoort Wastewater Treatment Works,8/1/2023,,,
ENV-COV-23-594,Gauteng,Tshwane MM,SAPS Training College,8/1/2023,,,
ENV-COV-23-595,Gauteng,Tshwane MM,Kalafong Hospital,8/1/2023,,,
ENV-COV-23-596,Gauteng,Tshwane MM,Atteridgeville Train Station,8/1/2023,,,
ENV-COV-23-597,Gauteng,Tshwane MM,Vergenoeg,8/1/2023,,,
ENV-COV-23-598,Gauteng,Tshwane MM,Laudium,8/1/2023,,,
ENV-COV-23-600,Gauteng,Ekurhuleni MM,ERWAT Vlakplaat Wastewater Treatment Works,8/1/2023,,,
ENV-COV-23-601,Gauteng,Johannesburg MM,Chris Hani Baragwanath Hospital,8/2/2023,,,
ENV-COV-23-602,Gauteng,Johannesburg MM,Motsoaledi,8/2/2023,,,
ENV-COV-23-603,Gauteng,Johannesburg MM,Klipsruit Yard (Before tunnel),8/2/2023,,,
ENV-COV-23-604,Gauteng,Johannesburg MM,Klipspruit Veggies (After tunnel),8/2/2023,,,
ENV-COV-23-605,Gauteng,Johannesburg MM,Bushkoppies Inlet,8/2/2023,,,
ENV-COV-23-606,Gauteng,Johannesburg MM,Bushkoppies Final,8/2/2023,,,
ENV-COV-23-607,Eastern Cape,Buffalo City MM,Mdantsane Wastewater Treatment Works,8/1/2023,,,
ENV-COV-23-608,Eastern Cape,Buffalo City MM,Mdantsane Wastewater Treatment Works,8/1/2023,,,
ENV-COV-23-609,Gauteng,Johannesburg MM,Northern Wastewater Treatment Works (GP),8/2/2023,,,
ENV-COV-23-610,Gauteng,Tshwane MM,Rooiwal Wastewater Treatment Works,8/2/2023,,,
ENV-COV-23-611,Gauteng,Ekurhuleni MM,Midstream,8/3/2023,,,
ENV-COV-23-612,Gauteng,Ekurhuleni MM,Tembisa Hospital Downstream,8/3/2023,,,
ENV-COV-23-613,Gauteng,Ekurhuleni MM,Namane Drive,8/3/2023,,,
ENV-COV-23-614,Gauteng,Ekurhuleni MM,Sasol Garage,8/3/2023,,,
ENV-COV-23-615,Gauteng,Tshwane MM,SAPS Training College,8/4/2023,,,
ENV-COV-23-616,Gauteng,Tshwane MM,Kalafong Hospital,8/4/2023,,,
ENV-COV-23-617,Gauteng,Tshwane MM,Atteridgeville Train Station,8/4/2023,Negative,Negative,
ENV-COV-23-618,Gauteng,Tshwane MM,Vergenoeg,8/4/2023,Negative,Negative,
ENV-COV-23-619,Gauteng,Tshwane MM,Laudium,8/4/2023,Negative,Negative,
ENV-COV-23-620,Gauteng,Tshwane MM,Groenkloof,8/4/2023,,,
ENV-COV-23-621,Eastern Cape,Buffalo City MM,Mdantsane Wastewater Treatment Works,8/3/2023,,,
ENV-COV-23-622,Gauteng,Ekurhuleni MM,Midstream,8/7/2023,,,
ENV-COV-23-623,Gauteng,Ekurhuleni MM,Tembisa Mall,8/7/2023,,,
ENV-COV-23-624,Gauteng,Ekurhuleni MM,Tembisa Hospital Downstream,8/7/2023,,,
ENV-COV-23-625,Gauteng,Ekurhuleni MM,Moloreng,8/7/2023,,,
ENV-COV-23-626,Gauteng,Ekurhuleni MM,Namane Drive,8/7/2023,,,
ENV-COV-23-627,Gauteng,Ekurhuleni MM,Sasol Garage,8/7/2023,,,
ENV-COV-23-628,Gauteng,Tshwane MM,Daspoort Wastewater Treatment Works,8/8/2023,,,
ENV-COV-23-629,Gauteng,Tshwane MM,SAPS Training College,8/8/2023,,,
ENV-COV-23-630,Gauteng,Tshwane MM,Kalafong Hospital,8/8/2023,,,
ENV-COV-23-631,Gauteng,Tshwane MM,Atteridgeville Train Station,8/8/2023,,,
ENV-COV-23-632,Gauteng,Tshwane MM,Vergenoeg,8/8/2023,,,
ENV-COV-23-633,Gauteng,Tshwane MM,Laudium,8/8/2023,,,
ENV-COV-23-634,Gauteng,Tshwane MM,Groenkloof,8/8/2023,,,
ENV-COV-23-635,Gauteng,Ekurhuleni MM,Hartebeesfontein Waterworks,8/8/2023,,,
ENV-COV-23-636,Gauteng,Ekurhuleni MM,ERWAT Vlakplaat Wastewater Treatment Works,8/8/2023,,,
ENV-COV-23-637,Gauteng,Ekurhuleni MM,Midstream,8/10/2023,,,
ENV-COV-23-638,Gauteng,Ekurhuleni MM,Tembisa Mall,8/10/2023,,,
ENV-COV-23-639,Gauteng,Ekurhuleni MM,Tembisa Hospital Downstream,8/10/2023,,,
ENV-COV-23-640,Gauteng,Ekurhuleni MM,Moloreng,8/10/2023,,,
ENV-COV-23-641,Gauteng,Ekurhuleni MM,Namane Drive,8/10/2023,,,
ENV-COV-23-642,Gauteng,Ekurhuleni MM,Sasol Garage,8/10/2023,,,
ENV-COV-23-643,KwaZulu-Natal,Ethekwini MM,Northern Wastewater Treatment Works (KZN),8/7/2023,,,
ENV-COV-23-644,KwaZulu-Natal,Ethekwini MM,Central Wastewater Treatment Works (KZN),8/7/2023,,,
ENV-COV-23-645,Gauteng,Tshwane MM,Rooiwal Wastewater Treatment Works,8/10/2023,,,
ENV-COV-23-646,Eastern Cape,Nelson Mandela Bay MM,Kwanobuhle Wastewater Treatment Works,8/8/2023,,,
ENV-COV-23-647,Eastern Cape,Nelson Mandela Bay MM,Brickfield Pre-treatment Works,8/8/2023,,,
ENV-COV-23-648,Gauteng,Tshwane MM,Daspoort Wastewater Treatment Works,8/11/2023,,,
ENV-COV-23-649,Gauteng,Tshwane MM,SAPS Training College,8/11/2023,Negative,Negative,
ENV-COV-23-650,Gauteng,Tshwane MM,Kalafong Hospital,8/11/2023,Negative,Negative,
ENV-COV-23-651,Gauteng,Tshwane MM,Atteridgeville Train Station,8/11/2023,Negative,Negative,
ENV-COV-23-652,Gauteng,Tshwane MM,Vergenoeg,8/11/2023,Negative,Negative,
ENV-COV-23-653,Gauteng,Tshwane MM,Laudium,8/11/2023,Negative,Negative,
ENV-COV-23-654,Gauteng,Tshwane MM,Groenkloof,8/11/2023,Failed,Failed,
ENV-COV-23-655,Gauteng,Ekurhuleni MM,Midstream,8/14/2023,Failed,Failed,
ENV-COV-23-656,Gauteng,Ekurhuleni MM,Tembisa Mall,8/14/2023,Negative,Negative,
ENV-COV-23-657,Gauteng,Ekurhuleni MM,Moloreng,8/14/2023,Negative,Positive,
ENV-COV-23-658,Gauteng,Ekurhuleni MM,Namane Drive,8/14/2023,Positive,Negative,
ENV-COV-23-659,Gauteng,Ekurhuleni MM,Sasol Garage,8/14/2023,Negative,Negative,
ENV-COV-23-660,Gauteng,Tshwane MM,Daspoort Wastewater Treatment Works,8/15/2023,Negative,Negative,
ENV-COV-23-661,Gauteng,Tshwane MM,SAPS Training College,8/15/2023,Negative,Negative,
ENV-COV-23-662,Gauteng,Tshwane MM,Kalafong Hospital,8/15/2023,Negative,Negative,
ENV-COV-23-663,Gauteng,Tshwane MM,Atteridgeville Train Station,8/15/2023,Negative,Negative,
ENV-COV-23-664,Gauteng,Tshwane MM,Vergenoeg,8/15/2023,Failed,Failed,
ENV-COV-23-665,Gauteng,Tshwane MM,Laudium,8/15/2023,Negative,Negative,
ENV-COV-23-666,Gauteng,Tshwane MM,Groenkloof,8/15/2023,Negative,Negative,
ENV-COV-23-667,Gauteng,Ekurhuleni MM,Hartebeesfontein Waterworks,8/15/2023,Negative,Negative,
ENV-COV-23-668,Gauteng,Ekurhuleni MM,ERWAT Vlakplaat Wastewater Treatment Works,8/15/2023,Negative,Negative,
ENV-COV-23-669,KwaZulu-Natal,Ethekwini MM,Central Wastewater Treatment Works (KZN),8/14/2023,Failed,Failed,
ENV-COV-23-670,KwaZulu-Natal,Ethekwini MM,Northern Wastewater Treatment Works (KZN),8/15/2023,Positive,Negative,
ENV-COV-23-671,Gauteng,Johannesburg MM,Chris Hani Baragwanath Hospital,8/16/2023,,,
ENV-COV-23-672,Gauteng,Johannesburg MM,Motsoaledi,8/15/2023,Failed,Failed,
ENV-COV-23-673,Gauteng,Johannesburg MM,Klipsruit Yard (Before tunnel),8/16/2023,,,
ENV-COV-23-674,Gauteng,Johannesburg MM,Klipspruit Veggies (After tunnel),8/16/2023,Negative,Negative,
ENV-COV-23-675,Gauteng,Johannesburg MM,Bushkoppies Inlet,8/16/2023,Negative,Negative,
ENV-COV-23-676,Gauteng,Johannesburg MM,Bushkoppies Final,8/16/2023,Negative,Negative,
ENV-COV-23-677,Gauteng,Johannesburg MM,Goudkoppies Wastewater Treatment Works,8/16/2023,Negative,Negative,
ENV-COV-23-678,Gauteng,Tshwane MM,Rooiwal Wastewater Treatment Works,8/16/2023,Negative,Negative,
ENV-COV-23-679,Gauteng,Ekurhuleni MM,Midstream,8/17/2023,Positive,Negative,
ENV-COV-23-680,Gauteng,Ekurhuleni MM,Tembisa Mall,8/18/2023,Negative,Negative,
ENV-COV-23-681,Gauteng,Ekurhuleni MM,Moloreng,8/19/2023,Negative,Negative,
ENV-COV-23-682,Gauteng,Ekurhuleni MM,Namane Drive,8/20/2023,Negative,Negative,
ENV-COV-23-683,Gauteng,Ekurhuleni MM,Sasol Garage,8/21/2023,Negative,Negative,
ENV-COV-23-685,Eastern Cape,Buffalo City MM,Mdantsane Wastewater Treatment Works,8/17/2023,Negative,Negative,
ENV-COV-23-686,Eastern Cape,Buffalo City MM,Mdantsane Wastewater Treatment Works,8/15/2023,Negative,Negative,
ENV-COV-23-687,Gauteng,Tshwane MM,Daspoort Wastewater Treatment Works,8/18/2023,Negative,Negative,
ENV-COV-23-688,Gauteng,Tshwane MM,SAPS Training College,8/18/2023,Negative,Negative,
ENV-COV-23-689,Gauteng,Tshwane MM,Kalafong Hospital,8/18/2023,Negative,Negative,
ENV-COV-23-690,Gauteng,Tshwane MM,Atteridgeville Train Station,8/18/2023,Negative,Negative,
ENV-COV-23-691,Gauteng,Tshwane MM,Vergenoeg,8/18/2023,Negative,Negative,
ENV-COV-23-692,Gauteng,Tshwane MM,Laudium,8/18/2023,Negative,Negative,
ENV-COV-23-693,Gauteng,Tshwane MM,Groenkloof,8/18/2023,Positive,Positive,
ENV-COV-23-694,Western Cape,Cape Town MM,Borcherds Quarry Wastewater Treatment Works,8/18/2023,Negative,Negative,
ENV-COV-23-695,Western Cape,Cape Town MM,Zandvleit Wastewater Treatment Works,8/14/2023,Negative,Negative,
ENV-COV-23-1000,Gauteng,Ekurhuleni MM,Sasol Garage,10/16/2023,,,
ENV-COV-23-1001,Gauteng,Ekurhuleni MM,ERWAT Vlakplaat Wastewater Treatment Works,10/17/2023,,,
ENV-COV-23-1002,Gauteng,Tshwane MM,Daspoort Wastewater Treatment Works,10/17/2023,,,
ENV-COV-23-1003,Gauteng,Tshwane MM,SAPS Training College,10/17/2023,,,
ENV-COV-23-1004,Gauteng,Tshwane MM,Kalafong Hospital,10/17/2023,,,
ENV-COV-23-1005,Gauteng,Tshwane MM,Atteridgeville Train Station,10/17/2023,,,
ENV-COV-23-1006,Gauteng,Tshwane MM,Vergenoeg,10/17/2023,,,
ENV-COV-23-1007,Gauteng,Tshwane MM,Laudium,10/17/2023,,,
ENV-COV-23-1008,Gauteng,Tshwane MM,Groenkloof,10/17/2023,,,
ENV-COV-23-1009,Gauteng,Johannesburg MM,Northern Wastewater Treatment Works (GP),10/17/2023,,,
ENV-COV-23-1010,Gauteng,Johannesburg MM,Chris Hani Baragwanath Hospital,10/18/2023,,,
ENV-COV-23-1011,Gauteng,Johannesburg MM,Motsoaledi,10/18/2023,,,
ENV-COV-23-1012,Gauteng,Johannesburg MM,Klipsruit Yard (Before tunnel),10/18/2023,,,
ENV-COV-23-1013,Gauteng,Johannesburg MM,Klipspruit Veggies (After tunnel),10/18/2023,,,
ENV-COV-23-1014,Gauteng,Johannesburg MM,Bushkoppies Inlet,10/18/2023,,,
ENV-COV-23-1015,Gauteng,Johannesburg MM,Bushkoppies Final,10/18/2023,,,
ENV-COV-23-1016,Gauteng,Johannesburg MM,Goudkoppies Wastewater Treatment Works,10/18/2023,,,
ENV-COV-23-1017,Gauteng,Ekurhuleni MM,Hartebeesfontein Waterworks,10/17/2023,,,
ENV-COV-23-1018,Western Cape,Cape Town MM,Zandvleit Wastewater Treatment Works,10/16/2023,,,
ENV-COV-23-1019,Gauteng,Tshwane MM,Rooiwal Wastewater Treatment Works,10/18/2023,,,
ENV-COV-23-1020,Eastern Cape,Buffalo City MM,Mdantsane Wastewater Treatment Works,10/17/2023,,,
ENV-COV-23-1021,Eastern Cape,Buffalo City MM,East Bank Wastewater Treatment Works,10/17/2023,,,
ENV-COV-23-1022,Gauteng,Ekurhuleni MM,Midstream,10/19/2023,,,
ENV-COV-23-1023,Gauteng,Ekurhuleni MM,Tembisa Mall,10/19/2023,,,
ENV-COV-23-1024,,,,,,,
ENV-COV-23-1025,Gauteng,Ekurhuleni MM,Moloreng,10/19/2023,,,
ENV-COV-23-1026,Gauteng,Ekurhuleni MM,Namane Drive,10/19/2023,,,
ENV-COV-23-1027,Gauteng,Ekurhuleni MM,Sasol Garage,10/19/2023,,,
ENV-COV-23-1028,Eastern Cape,Buffalo City MM,Mdantsane Wastewater Treatment Works,10/19/2023,,,
ENV-COV-23-1029,Gauteng,Tshwane MM,Daspoort Wastewater Treatment Works,10/20/2023,,,
ENV-COV-23-1030,Gauteng,Tshwane MM,SAPS Training College,10/20/2023,,,
ENV-COV-23-1031,Gauteng,Tshwane MM,Atteridgeville Train Station,10/20/2023,,,
ENV-COV-23-1032,Gauteng,Tshwane MM,Vergenoeg,10/20/2023,,,
ENV-COV-23-1033,Gauteng,Tshwane MM,Laudium,10/20/2023,,,
ENV-COV-23-1034,Gauteng,Tshwane MM,Groenkloof,10/20/2023,,,
ENV-COV-23-1035,Gauteng,Ekurhuleni MM,Tembisa Mall,10/23/2023,,,
ENV-COV-23-1036,Gauteng,Ekurhuleni MM,Olifantsfontein,10/23/2023,,,
ENV-COV-23-1037,Gauteng,Ekurhuleni MM,Moloreng,10/23/2023,,,
ENV-COV-23-1038,Gauteng,Ekurhuleni MM,Namane Drive,10/23/2023,,,
ENV-COV-23-1039,Gauteng,Ekurhuleni MM,Sasol Garage,10/23/2023,,,
ENV-COV-23-1040,Gauteng,Tshwane MM,Daspoort Wastewater Treatment Works,10/24/2023,,,
ENV-COV-23-1041,Gauteng,Tshwane MM,SAPS Training College,10/24/2023,,,
ENV-COV-23-1042,Gauteng,Tshwane MM,Groenkloof,10/24/2023,,,
ENV-COV-23-1043,Gauteng,Tshwane MM,Kalafong Hospital,10/24/2023,,,
ENV-COV-23-1044,Gauteng,Tshwane MM,Vergenoeg,10/24/2023,,,
ENV-COV-23-1045,Gauteng,Tshwane MM,Laudium,10/24/2023,,,
ENV-COV-23-1046,Gauteng,Tshwane MM,Vergenoeg,10/24/2023,,,
ENV-COV-23-1047,Gauteng,Johannesburg MM,Goudkoppies Wastewater Treatment Works,10/24/2023,,,
ENV-COV-23-1048,Gauteng,Ekurhuleni MM,Hartebeesfontein Waterworks,10/24/2023,,,
ENV-COV-23-1049,Gauteng,Johannesburg MM,Chris Hani Baragwanath Hospital,10/25/2023,,,
ENV-COV-23-1050,Gauteng,Johannesburg MM,Motsoaledi,10/25/2023,,,
ENV-COV-23-1051,Gauteng,Johannesburg MM,Klipsruit Yard (Before tunnel),10/25/2023,,,
ENV-COV-23-1052,Gauteng,Johannesburg MM,Klipspruit Veggies (After tunnel),10/25/2023,,,
ENV-COV-23-1053,Gauteng,Johannesburg MM,Bushkoppies Inlet,10/25/2023,,,
ENV-COV-23-1054,Gauteng,Johannesburg MM,Bushkoppies Final,10/25/2023,,,
ENV-COV-23-1055,Eastern Cape,Buffalo City MM,Mdantsane Wastewater Treatment Works,10/24/2023,,,
ENV-COV-23-1056,Eastern Cape,Buffalo City MM,East Bank Wastewater Treatment Works,10/24/2023,,,
ENV-COV-23-1057,Free State,Mangaung MM,Bloemspruit Wastewater Treatment Works,10/24/2023,,,
ENV-COV-23-1058,Free State,Mangaung MM,Sterkwater Wastewater Treatment Works,10/24/2023,,,
ENV-COV-23-1059,Western Cape,Cape Town MM,Zandvleit Wastewater Treatment Works,10/24/2023,,,
ENV-COV-23-1060,Gauteng,Tshwane MM,Rooiwal Wastewater Treatment Works,10/25/2023,,,
ENV-COV-23-1061,Gauteng,Ekurhuleni MM,Midstream,10/26/2023,,,
ENV-COV-23-1062,Gauteng,Ekurhuleni MM,Moloreng,10/26/2023,,,
ENV-COV-23-1063,Gauteng,Ekurhuleni MM,Namane Drive,10/26/2023,,,
ENV-COV-23-1064,Gauteng,Ekurhuleni MM,Olifantsfontein,10/26/2023,,,
ENV-COV-23-1065,Gauteng,Ekurhuleni MM,Sasol Garage,10/26/2023,,,
ENV-COV-23-1066,Gauteng,Ekurhuleni MM,Tembisa Mall,10/26/2023,,,
ENV-COV-23-1067,Eastern Cape,Buffalo City MM,Mdantsane Wastewater Treatment Works,10/26/2023,,,
ENV-COV-23-1068,Gauteng,Tshwane MM,Daspoort Wastewater Treatment Works,10/27/2023,,,
ENV-COV-23-1069,Gauteng,Tshwane MM,SAPS Training College,10/27/2023,,,
ENV-COV-23-1070,Gauteng,Tshwane MM,Kalafong Hospital,10/27/2023,,,
ENV-COV-23-1071,Gauteng,Tshwane MM,Atteridgeville Train Station,10/27/2023,Negative,Negative,
ENV-COV-23-1072,Gauteng,Tshwane MM,Vergenoeg,10/27/2023,Positive,Negative,
ENV-COV-23-1073,Gauteng,Tshwane MM,Laudium,10/27/2023,Positive,Negative,
ENV-COV-23-1074,Gauteng,Tshwane MM,Groenkloof,10/27/2023,Negative,Negative,
ENV-COV-23-1075,Western Cape,Cape Town MM,Borcherds Quarry Wastewater Treatment Works,10/26/2023,Negative,Negative,
ENV-COV-23-1076,North West,Bojanala Platinum DM,Rustenburg Wastewater Treatment Works,10/27/2023,Negative,Negative,
ENV-COV-23-1077,Gauteng,Ekurhuleni MM,Midstream,10/30/2023,Negative,Negative,
ENV-COV-23-1078,Gauteng,Ekurhuleni MM,Olifantsfontein,10/30/2023,Negative,Negative,
ENV-COV-23-1079,Gauteng,Ekurhuleni MM,Tembisa Mall,10/30/2023,Negative,Negative,
ENV-COV-23-1080,Gauteng,Ekurhuleni MM,Moloreng,10/30/2023,Negative,Negative,
ENV-COV-23-1081,Gauteng,Ekurhuleni MM,Namane Drive,10/30/2023,Negative,Negative,
ENV-COV-23-1082,Gauteng,Ekurhuleni MM,Sasol Garage,10/30/2023,Negative,Negative,
ENV-COV-23-1083,Gauteng,Tshwane MM,Daspoort Wastewater Treatment Works,10/31/2023,Negative,Negative,
ENV-COV-23-1084,Gauteng,Tshwane MM,SAPS Training College,10/31/2023,Negative,Negative,
ENV-COV-23-1085,Gauteng,Tshwane MM,Kalafong Hospital,10/31/2023,Negative,Negative,
ENV-COV-23-1086,Gauteng,Tshwane MM,Vergenoeg,10/31/2023,Negative,Negative,
ENV-COV-23-1087,Gauteng,Tshwane MM,Groenkloof,10/31/2023,Negative,Negative,
ENV-COV-23-1088,Gauteng,Johannesburg MM,Chris Hani Baragwanath Hospital,11/1/2023,Negative,Negative,
ENV-COV-23-1089,Gauteng,Johannesburg MM,Motsoaledi,11/1/2023,Positive,Negative,
ENV-COV-23-1090,Gauteng,Johannesburg MM,Klipsruit Yard (Before tunnel),11/1/2023,Negative,Negative,
ENV-COV-23-1091,Gauteng,Johannesburg MM,Klipspruit Veggies (After tunnel),11/1/2023,Positive,Negative,
ENV-COV-23-1092,Gauteng,Johannesburg MM,Bushkoppies Inlet,11/1/2023,Positive,Negative,
ENV-COV-23-1093,Gauteng,Johannesburg MM,Bushkoppies Final,11/1/2023,Negative,Negative,
ENV-COV-23-1094,Gauteng,Johannesburg MM,Goudkoppies Wastewater Treatment Works,11/1/2023,Positive,Positive,
ENV-COV-23-1095,Free State,Mangaung MM,Bloemspruit Wastewater Treatment Works,10/31/2023,Negative,Negative,
ENV-COV-23-1096,Gauteng,Ekurhuleni MM,ERWAT Vlakplaat Wastewater Treatment Works,10/24/2023,Positive,Negative,
ENV-COV-23-1097,Gauteng,Tshwane MM,Rooiwal Wastewater Treatment Works,11/1/2023,Negative,Negative,
ENV-COV-23-1098,Western Cape,Cape Town MM,Borcherds Quarry Wastewater Treatment Works,10/23/2023,Negative,Negative,
ENV-COV-23-1099,Free State,Mangaung MM,Sterkwater Wastewater Treatment Works,10/24/2023,Negative,Negative,
ENV-COV-23-1100,Gauteng,Ekurhuleni MM,Midstream,11/2/2023,Negative,Negative,
ENV-COV-23-1101,Gauteng,Ekurhuleni MM,Olifantsfontein,11/2/2023,Negative,Negative,
ENV-COV-23-1102,Gauteng,Ekurhuleni MM,Tembisa Mall,11/2/2023,Negative,Negative,
ENV-COV-23-1103,Gauteng,Ekurhuleni MM,Moloreng,11/2/2023,Negative,Negative,
ENV-COV-23-1104,Gauteng,Ekurhuleni MM,Namane Drive,11/2/2023,Negative,Negative,
ENV-COV-23-1105,Gauteng,Ekurhuleni MM,Sasol Garage,11/2/2023,Negative,Positive,
ENV-COV-23-1106,Gauteng,Tshwane MM,Daspoort Wastewater Treatment Works,11/3/2023,Positive,Negative,
ENV-COV-23-1107,Gauteng,Tshwane MM,SAPS Training College,11/3/2023,Negative,Negative,
ENV-COV-23-1108,Gauteng,Tshwane MM,Kalafong Hospital,11/3/2023,Negative,Negative,
ENV-COV-23-1109,Gauteng,Tshwane MM,Atteridgeville Train Station,11/3/2023,Negative,Negative,
ENV-COV-23-1110,Gauteng,Tshwane MM,Vergenoeg,11/3/2023,Negative,Negative,
ENV-COV-23-1111,Gauteng,Tshwane MM,Laudium,11/3/2023,Negative,Negative,
ENV-COV-23-1112,Gauteng,Tshwane MM,Groenkloof,11/3/2023,Negative,Negative,
ENV-COV-23-1113,Gauteng,Johannesburg MM,Northern Wastewater Treatment Works (GP),11/3/2023,Positive,Positive,
ENV-COV-23-1114,Gauteng,Ekurhuleni MM,Midstream,11/6/2023,Negative,Negative,
ENV-COV-23-1115,Gauteng,Ekurhuleni MM,Olifantsfontein,11/6/2023,Positive,Positive,
ENV-COV-23-1116,Gauteng,Ekurhuleni MM,Tembisa Mall,11/6/2023,Positive,Negative,
ENV-COV-23-1117,Gauteng,Ekurhuleni MM,Tembisa Hospital Downstream,11/6/2023,Negative,Negative,
ENV-COV-23-1118,Gauteng,Ekurhuleni MM,Moloreng,11/6/2023,Negative,Negative,
ENV-COV-23-1119,Gauteng,Ekurhuleni MM,Namane Drive,11/6/2023,Positive,Negative,
ENV-COV-23-1120,Gauteng,Ekurhuleni MM,Sasol Garage,11/6/2023,Positive,Negative,
ENV-COV-23-1121,North West,Ngaka Modiri Molema DM,Mahikeng Water Treatment Works,10/26/2023,Positive,Negative,
ENV-COV-23-1122,North West,Ngaka Modiri Molema DM,Mmabatho Water Treatment Works,10/26/2023,Negative,Negative,
ENV-COV-23-1123,Gauteng,Tshwane MM,SAPS Training College,11/7/2023,Negative,Negative,
ENV-COV-23-1124,Gauteng,Tshwane MM,Daspoort Wastewater Treatment Works,11/7/2023,Positive,Negative,
ENV-COV-23-1125,Gauteng,Tshwane MM,Kalafong Hospital,11/7/2023,Negative,Negative,
ENV-COV-23-1126,Gauteng,Ekurhuleni MM,ERWAT Vlakplaat Wastewater Treatment Works,11/7/2023,Positive,Negative,
ENV-COV-23-1127,Gauteng,Ekurhuleni MM,Hartebeesfontein Waterworks,11/7/2023,Positive,Positive,
ENV-COV-23-1128,Gauteng,Johannesburg MM,Chris Hani Baragwanath Hospital,11/8/2023,Negative,Negative,
ENV-COV-23-1129,Gauteng,Johannesburg MM,Motsoaledi,11/8/2023,Negative,Negative,
ENV-COV-23-1130,Gauteng,Johannesburg MM,Klipsruit Yard (Before tunnel),11/8/2023,Negative,Negative,
ENV-COV-23-1131,Gauteng,Johannesburg MM,Klipspruit Veggies (After tunnel),11/8/2023,Positive,Negative,
ENV-COV-23-1132,Gauteng,Johannesburg MM,Bushkoppies Inlet,11/8/2023,Negative,Negative,
ENV-COV-23-1133,Gauteng,Johannesburg MM,Bushkoppies Final,11/8/2023,Positive,Positive,
ENV-COV-23-1134,Gauteng,Johannesburg MM,Goudkoppies Wastewater Treatment Works,11/8/2023,Positive,Negative,
ENV-COV-23-1135,Gauteng,Ekurhuleni MM,Midstream,11/9/2023,Negative,Negative,
ENV-COV-23-1136,Gauteng,Ekurhuleni MM,Olifantsfontein,11/9/2023,Positive,Negative,
ENV-COV-23-1137,Gauteng,Ekurhuleni MM,Tembisa Mall,11/9/2023,Positive,Negative,
ENV-COV-23-1138,Gauteng,Ekurhuleni MM,Tembisa Hospital Downstream,11/9/2023,Positive,Negative,
ENV-COV-23-1139,Gauteng,Ekurhuleni MM,Moloreng,11/9/2023,Positive,Negative,
ENV-COV-23-1140,Gauteng,Ekurhuleni MM,Namane Drive,11/9/2023,Positive,Negative,
ENV-COV-23-1141,Gauteng,Ekurhuleni MM,Sasol Garage,11/9/2023,Positive,Positive,
ENV-COV-23-1142,Gauteng,Tshwane MM,Rooiwal Wastewater Treatment Works,11/8/2023,Positive,Negative,
ENV-COV-23-1143,,,,,Positive,Negative,
ENV-COV-23-1144,Gauteng,Tshwane MM,Daspoort Wastewater Treatment Works,11/9/2023,Positive,Negative,
ENV-COV-23-1145,Gauteng,Tshwane MM,SAPS Training College,11/10/2023,Negative,Negative,
ENV-COV-23-1146,Gauteng,Tshwane MM,SAPS Training College,11/10/2023,Negative,Negative,
ENV-COV-23-1147,Gauteng,Tshwane MM,Atteridgeville Train Station,11/10/2023,Negative,Negative,
ENV-COV-23-1148,Gauteng,Tshwane MM,Vergenoeg,11/10/2023,Negative,Negative,
ENV-COV-23-1149,Gauteng,Tshwane MM,Laudium,11/10/2023,Positive,Negative,
ENV-COV-23-1150,Gauteng,Tshwane MM,Groenkloof,11/10/2023,Negative,Negative,
ENV-COV-23-1151,Gauteng,Ekurhuleni MM,Midstream,11/13/2023,Negative,Positive,
ENV-COV-23-1152,Gauteng,Ekurhuleni MM,Olifantsfontein,11/13/2023,Positive,Positive,
ENV-COV-23-1153,Gauteng,Ekurhuleni MM,Tembisa Mall,11/13/2023,Positive,Negative,
ENV-COV-23-1154,Gauteng,Ekurhuleni MM,Namane Drive,11/13/2023,Negative,Negative,
ENV-COV-23-1155,Gauteng,Ekurhuleni MM,Sasol Garage,11/13/2023,Positive,Negative,
ENV-COV-23-1156,Gauteng,Tshwane MM,Daspoort Wastewater Treatment Works,11/14/2023,Positive,Negative,
ENV-COV-23-1157,Gauteng,Tshwane MM,SAPS Training College,11/14/2023,Negative,Negative,
ENV-COV-23-1158,Gauteng,Tshwane MM,Kalafong Hospital,11/14/2023,Negative,Negative,
ENV-COV-23-1159,Gauteng,Tshwane MM,Atteridgeville Train Station,11/14/2023,Negative,Negative,
ENV-COV-23-1160,Gauteng,Tshwane MM,Vergenoeg,11/14/2023,Positive,Negative,
ENV-COV-23-1161,Gauteng,Tshwane MM,Groenkloof,11/14/2023,Negative,Negative,
ENV-COV-23-1162,Gauteng,Ekurhuleni MM,ERWAT Vlakplaat Wastewater Treatment Works,11/14/2023,Positive,Positive,
ENV-COV-23-1163,KwaZulu-Natal,Ethekwini MM,Central Wastewater Treatment Works (KZN),11/13/2023,Positive,Positive,
ENV-COV-23-1164,KwaZulu-Natal,Ethekwini MM,Northern Wastewater Treatment Works (KZN),11/13/2023,Negative,Negative,
ENV-COV-23-1165,Gauteng,Johannesburg MM,Northern Wastewater Treatment Works (GP),11/13/2023,Positive,Positive,
ENV-COV-23-1166,Eastern Cape,Buffalo City MM,Mdantsane Wastewater Treatment Works,11/15/2023,Negative,Negative,
ENV-COV-23-1167,Eastern Cape,Buffalo City MM,East Bank Wastewater Treatment Works,11/16/2023,Negative,Positive,
ENV-COV-23-1168,Gauteng,Ekurhuleni MM,Hartebeesfontein Waterworks,11/17/2023,Positive,Negative,
ENV-COV-23-1169,Gauteng,Johannesburg MM,Goudkoppies Wastewater Treatment Works,11/17/2023,Negative,Negative,
ENV-COV-23-1170,Gauteng,Johannesburg MM,Chris Hani Baragwanath Hospital,11/15/2023,Negative,Negative,
ENV-COV-23-1171,Gauteng,Johannesburg MM,Motsoaledi,11/15/2023,Negative,Negative,
ENV-COV-23-1172,Gauteng,Johannesburg MM,Klipsruit Yard (Before tunnel),11/15/2023,Negative,Negative,
ENV-COV-23-1173,Gauteng,Johannesburg MM,Klipspruit Veggies (After tunnel),11/15/2023,Positive,Negative,
ENV-COV-23-1174,Gauteng,Johannesburg MM,Bushkoppies Inlet,11/15/2023,Positive,Negative,
ENV-COV-23-1175,Gauteng,Johannesburg MM,Bushkoppies Final,11/15/2023,Positive,Negative,
ENV-COV-23-1176,Free State,Mangaung MM,Bloemspruit Wastewater Treatment Works,11/17/2023,Negative,Negative,
ENV-COV-23-1177,Gauteng,Ekurhuleni MM,Olifantsfontein,11/16/2023,Negative,Negative,
ENV-COV-23-1178,Gauteng,Ekurhuleni MM,Midstream,11/16/2023,Failed,Failed,
ENV-COV-23-1179,Gauteng,Ekurhuleni MM,Tembisa Mall,11/16/2023,Negative,Negative,
ENV-COV-23-1180,Gauteng,Ekurhuleni MM,Namane Drive,11/16/2023,Negative,Negative,
ENV-COV-23-1181,Gauteng,Ekurhuleni MM,Sasol Garage,11/16/2023,Negative,Negative,
ENV-COV-23-1182,Eastern Cape,Nelson Mandela Bay MM,Kwanobuhle Wastewater Treatment Works,11/14/2023,Negative,Negative,
ENV-COV-23-1183,Eastern Cape,Nelson Mandela Bay MM,Brickfield Pre-treatment Works,11/13/2023,Negative,Negative,
ENV-COV-23-1184,Free State,Mangaung MM,Sterkwater Wastewater Treatment Works,11/14/2023,Negative,Negative,
ENV-COV-23-1185,Eastern Cape,Buffalo City MM,Mdantsane Wastewater Treatment Works,11/16/2023,Negative,Negative,
ENV-COV-23-1186,Gauteng,Tshwane MM,Daspoort Wastewater Treatment Works,11/17/2023,Negative,Negative,
ENV-COV-23-1187,Gauteng,Tshwane MM,SAPS Training College,11/17/2023,Negative,Negative,
ENV-COV-23-1188,Gauteng,Tshwane MM,Kalafong Hospital,11/17/2023,Negative,Negative,
ENV-COV-23-1189,Gauteng,Tshwane MM,Atteridgeville Train Station,11/17/2023,Negative,Positive,
ENV-COV-23-1190,Gauteng,Tshwane MM,Vergenoeg,11/17/2023,Negative,Negative,
ENV-COV-23-1191,Gauteng,Tshwane MM,Laudium,11/17/2023,Negative,Negative,
ENV-COV-23-1192,Gauteng,Tshwane MM,Groenkloof,11/17/2023,Negative,Positive,
ENV-COV-23-1193,Gauteng,Ekurhuleni MM,Midstream,11/20/2023,Negative,Negative,
ENV-COV-23-1194,Gauteng,Ekurhuleni MM,Olifantsfontein,11/20/2023,Negative,Negative,
ENV-COV-23-1195,Gauteng,Ekurhuleni MM,Tembisa Mall,11/20/2023,Failed,Failed,
ENV-COV-23-1196,Gauteng,Ekurhuleni MM,Namane Drive,11/20/2023,Negative,Negative,
ENV-COV-23-1197,Gauteng,Ekurhuleni MM,Sasol Garage,11/20/2023,Negative,Negative,
ENV-COV-23-1198,Gauteng,Tshwane MM,Daspoort Wastewater Treatment Works,11/21/2023,Negative,Negative,
ENV-COV-23-1199,Gauteng,Tshwane MM,SAPS Training College,11/21/2023,Negative,Negative,
ENV-COV-23-1200,Gauteng,Tshwane MM,Kalafong Hospital,11/21/2023,Negative,Negative,
ENV-COV-23-1201,Gauteng,Tshwane MM,Atteridgeville Train Station,11/21/2023,Negative,Negative,
ENV-COV-23-1202,Gauteng,Tshwane MM,Vergenoeg,11/21/2023,Negative,Negative,
ENV-COV-23-1203,Gauteng,Tshwane MM,Laudium,11/21/2023,Negative,Negative,
ENV-COV-23-1204,Gauteng,Tshwane MM,Groenkloof,11/21/2023,Positive,Negative,
ENV-COV-23-1205,Gauteng,Johannesburg MM,Northern Wastewater Treatment Works (GP),11/21/2023,Negative,Negative,
ENV-COV-23-1206,Gauteng,Ekurhuleni MM,Hartebeesfontein Waterworks,11/21/2023,Negative,Negative,
ENV-COV-23-1207,Eastern Cape,Buffalo City MM,Mdantsane Wastewater Treatment Works,11/21/2023,Positive,Negative,
ENV-COV-23-1208,Eastern Cape,Buffalo City MM,East Bank Wastewater Treatment Works,11/22/2023,Positive,Negative,
ENV-COV-23-1209,Gauteng,Johannesburg MM,Chris Hani Baragwanath Hospital,11/22/2023,Positive,Negative,
ENV-COV-23-1210,Gauteng,Johannesburg MM,Motsoaledi,11/22/2023,Negative,Negative,
ENV-COV-23-1211,Gauteng,Johannesburg MM,Klipsruit Yard (Before tunnel),11/22/2023,,,
ENV-COV-23-1212,Gauteng,Johannesburg MM,Klipspruit Veggies (After tunnel),11/22/2023,,,
ENV-COV-23-1213,Gauteng,Johannesburg MM,Bushkoppies Inlet,11/22/2023,,,
ENV-COV-23-1214,Gauteng,Johannesburg MM,Bushkoppies Final,11/22/2023,,,
ENV-COV-23-1215,Gauteng,Johannesburg MM,Goudkoppies Wastewater Treatment Works,11/22/2023,,,
ENV-COV-23-1216,Gauteng,Ekurhuleni MM,Midstream,11/23/2023,,,
ENV-COV-23-1217,Gauteng,Ekurhuleni MM,Olifantsfontein,11/23/2023,,,
ENV-COV-23-1218,Gauteng,Ekurhuleni MM,Tembisa Mall,11/23/2023,,,
ENV-COV-23-1219,Gauteng,Ekurhuleni MM,Namane Drive,11/23/2023,,,
ENV-COV-23-1220,Gauteng,Ekurhuleni MM,Sasol Garage,11/23/2023,,,
ENV-COV-23-1221,Eastern Cape,Buffalo City MM,Mdantsane Wastewater Treatment Works,11/23/2023,,,
ENV-COV-23-1222,Gauteng,Tshwane MM,Daspoort Wastewater Treatment Works,11/24/2023,,,
ENV-COV-23-1223,Gauteng,Tshwane MM,SAPS Training College,11/24/2023,,,
ENV-COV-23-1224,Gauteng,Tshwane MM,Kalafong Hospital,11/24/2023,,,
ENV-COV-23-1225,Gauteng,Tshwane MM,Atteridgeville Train Station,11/24/2023,,,
ENV-COV-23-1226,Gauteng,Tshwane MM,Vergenoeg,11/24/2023,,,
ENV-COV-23-1227,Gauteng,Tshwane MM,Laudium,11/24/2023,,,
ENV-COV-23-1228,Gauteng,Tshwane MM,Groenkloof,11/24/2023,,,
ENV-COV-23-1229,Gauteng,Ekurhuleni MM,Midstream,11/27/2023,,,
ENV-COV-23-1230,Gauteng,Ekurhuleni MM,Olifantsfontein,11/27/2023,,,
ENV-COV-23-1231,Gauteng,Ekurhuleni MM,Tembisa Mall,11/27/2023,,,
ENV-COV-23-1232,Gauteng,Ekurhuleni MM,Namane Drive,11/27/2023,,,
ENV-COV-23-1233,Gauteng,Ekurhuleni MM,Sasol Garage,11/27/2023,,,
ENV-COV-23-1234,Gauteng,Ekurhuleni MM,ERWAT Vlakplaat Wastewater Treatment Works,11/28/2023,,,
ENV-COV-23-1235,KwaZulu-Natal,Ethekwini MM,Central Wastewater Treatment Works (KZN),11/27/2023,,,
ENV-COV-23-1236,KwaZulu-Natal,Ethekwini MM,Central Wastewater Treatment Works (KZN),11/27/2023,,,
ENV-COV-23-1237,Gauteng,Tshwane MM,Daspoort Wastewater Treatment Works,11/28/2023,,,
ENV-COV-23-1238,Gauteng,Tshwane MM,SAPS Training College,11/28/2023,,,
ENV-COV-23-1239,Gauteng,Tshwane MM,Kalafong Hospital,11/28/2023,,,
ENV-COV-23-1240,Gauteng,Tshwane MM,Atteridgeville Train Station,11/28/2023,,,
ENV-COV-23-1241,Gauteng,Tshwane MM,Vergenoeg,11/28/2023,,,
ENV-COV-23-1242,Gauteng,Tshwane MM,Laudium,11/28/2023,,,
ENV-COV-23-1243,Gauteng,Tshwane MM,Groenkloof,11/28/2023,,,
ENV-COV-23-1244,Gauteng,Johannesburg MM,Chris Hani Baragwanath Hospital,11/29/2023,,,
ENV-COV-23-1245,Gauteng,Johannesburg MM,Motsoaledi,11/29/2023,,,
ENV-COV-23-1246,Gauteng,Johannesburg MM,Klipsruit Yard (Before tunnel),11/29/2023,,,
ENV-COV-23-1247,Gauteng,Johannesburg MM,Klipspruit Veggies (After tunnel),11/29/2023,,,
ENV-COV-23-1248,Gauteng,Johannesburg MM,Bushkoppies Inlet,11/29/2023,,,
ENV-COV-23-1249,Gauteng,Johannesburg MM,Bushkoppies Final,11/29/2023,,,
ENV-COV-23-1250,Gauteng,Johannesburg MM,Goudkoppies Wastewater Treatment Works,11/29/2023,Positive,Negative,
ENV-COV-23-1251,Free State,Mangaung MM,Bloemspruit Wastewater Treatment Works,11/28/2023,Positive,Positive,
ENV-COV-23-1252,Gauteng,Ekurhuleni MM,Hartebeesfontein Waterworks,11/28/2023,Positive,Positive,
ENV-COV-23-1253,Gauteng,Tshwane MM,Rooiwal Wastewater Treatment Works,11/22/2023,Negative,Negative,
ENV-COV-23-1254,Gauteng,Tshwane MM,Rooiwal Wastewater Treatment Works,11/29/2023,Negative,Positive,
ENV-COV-23-1255,Gauteng,Ekurhuleni MM,Midstream,11/30/2023,Negative,Negative,
ENV-COV-23-1256,Gauteng,Ekurhuleni MM,Olifantsfontein,11/30/2023,Negative,Negative,
ENV-COV-23-1257,Gauteng,Ekurhuleni MM,Tembisa Mall,11/30/2023,Negative,Negative,
ENV-COV-23-1258,Gauteng,Ekurhuleni MM,Namane Drive,11/30/2023,Negative,Negative,
ENV-COV-23-1259,Gauteng,Ekurhuleni MM,Sasol Garage,11/30/2023,Negative,Negative,
ENV-COV-23-1260,Gauteng,Tshwane MM,Daspoort Wastewater Treatment Works,12/1/2023,Negative,Negative,
ENV-COV-23-1261,Gauteng,Tshwane MM,SAPS Training College,12/1/2023,Negative,Negative,
ENV-COV-23-1262,Gauteng,Tshwane MM,Kalafong Hospital,12/1/2023,Negative,Negative,
ENV-COV-23-1263,Gauteng,Tshwane MM,Atteridgeville Train Station,12/1/2023,Negative,Negative,
ENV-COV-23-1264,Gauteng,Tshwane MM,Vergenoeg,12/1/2023,Negative,Negative,
ENV-COV-23-1265,Gauteng,Tshwane MM,Laudium,12/1/2023,Negative,Negative,
ENV-COV-23-1266,Gauteng,Tshwane MM,Groenkloof,12/1/2023,Negative,Negative,
ENV-COV-23-1267,Gauteng,Johannesburg MM,Northern Wastewater Treatment Works (GP),12/1/2023,Negative,Negative,
ENV-COV-23-1268,Gauteng,Ekurhuleni MM,Midstream,12/4/2023,Negative,Negative,
ENV-COV-23-1269,Gauteng,Ekurhuleni MM,Olifantsfontein,12/4/2023,Negative,Negative,
ENV-COV-23-1270,Gauteng,Ekurhuleni MM,Tembisa Mall,12/4/2023,Negative,Negative,
ENV-COV-23-1271,Gauteng,Ekurhuleni MM,Namane Drive,12/4/2023,Negative,Negative,
ENV-COV-23-1272,Gauteng,Ekurhuleni MM,Sasol Garage,12/4/2023,Positive,Negative,
ENV-COV-23-1273,Gauteng,Ekurhuleni MM,ERWAT Vlakplaat Wastewater Treatment Works,12/5/2023,Negative,Negative,
ENV-COV-23-1274,KwaZulu-Natal,Ethekwini MM,Central Wastewater Treatment Works (KZN),12/4/2023,Negative,Negative,
ENV-COV-23-1275,KwaZulu-Natal,Ethekwini MM,Northern Wastewater Treatment Works (KZN),12/4/2023,Negative,Negative,
ENV-COV-23-1276,Free State,Mangaung MM,Bloemspruit Wastewater Treatment Works,11/27/2023,Negative,Positive,
ENV-COV-23-1277,Western Cape,Cape Town MM,Zandvleit Wastewater Treatment Works,12/5/2023,Positive,Negative,
ENV-COV-23-1278,Gauteng,Tshwane MM,Daspoort Wastewater Treatment Works,12/5/2023,Negative,Negative,
ENV-COV-23-1279,Gauteng,Tshwane MM,SAPS Training College,12/5/2023,Negative,Negative,
ENV-COV-23-1280,Gauteng,Tshwane MM,Kalafong Hospital,12/5/2023,Negative,Negative,
ENV-COV-23-1281,Gauteng,Tshwane MM,Atteridgeville Train Station,12/5/2023,Negative,Negative,
ENV-COV-23-1282,Gauteng,Tshwane MM,Vergenoeg,12/5/2023,Negative,Negative,
ENV-COV-23-1283,Gauteng,Tshwane MM,Laudium,12/5/2023,Negative,Negative,
ENV-COV-23-1284,Gauteng,Tshwane MM,Groenkloof,12/5/2023,Negative,Negative,
ENV-COV-23-1285,,,,,Negative,Negative,
ENV-COV-23-1286,Eastern Cape,Buffalo City MM,Mdantsane Wastewater Treatment Works,12/5/2023,Negative,Negative,
ENV-COV-23-1287,Eastern Cape,Buffalo City MM,East Bank Wastewater Treatment Works,12/5/2023,Negative,Negative,
ENV-COV-23-1288,Gauteng,Johannesburg MM,Goudkoppies Wastewater Treatment Works,12/6/2023,Positive,Negative,
ENV-COV-23-1289,Gauteng,Johannesburg MM,Chris Hani Baragwanath Hospital,12/6/2023,Negative,Negative,
ENV-COV-23-1290,Gauteng,Johannesburg MM,Motsoaledi,12/6/2023,Negative,Negative,
ENV-COV-23-1291,Gauteng,Johannesburg MM,Klipsruit Yard (Before tunnel),12/6/2023,Negative,Negative,
ENV-COV-23-1292,Gauteng,Johannesburg MM,Klipspruit Veggies (After tunnel),12/6/2023,Negative,Negative,
ENV-COV-23-1293,Gauteng,Johannesburg MM,Bushkoppies Inlet,12/6/2023,Positive,Negative,
ENV-COV-23-1294,Gauteng,Johannesburg MM,Bushkoppies Final,12/6/2023,Negative,Negative,
ENV-COV-23-1295,Gauteng,Ekurhuleni MM,Midstream,12/7/2023,Negative,Negative,
ENV-COV-23-1296,Gauteng,Ekurhuleni MM,Olifantsfontein,12/7/2023,Negative,Negative,
ENV-COV-23-1297,Gauteng,Ekurhuleni MM,Tembisa Mall,12/7/2023,Negative,Negative,
ENV-COV-23-1298,Gauteng,Ekurhuleni MM,Namane Drive,12/7/2023,Positive,Negative,
ENV-COV-23-1299,Gauteng,Ekurhuleni MM,Sasol Garage,12/7/2023,Negative,Negative,
ENV-COV-23-1300,Eastern Cape,Buffalo City MM,Mdantsane Wastewater Treatment Works,12/7/2023,Negative,Negative,
ENV-COV-23-1301,Gauteng,Tshwane MM,Daspoort Wastewater Treatment Works,12/8/2023,Negative,Negative,
ENV-COV-23-1302,Gauteng,Tshwane MM,SAPS Training College,12/8/2023,Negative,Negative,
ENV-COV-23-1303,Gauteng,Tshwane MM,Kalafong Hospital,12/8/2023,Negative,Negative,
ENV-COV-23-1304,Gauteng,Tshwane MM,Atteridgeville Train Station,12/8/2023,Negative,Negative,
ENV-COV-23-1305,Gauteng,Tshwane MM,Vergenoeg,12/8/2023,Negative,Negative,
ENV-COV-23-1306,Gauteng,Tshwane MM,Laudium,12/8/2023,Negative,Negative,
ENV-COV-23-1307,Gauteng,Tshwane MM,Groenkloof,12/8/2023,Positive,Positive,
ENV-COV-23-1308,Gauteng,Johannesburg MM,Northern Wastewater Treatment Works (GP),12/8/2023,Negative,Negative,
ENV-COV-23-1309,Gauteng,Tshwane MM,Rooiwal Wastewater Treatment Works,12/12/2023,Negative,Negative,
ENV-COV-23-1310,Gauteng,Ekurhuleni MM,Midstream,12/11/2023,Negative,Negative,
ENV-COV-23-1311,Gauteng,Ekurhuleni MM,Olifantsfontein,12/11/2023,Negative,Negative,
ENV-COV-23-1312,Gauteng,Ekurhuleni MM,Tembisa Mall,12/11/2023,Negative,Negative,
ENV-COV-23-1313,Gauteng,Ekurhuleni MM,Tembisa Hospital Downstream,12/11/2023,Negative,Negative,
ENV-COV-23-1314,Gauteng,Ekurhuleni MM,Namane Drive,12/11/2023,Negative,Negative,
ENV-COV-23-1315,Gauteng,Ekurhuleni MM,Sasol Garage,12/11/2023,Negative,Negative,
ENV-COV-23-1316,Gauteng,Tshwane MM,Daspoort Wastewater Treatment Works,12/12/2023,Negative,Negative,
ENV-COV-23-1317,Gauteng,Tshwane MM,SAPS Training College,12/12/2023,Negative,Negative,
ENV-COV-23-1318,Gauteng,Tshwane MM,Kalafong Hospital,12/12/2023,Negative,Negative,
ENV-COV-23-1319,Gauteng,Tshwane MM,Atteridgeville Train Station,12/12/2023,Negative,Negative,
ENV-COV-23-1320,Gauteng,Tshwane MM,Vergenoeg,12/12/2023,Positive,Negative,
ENV-COV-23-1321,Gauteng,Tshwane MM,Laudium,12/12/2023,Negative,Negative,
ENV-COV-23-1322,Gauteng,Tshwane MM,Groenkloof,12/12/2023,Negative,Negative,
ENV-COV-23-1323,Gauteng,Johannesburg MM,Northern Wastewater Treatment Works (GP),12/12/2023,Positive,Positive,
ENV-COV-23-1324,KwaZulu-Natal,Ethekwini MM,Central Wastewater Treatment Works (KZN),12/11/2023,Negative,Negative,
ENV-COV-23-1325,KwaZulu-Natal,Ethekwini MM,Central Wastewater Treatment Works (KZN),12/11/2023,Positive,Negative,
ENV-COV-23-1326,Gauteng,Johannesburg MM,Chris Hani Baragwanath Hospital,12/13/2023,Positive,Negative,
ENV-COV-23-1327,Gauteng,Johannesburg MM,Motsoaledi,12/13/2023,Negative,Positive,
ENV-COV-23-1328,Gauteng,Johannesburg MM,Klipsruit Yard (Before tunnel),12/13/2023,Negative,Negative,
ENV-COV-23-1329,Gauteng,Johannesburg MM,Klipspruit Veggies (After tunnel),12/13/2023,Negative,Negative,
ENV-COV-23-1330,Gauteng,Johannesburg MM,Bushkoppies Inlet,12/13/2023,,,
ENV-COV-23-1331,Gauteng,Johannesburg MM,Bushkoppies Final,12/13/2023,,,
ENV-COV-23-1332,Gauteng,Johannesburg MM,Goudkoppies Wastewater Treatment Works,12/13/2023,,,
ENV-COV-23-1333,Gauteng,Ekurhuleni MM,ERWAT Vlakplaat Wastewater Treatment Works,12/13/2023,,,
ENV-COV-23-1334,Gauteng,Tshwane MM,Rooiwal Wastewater Treatment Works,12/13/2023,,,
ENV-COV-23-1335,Gauteng,Ekurhuleni MM,Hartebeesfontein Waterworks,12/12/2023,,,
ENV-COV-23-1336,Free State,Mangaung MM,Bloemspruit Wastewater Treatment Works,12/12/2023,,,
ENV-COV-23-1337,Free State,Mangaung MM,Bloemspruit Wastewater Treatment Works,12/12/2023,,,
ENV-COV-23-1338,Gauteng,Ekurhuleni MM,Midstream,12/14/2023,,,
ENV-COV-23-1339,Gauteng,Ekurhuleni MM,Olifantsfontein,12/14/2023,,,
ENV-COV-23-1340,Gauteng,Ekurhuleni MM,Tembisa Mall,12/14/2023,,,
ENV-COV-23-1341,Gauteng,Ekurhuleni MM,Namane Drive,12/14/2023,,,
ENV-COV-23-1342,Gauteng,Ekurhuleni MM,Sasol Garage,12/14/2023,,,
ENV-COV-23-1343,Gauteng,Ekurhuleni MM,Midstream,12/18/2023,Positive,Negative,
ENV-COV-23-1344,Gauteng,Ekurhuleni MM,Olifantsfontein,12/18/2023,Positive,Negative,
ENV-COV-23-1345,Gauteng,Ekurhuleni MM,Tembisa Mall,12/18/2023,Negative,Negative,
ENV-COV-23-1346,Gauteng,Ekurhuleni MM,Tembisa Hospital Downstream,12/18/2023,Positive,Negative,
ENV-COV-23-1347,Gauteng,Ekurhuleni MM,Moloreng,12/18/2023,Negative,Negative,
ENV-COV-23-1348,Gauteng,Ekurhuleni MM,Namane Drive,12/18/2023,Positive,Negative,
ENV-COV-23-1349,Gauteng,Ekurhuleni MM,Sasol Garage,12/18/2023,Positive,Negative,
ENV-COV-23-1350,Gauteng,Tshwane MM,Daspoort Wastewater Treatment Works,12/19/2023,Positive,Negative,
ENV-COV-23-1351,Gauteng,Tshwane MM,SAPS Training College,12/19/2023,Negative,Negative,
ENV-COV-23-1352,Gauteng,Tshwane MM,Kalafong Hospital,12/19/2023,Positive,Positive,
ENV-COV-23-1353,Gauteng,Tshwane MM,Atteridgeville Train Station,12/19/2023,Negative,Negative,
ENV-COV-23-1354,Gauteng,Tshwane MM,Vergenoeg,12/19/2023,Negative,Negative,
ENV-COV-23-1355,Gauteng,Tshwane MM,Laudium,12/19/2023,Positive,Negative,
ENV-COV-23-1356,Gauteng,Tshwane MM,Groenkloof,12/19/2023,Negative,Negative,
ENV-COV-23-1357,Free State,Mangaung MM,Bloemspruit Wastewater Treatment Works,12/12/2023,Negative,Positive,
ENV-COV-23-1358,Eastern Cape,Buffalo City MM,Mdantsane Wastewater Treatment Works,12/14/2023,Negative,Negative,
ENV-COV-23-1359,Gauteng,Ekurhuleni MM,ERWAT Vlakplaat Wastewater Treatment Works,12/19/2023,Negative,Negative,
ENV-COV-23-1360,Free State,Mangaung MM,Bloemspruit Wastewater Treatment Works,12/19/2023,Negative,Negative,
ENV-COV-23-1361,KwaZulu-Natal,Ethekwini MM,Central Wastewater Treatment Works (KZN),12/18/2023,Negative,Negative,
ENV-COV-23-1362,KwaZulu-Natal,Ethekwini MM,Central Wastewater Treatment Works (KZN),12/18/2023,Negative,Negative,
ENV-COV-23-1363,Eastern Cape,Buffalo City MM,Mdantsane Wastewater Treatment Works,12/19/2023,Negative,Negative,
ENV-COV-23-1364,Eastern Cape,Buffalo City MM,East Bank Wastewater Treatment Works,12/19/2023,Negative,Positive,
ENV-COV-23-1365,Gauteng,Johannesburg MM,Goudkoppies Wastewater Treatment Works,12/20/2023,Negative,Negative,
ENV-COV-23-1366,Gauteng,Johannesburg MM,Chris Hani Baragwanath Hospital,12/20/2023,Negative,Negative,
ENV-COV-23-1367,Gauteng,Johannesburg MM,Motsoaledi,12/20/2023,Negative,Positive,
ENV-COV-23-1368,Gauteng,Johannesburg MM,Klipsruit Yard (Before tunnel),12/20/2023,Positive,Positive,
ENV-COV-23-1369,Gauteng,Johannesburg MM,Klipspruit Veggies (After tunnel),12/20/2023,Positive,Negative,
ENV-COV-23-1370,Gauteng,Johannesburg MM,Bushkoppies Inlet,12/20/2023,Negative,Negative,
ENV-COV-23-1371,Gauteng,Johannesburg MM,Bushkoppies Final,12/20/2023,Negative,Negative,
ENV-COV-23-1372,Gauteng,Ekurhuleni MM,Midstream,12/21/2023,Negative,Negative,
ENV-COV-23-1373,Gauteng,Ekurhuleni MM,Olifantsfontein,12/21/2023,Negative,Negative,
ENV-COV-23-1374,Gauteng,Ekurhuleni MM,Tembisa Mall,12/21/2023,Negative,Negative,
ENV-COV-23-1375,Gauteng,Ekurhuleni MM,Tembisa Hospital Downstream,12/21/2023,Negative,Negative,
ENV-COV-23-1376,Gauteng,Ekurhuleni MM,Moloreng,12/21/2023,Negative,Negative,
ENV-COV-23-1377,Gauteng,Ekurhuleni MM,Namane Drive,12/21/2023,Negative,Negative,
ENV-COV-23-1378,Gauteng,Ekurhuleni MM,Sasol Garage,12/21/2023,Negative,Negative,
ENV-COV-23-1379,Eastern Cape,Buffalo City MM,Mdantsane Wastewater Treatment Works,12/21/2023,Negative,Negative,
ENV-COV-23-1380,Gauteng,Tshwane MM,Daspoort Wastewater Treatment Works,12/22/2023,Negative,Positive,
ENV-COV-23-1381,Gauteng,Tshwane MM,SAPS Training College,12/22/2023,Negative,Negative,
ENV-COV-23-1382,Gauteng,Tshwane MM,Kalafong Hospital,12/22/2023,Negative,Negative,
ENV-COV-23-1383,Gauteng,Tshwane MM,Atteridgeville Train Station,12/22/2023,Negative,Negative,
ENV-COV-23-1384,Gauteng,Tshwane MM,Vergenoeg,12/22/2023,Negative,Negative,
ENV-COV-23-1385,Gauteng,Tshwane MM,Laudium,12/22/2023,Negative,Negative,
ENV-COV-23-1386,Gauteng,Tshwane MM,Groenkloof,12/22/2023,Negative,Negative,
ENV-COV-23-1387,Gauteng,Johannesburg MM,Chris Hani Baragwanath Hospital,12/27/2023,Negative,Negative,
ENV-COV-23-1388,Gauteng,Johannesburg MM,Motsoaledi,12/27/2023,Negative,Negative,
ENV-COV-23-1389,Gauteng,Johannesburg MM,Klipsruit Yard (Before tunnel),12/27/2023,Negative,Negative,
ENV-COV-23-1390,Gauteng,Johannesburg MM,Klipspruit Veggies (After tunnel),12/27/2023,Positive,Negative,
ENV-COV-23-1391,Gauteng,Johannesburg MM,Bushkoppies Inlet,12/27/2023,Negative,Negative,
ENV-COV-23-1392,Gauteng,Johannesburg MM,Bushkoppies Final,12/27/2023,Negative,Negative,
ENV-COV-23-1393,Gauteng,Johannesburg MM,Goudkoppies Wastewater Treatment Works,12/27/2023,Negative,Negative,
ENV-COV-23-1394,Gauteng,Ekurhuleni MM,Midstream,12/28/2023,Negative,Negative,
ENV-COV-23-1395,Gauteng,Ekurhuleni MM,Olifantsfontein,12/28/2023,Negative,Negative,
ENV-COV-23-1396,Gauteng,Ekurhuleni MM,Tembisa Mall,12/28/2023,Negative,Negative,
ENV-COV-23-1397,Gauteng,Ekurhuleni MM,Tembisa Hospital Downstream,12/28/2023,Negative,Negative,
ENV-COV-23-1398,Gauteng,Ekurhuleni MM,Moloreng,12/28/2023,Positive,Negative,
ENV-COV-23-1399,Gauteng,Ekurhuleni MM,Namane Drive,12/28/2023,Negative,Positive,
ENV-COV-23-1400,Gauteng,Ekurhuleni MM,Sasol Garage,12/28/2023,Negative,Negative,
ENV-COV-23-1401,Eastern Cape,Buffalo City MM,Mdantsane Wastewater Treatment Works,12/28/2023,Negative,Negative,
ENV-COV-23-1402,Eastern Cape,Buffalo City MM,East Bank Wastewater Treatment Works,12/28/2023,Negative,Positive,
ENV-COV-24-0001,Free State,Mangaung MM,Bloemspruit Wastewater Treatment Works,1/2/2024,Negative,Negative,
ENV-COV-24-0002,Free State,Mangaung MM,Sterkwater Wastewater Treatment Works,1/2/2024,Positive,Positive,
ENV-COV-24-0003,Gauteng,Ekurhuleni MM,Midstream,1/8/2024,Negative,Negative,
ENV-COV-24-0004,Gauteng,Ekurhuleni MM,Olifantsfontein,1/8/2024,Negative,Negative,
ENV-COV-24-0005,Gauteng,Ekurhuleni MM,Tembisa Mall,1/8/2024,Negative,Negative,
ENV-COV-24-0006,Gauteng,Ekurhuleni MM,Tembisa Hospital Downstream,1/8/2024,Negative,Negative,
ENV-COV-24-0007,Gauteng,Ekurhuleni MM,Moloreng,1/8/2024,Positive,Negative,
ENV-COV-24-0008,Gauteng,Ekurhuleni MM,Namane Drive,1/8/2024,Positive,Positive,
ENV-COV-24-0009,Gauteng,Ekurhuleni MM,Sasol Garage,1/8/2024,Positive,Negative,
ENV-COV-24-0010,Gauteng,Tshwane MM,Daspoort Wastewater Treatment Works,1/9/2024,Negative,Negative,
ENV-COV-24-0011,Gauteng,Tshwane MM,SAPS Training College,1/9/2024,Negative,Negative,
ENV-COV-24-0012,Gauteng,Tshwane MM,Kalafong Hospital,1/9/2024,Negative,Negative,
ENV-COV-24-0013,Gauteng,Tshwane MM,Atteridgeville Train Station,1/9/2024,Negative,Negative,
ENV-COV-24-0014,Gauteng,Tshwane MM,Vergenoeg,1/9/2024,Negative,Negative,
ENV-COV-24-0015,Gauteng,Tshwane MM,Laudium,1/9/2024,Negative,Negative,
ENV-COV-24-0016,Gauteng,Tshwane MM,Groenkloof,1/9/2024,Negative,Negative,
ENV-COV-24-0017,North West,Bojanala Platinum DM,Rustenburg Wastewater Treatment Works,11/13/2023,Failed,Failed,
ENV-COV-24-0018,North West,Bojanala Platinum DM,Boitekong,1/3/2024,Negative,Negative,
ENV-COV-24-0019,Free State,Mangaung MM,Sterkwater Wastewater Treatment Works,1/9/2024,Negative,Negative,
ENV-COV-24-0020,Free State,Mangaung MM,Bloemspruit Wastewater Treatment Works,1/9/2024,Negative,Negative,
ENV-COV-24-0021,Gauteng,Johannesburg MM,Chris Hani Baragwanath Hospital,1/10/2024,Negative,Negative,
ENV-COV-24-0022,Gauteng,Johannesburg MM,Motsoaledi,1/10/2024,Positive,Negative,
ENV-COV-24-0023,Gauteng,Johannesburg MM,Klipsruit Yard (Before tunnel),1/10/2024,Negative,Negative,
ENV-COV-24-0024,Gauteng,Johannesburg MM,Klipspruit Veggies (After tunnel),1/10/2024,Negative,Negative,
ENV-COV-24-0025,Gauteng,Johannesburg MM,Bushkoppies Inlet,1/10/2024,Negative,Negative,
ENV-COV-24-0026,Gauteng,Johannesburg MM,Bushkoppies Final,1/10/2024,Negative,Negative,
ENV-COV-24-0027,Western Cape,Cape Town MM,Zandvleit Wastewater Treatment Works,1/9/2024,Positive,Negative,
ENV-COV-24-0028,Eastern Cape,Buffalo City MM,Mdantsane Wastewater Treatment Works,1/9/2024,Negative,Negative,
ENV-COV-24-0029,Eastern Cape,Buffalo City MM,East Bank Wastewater Treatment Works,1/9/2024,Negative,Negative,
ENV-COV-24-0030,Western Cape,Cape Town MM,Borcherds Quarry Wastewater Treatment Works,1/9/2024,Negative,Negative,
ENV-COV-24-0031,Gauteng,Ekurhuleni MM,Olifantsfontein,1/11/2024,Negative,Negative,
ENV-COV-24-0032,Gauteng,Ekurhuleni MM,Olifantsfontein,1/11/2024,Negative,Negative,
ENV-COV-24-0033,Gauteng,Ekurhuleni MM,Tembisa Mall,1/11/2024,Positive,Negative,
ENV-COV-24-0034,Gauteng,Ekurhuleni MM,Tembisa Hospital Downstream,1/11/2024,Negative,Negative,
ENV-COV-24-0035,Gauteng,Ekurhuleni MM,Moloreng,1/11/2024,Negative,Negative,
ENV-COV-24-0036,Gauteng,Ekurhuleni MM,Namane Drive,1/11/2024,Negative,Negative,
ENV-COV-24-0037,Gauteng,Ekurhuleni MM,Sasol Garage,1/11/2024,Negative,Negative,
ENV-COV-24-0038,North West,Bojanala Platinum DM,Rustenburg Wastewater Treatment Works,1/10/2024,Negative,Negative,
ENV-COV-24-0039,Gauteng,Tshwane MM,Daspoort Wastewater Treatment Works,1/12/2024,Positive,Negative,
ENV-COV-24-0040,Gauteng,Tshwane MM,SAPS Training College,1/12/2024,Negative,Negative,
ENV-COV-24-0041,Gauteng,Tshwane MM,Kalafong Hospital,1/12/2024,Failed,Failed,
ENV-COV-24-0042,Gauteng,Tshwane MM,Atteridgeville Train Station,1/12/2024,Negative,Negative,
ENV-COV-24-0043,Gauteng,Tshwane MM,Vergenoeg,1/12/2024,,,
ENV-COV-24-0044,Gauteng,Tshwane MM,Laudium,1/12/2024,,,
ENV-COV-24-0045,Gauteng,Tshwane MM,Groenkloof,1/12/2024,,,
ENV-COV-24-0046,Gauteng,Johannesburg MM,Northern Wastewater Treatment Works (GP),1/12/2024,,,
ENV-COV-24-0047,Eastern Cape,Buffalo City MM,Mdantsane Wastewater Treatment Works,1/11/2024,Negative,Negative,
ENV-COV-24-0048,Gauteng,Ekurhuleni MM,Midstream,1/15/2024,Negative,Negative,
ENV-COV-24-0049,Gauteng,Ekurhuleni MM,Olifantsfontein,1/15/2024,Negative,Negative,
ENV-COV-24-0050,Gauteng,Ekurhuleni MM,Tembisa Mall,1/15/2024,Negative,Negative,
ENV-COV-24-0051,Gauteng,Ekurhuleni MM,Tembisa Hospital Downstream,1/15/2024,Negative,Negative,
ENV-COV-24-0052,Gauteng,Ekurhuleni MM,Moloreng,1/15/2024,Negative,Negative,
ENV-COV-24-0053,Gauteng,Ekurhuleni MM,Namane Drive,1/15/2024,Negative,Negative,
ENV-COV-24-0054,Gauteng,Ekurhuleni MM,Sasol Garage,1/15/2024,Negative,Negative,
ENV-COV-24-0055,Gauteng,Tshwane MM,Daspoort Wastewater Treatment Works,1/16/2024,Negative,Negative,
ENV-COV-24-0056,Gauteng,Tshwane MM,SAPS Training College,1/16/2024,Negative,Negative,
ENV-COV-24-0057,Gauteng,Tshwane MM,Kalafong Hospital,1/16/2024,Positive,Negative,
ENV-COV-24-0058,Gauteng,Tshwane MM,Atteridgeville Train Station,1/16/2024,Negative,Negative,
ENV-COV-24-0059,Gauteng,Tshwane MM,Vergenoeg,1/16/2024,Negative,Negative,
ENV-COV-24-0060,Gauteng,Tshwane MM,Laudium,1/16/2024,Negative,Negative,
ENV-COV-24-0061,Gauteng,Tshwane MM,Groenkloof,1/16/2024,Negative,Negative,
ENV-COV-24-0062,KwaZulu-Natal,Ethekwini MM,Central Wastewater Treatment Works (KZN),1/15/2024,Negative,Negative,
ENV-COV-24-0063,KwaZulu-Natal,Ethekwini MM,Northern Wastewater Treatment Works (KZN),1/15/2024,Negative,Negative,
ENV-COV-24-0064,Mpumalanga,Ehlanzeni DM,Komatipoort Sewage plant,1/15/2024,Negative,Negative,
ENV-COV-24-0065,Gauteng,Johannesburg MM,Northern Wastewater Treatment Works (GP),1/16/2024,Negative,Negative,
ENV-COV-24-0066,Mpumalanga,Ehlanzeni DM,Komatipoort Sewage plant,1/8/2024,Negative,Negative,
ENV-COV-24-0067,Gauteng,Ekurhuleni MM,Hartebeesfontein Waterworks,1/16/2024,Negative,Negative,
ENV-COV-24-0068,Western Cape,Cape Town MM,Borcherds Quarry Wastewater Treatment Works,1/16/2024,Negative,Negative,
ENV-COV-24-0069,Limpopo,Vhembe DM,Musina WWTW (in town),1/15/2024,Negative,Negative,
ENV-COV-24-0070,Limpopo,Vhembe DM,Nancefield,1/15/2024,Negative,Negative,
ENV-COV-24-0071,Free State,Mangaung MM,Bloemspruit Wastewater Treatment Works,1/16/2024,Positive,Negative,
ENV-COV-24-0072,Gauteng,Johannesburg MM,Goudkoppies Wastewater Treatment Works,1/17/2024,Negative,Negative,
ENV-COV-24-0073,Gauteng,Johannesburg MM,Bushkoppies Inlet,1/17/2024,Negative,Negative,
ENV-COV-24-0074,Gauteng,Johannesburg MM,Bushkoppies Final,1/17/2024,Negative,Negative,
ENV-COV-24-0075,Gauteng,Johannesburg MM,Motsoaledi,1/17/2024,Negative,Positive,
ENV-COV-24-0076,Gauteng,Johannesburg MM,Klipsruit Yard (Before tunnel),1/17/2024,Negative,Negative,
ENV-COV-24-0077,Gauteng,Johannesburg MM,Klipspruit Veggies (After tunnel),1/17/2024,Negative,Negative,
ENV-COV-24-0078,North West,Bojanala Platinum DM,Boitekong,1/17/2024,Negative,Negative,
ENV-COV-24-0079,North West,Bojanala Platinum DM,Rustenburg Wastewater Treatment Works,1/17/2024,Negative,Negative,
ENV-COV-24-0080,Gauteng,Ekurhuleni MM,Midstream,1/18/2024,Negative,Negative,
ENV-COV-24-0081,Gauteng,Ekurhuleni MM,Olifantsfontein,1/18/2024,Negative,Negative,
ENV-COV-24-0082,Gauteng,Ekurhuleni MM,Tembisa Mall,1/18/2024,Negative,Negative,
ENV-COV-24-0083,Gauteng,Ekurhuleni MM,Tembisa Hospital Downstream,1/18/2024,Negative,Negative,
ENV-COV-24-0084,Gauteng,Ekurhuleni MM,Moloreng,1/18/2024,Negative,Negative,
ENV-COV-24-0085,Gauteng,Ekurhuleni MM,Namane Drive,1/18/2024,Negative,Negative,
ENV-COV-24-0086,Gauteng,Ekurhuleni MM,Sasol Garage,1/18/2024,Negative,Negative,
ENV-COV-24-0087,Eastern Cape,Buffalo City MM,Mdantsane Wastewater Treatment Works,1/18/2024,Negative,Negative,
ENV-COV-24-0088,Western Cape,Cape Town MM,Zandvleit Wastewater Treatment Works,1/18/2024,Negative,Negative,
ENV-COV-24-0089,Gauteng,Tshwane MM,Rooiwal Wastewater Treatment Works,1/19/2024,Negative,Negative,
ENV-COV-24-0090,Gauteng,Tshwane MM,Rooiwal Wastewater Treatment Works,1/19/2024,Negative,Negative,
ENV-COV-24-0091,Gauteng,Tshwane MM,Daspoort Wastewater Treatment Works,1/19/2024,Negative,Negative,
ENV-COV-24-0092,Gauteng,Tshwane MM,SAPS Training College,1/19/2024,Negative,Negative,
ENV-COV-24-0093,Gauteng,Tshwane MM,Kalafong Hospital,1/19/2024,Negative,Negative,
ENV-COV-24-0094,Gauteng,Tshwane MM,Atteridgeville Train Station,1/19/2024,Positive,Negative,
ENV-COV-24-0095,Gauteng,Tshwane MM,Vergenoeg,1/19/2024,Negative,Negative,
ENV-COV-24-0096,Gauteng,Tshwane MM,Laudium,1/19/2024,Negative,Negative,
ENV-COV-24-0097,Gauteng,Tshwane MM,Groenkloof,1/3/2025,Negative,Negative,
ENV-COV-24-0098,Gauteng,Ekurhuleni MM,Midstream,1/22/2024,Negative,Negative,
ENV-COV-24-0099,Gauteng,Ekurhuleni MM,Olifantsfontein,1/22/2024,Negative,Negative,
ENV-COV-24-0100,Gauteng,Ekurhuleni MM,Tembisa Hospital Downstream,1/22/2024,Negative,Negative,
ENV-COV-24-0101,Gauteng,Ekurhuleni MM,Tembisa Mall,1/22/2024,Negative,Negative,
ENV-COV-24-0102,Gauteng,Ekurhuleni MM,Moloreng,1/22/2024,Negative,Negative,
ENV-COV-24-0103,Gauteng,Ekurhuleni MM,Namane Drive,1/22/2024,Negative,Negative,
ENV-COV-24-0104,Gauteng,Ekurhuleni MM,Sasol Garage,1/22/2024,Negative,Negative,
ENV-COV-24-0105,KwaZulu-Natal,Ethekwini MM,Northern Wastewater Treatment Works (KZN),1/22/2024,Negative,Negative,
ENV-COV-24-0106,KwaZulu-Natal,Ethekwini MM,Central Wastewater Treatment Works (KZN),1/22/2024,Negative,Negative,
ENV-COV-24-0107,Gauteng,Ekurhuleni MM,Hartebeesfontein Waterworks,1/23/2024,Negative,Negative,
ENV-COV-24-0108,Gauteng,Ekurhuleni MM,OR Tambo International Airport,1/22/2024,Negative,Negative,
ENV-COV-24-0109,Gauteng,Tshwane MM,Daspoort Wastewater Treatment Works,1/23/2024,Negative,Negative,
ENV-COV-24-0110,Gauteng,Tshwane MM,Kalafong Hospital,1/23/2024,Negative,Negative,
ENV-COV-24-0111,Gauteng,Tshwane MM,Atteridgeville Train Station,1/23/2024,Positive,Negative,
ENV-COV-24-0112,Gauteng,Tshwane MM,Vergenoeg,1/23/2024,Negative,Negative,
ENV-COV-24-0113,Gauteng,Tshwane MM,Laudium,1/23/2024,Negative,Negative,
ENV-COV-24-0114,Gauteng,Tshwane MM,Groenkloof,1/23/2024,Negative,Negative,
ENV-COV-24-0115,Gauteng,Ekurhuleni MM,ERWAT Vlakplaat Wastewater Treatment Works,1/23/2024,Negative,Negative,
ENV-COV-24-0116,Gauteng,Johannesburg MM,Motsoaledi,1/24/2024,Negative,Negative,
ENV-COV-24-0117,Gauteng,Johannesburg MM,Klipsruit Yard (Before tunnel),1/24/2024,Negative,Negative,
ENV-COV-24-0118,Gauteng,Johannesburg MM,Klipspruit Veggies (After tunnel),1/24/2024,Negative,Negative,
ENV-COV-24-0119,Gauteng,Johannesburg MM,Bushkoppies Inlet,1/24/2024,Negative,Negative,
ENV-COV-24-0120,Gauteng,Johannesburg MM,Bushkoppies Final,1/24/2024,,,
ENV-COV-24-0121,Gauteng,Johannesburg MM,Goudkoppies Wastewater Treatment Works,1/24/2024,Negative,Negative,
ENV-COV-24-0122,Western Cape,Cape Town MM,Zandvleit Wastewater Treatment Works,1/23/2024,Negative,Negative,
ENV-COV-24-0123,Western Cape,Cape Town MM,Borcherds Quarry Wastewater Treatment Works,1/23/2024,Negative,Negative,
ENV-COV-24-0124,Eastern Cape,Buffalo City MM,East Bank Wastewater Treatment Works,1/23/2024,Negative,Negative,
ENV-COV-24-0125,Eastern Cape,Buffalo City MM,Mdantsane Wastewater Treatment Works,1/23/2024,Negative,Negative,
ENV-COV-24-0126,Gauteng,Tshwane MM,Rooiwal Wastewater Treatment Works,1/24/2024,Negative,Negative,
ENV-COV-24-0127,Limpopo,Vhembe DM,Musina WWTW (in town),1/22/2024,Negative,Negative,
ENV-COV-24-0128,Limpopo,Vhembe DM,Nancefield,1/22/2024,Negative,Negative,
ENV-COV-24-0129,Free State,Mangaung MM,Bloemspruit Wastewater Treatment Works,1/23/2024,Negative,Negative,
ENV-COV-24-0130,Free State,Mangaung MM,Sterkwater Wastewater Treatment Works,1/23/2024,Negative,Negative,
ENV-COV-24-0131,North West,Bojanala Platinum DM,Boitekong,1/24/2024,,,
ENV-COV-24-0132,North West,Bojanala Platinum DM,Rustenburg Wastewater Treatment Works,1/24/2024,,,
ENV-COV-24-0133,North West,Ngaka Modiri Molema DM,Mmabatho Water Treatment Works,1/23/2024,,,
ENV-COV-24-0134,North West,Ngaka Modiri Molema DM,Mahikeng Water Treatment Works,1/23/2024,,,
ENV-COV-24-0135,Gauteng,Ekurhuleni MM,Midstream,1/25/2024,,,
ENV-COV-24-0136,Gauteng,Ekurhuleni MM,Olifantsfontein,1/25/2024,,,
ENV-COV-24-0137,Gauteng,Ekurhuleni MM,Tembisa Mall,1/25/2024,,,
ENV-COV-24-0138,Gauteng,Ekurhuleni MM,Tembisa Hospital Downstream,1/25/2024,,,
ENV-COV-24-0139,Gauteng,Ekurhuleni MM,Moloreng,1/25/2024,,,
ENV-COV-24-0140,Gauteng,Ekurhuleni MM,Namane Drive,1/25/2024,,,
ENV-COV-24-0141,Gauteng,Ekurhuleni MM,Sasol Garage,1/25/2024,,,
ENV-COV-24-0142,Gauteng,Tshwane MM,Daspoort Wastewater Treatment Works,1/26/2024,,,
ENV-COV-24-0143,Gauteng,Tshwane MM,Kalafong Hospital,1/26/2024,,,
ENV-COV-24-0144,Gauteng,Tshwane MM,Atteridgeville Train Station,1/26/2024,,,
ENV-COV-24-0145,Gauteng,Tshwane MM,Vergenoeg,1/26/2024,,,
ENV-COV-24-0146,Gauteng,Tshwane MM,Laudium,1/26/2024,,,
ENV-COV-24-0147,Gauteng,Tshwane MM,Groenkloof,1/26/2024,,,
ENV-COV-24-0148,Gauteng,Johannesburg MM,Northern Wastewater Treatment Works (GP),1/26/2024,,,
ENV-COV-24-0149,Eastern Cape,Buffalo City MM,Mdantsane Wastewater Treatment Works,1/25/2024,,,
ENV-COV-24-0150,Gauteng,Ekurhuleni MM,Midstream,1/29/2024,,,
ENV-COV-24-0151,Gauteng,Ekurhuleni MM,Olifantsfontein,1/29/2024,,,
ENV-COV-24-0152,Gauteng,Ekurhuleni MM,Tembisa Mall,1/29/2024,,,
ENV-COV-24-0153,Gauteng,Ekurhuleni MM,Tembisa Hospital Downstream,1/29/2024,,,
ENV-COV-24-0154,Gauteng,Ekurhuleni MM,Moloreng,1/29/2024,,,
ENV-COV-24-0155,Gauteng,Ekurhuleni MM,Namane Drive,1/29/2024,,,
ENV-COV-24-0156,Gauteng,Ekurhuleni MM,Sasol Garage,1/29/2024,,,
ENV-COV-24-0157,KwaZulu-Natal,Ethekwini MM,Central Wastewater Treatment Works (KZN),1/29/2024,,,
ENV-COV-24-0158,KwaZulu-Natal,Ethekwini MM,Northern Wastewater Treatment Works (KZN),1/29/2024,,,
ENV-COV-24-0159,Mpumalanga,Ehlanzeni DM,Komatipoort Sewage plant,1/29/2024,,,
ENV-COV-24-0160,Gauteng,Ekurhuleni MM,ERWAT Vlakplaat Wastewater Treatment Works,1/30/2024,,,
ENV-COV-24-0161,Gauteng,Tshwane MM,Daspoort Wastewater Treatment Works,1/30/2024,,,
ENV-COV-24-0162,Gauteng,Tshwane MM,SAPS Training College,1/30/2024,,,
ENV-COV-24-0163,Gauteng,Tshwane MM,Kalafong Hospital,1/30/2024,,,
ENV-COV-24-0164,Gauteng,Tshwane MM,Atteridgeville Train Station,1/30/2024,,,
ENV-COV-24-0165,Gauteng,Tshwane MM,Vergenoeg,1/30/2024,,,
ENV-COV-24-0166,Gauteng,Tshwane MM,Laudium,1/30/2024,,,
ENV-COV-24-0167,Gauteng,Tshwane MM,Groenkloof,1/30/2024,,,
ENV-COV-24-0168,Gauteng,Johannesburg MM,Motsoaledi,1/31/2024,,,
ENV-COV-24-0169,Gauteng,Johannesburg MM,Klipsruit Yard (Before tunnel),1/31/2024,,,
ENV-COV-24-0170,Gauteng,Johannesburg MM,Klipspruit Veggies (After tunnel),1/31/2024,,,
ENV-COV-24-0171,Gauteng,Johannesburg MM,Bushkoppies Inlet,1/31/2024,,,
ENV-COV-24-0172,Gauteng,Johannesburg MM,Bushkoppies Final,1/31/2024,,,
ENV-COV-24-0173,Gauteng,Johannesburg MM,Goudkoppies Wastewater Treatment Works,1/31/2024,,,
ENV-COV-24-0174,Mpumalanga,Ehlanzeni DM,Kingstonvale,1/29/2024,,,
ENV-COV-24-0175,Western Cape,Cape Town MM,Borcherds Quarry Wastewater Treatment Works,1/30/2024,,,
ENV-COV-24-0176,Western Cape,Cape Town MM,Zandvleit Wastewater Treatment Works,1/30/2024,,,
ENV-COV-24-0177,Free State,Mangaung MM,Sterkwater Wastewater Treatment Works,1/30/2024,,,
ENV-COV-24-0178,Mpumalanga,Ehlanzeni DM,Kingstonvale,1/22/2024,,,
ENV-COV-24-0179,Eastern Cape,Buffalo City MM,Mdantsane Wastewater Treatment Works,1/31/2024,,,
ENV-COV-24-0180,Eastern Cape,Buffalo City MM,East Bank Wastewater Treatment Works,1/30/2024,,,
ENV-COV-24-0181,Free State,Mangaung MM,Bloemspruit Wastewater Treatment Works,1/30/2024,,,
ENV-COV-24-0182,Limpopo,Vhembe DM,Musina WWTW (in town),1/29/2024,,,
ENV-COV-24-0183,Limpopo,Vhembe DM,Nancefield,1/29/2024,,,
ENV-COV-24-0184,Gauteng,Ekurhuleni MM,Midstream,2/1/2024,,,
ENV-COV-24-0185,Gauteng,Ekurhuleni MM,Olifantsfontein,2/1/2024,,,
ENV-COV-24-0186,Gauteng,Ekurhuleni MM,Tembisa Mall,2/1/2024,,,
ENV-COV-24-0187,Gauteng,Ekurhuleni MM,Tembisa Hospital Downstream,2/1/2024,,,
ENV-COV-24-0188,Gauteng,Ekurhuleni MM,Moloreng,2/1/2024,,,
ENV-COV-24-0189,Gauteng,Ekurhuleni MM,Namane Drive,2/1/2024,,,
ENV-COV-24-0190,Gauteng,Ekurhuleni MM,Sasol Garage,2/1/2024,,,
ENV-COV-24-0191,North West,Bojanala Platinum DM,Boitekong,1/31/2024,,,
ENV-COV-24-0192,North West,Bojanala Platinum DM,Rustenburg Wastewater Treatment Works,1/31/2024,,,
ENV-COV-24-0193,North West,Ngaka Modiri Molema DM,Mmabatho Water Treatment Works,1/30/2024,,,
ENV-COV-24-0194,North West,Ngaka Modiri Molema DM,Mahikeng Water Treatment Works,1/30/2024,,,
ENV-COV-24-0195,Gauteng,Ekurhuleni MM,Hartebeesfontein Waterworks,1/30/2024,,,
ENV-COV-24-0196,Gauteng,Tshwane MM,Daspoort Wastewater Treatment Works,2/2/2024,,,
ENV-COV-24-0197,Gauteng,Tshwane MM,SAPS Training College,2/2/2024,,,
ENV-COV-24-0198,Gauteng,Tshwane MM,Kalafong Hospital,2/2/2024,,,
ENV-COV-24-0199,Gauteng,Tshwane MM,Atteridgeville Train Station,2/2/2024,,,
ENV-COV-24-0200,Gauteng,Tshwane MM,Vergenoeg,2/2/2024,,,
ENV-COV-24-0201,Gauteng,Tshwane MM,Groenkloof,2/2/2024,,,
ENV-COV-24-0202,Gauteng,Johannesburg MM,Northern Wastewater Treatment Works (GP),2/2/2024,,,
ENV-COV-24-0203,Eastern Cape,Buffalo City MM,Mdantsane Wastewater Treatment Works,2/1/2024,,,
ENV-COV-24-0204,Gauteng,Ekurhuleni MM,Olifantsfontein,2/5/2024,,,
ENV-COV-24-0205,Gauteng,Ekurhuleni MM,Midstream,2/5/2024,,,
ENV-COV-24-0206,Gauteng,Ekurhuleni MM,Tembisa Mall,2/5/2024,,,
ENV-COV-24-0207,Gauteng,Ekurhuleni MM,Tembisa Hospital Downstream,2/5/2024,,,
ENV-COV-24-0208,Gauteng,Ekurhuleni MM,Moloreng,2/5/2024,,,
ENV-COV-24-0209,Gauteng,Ekurhuleni MM,Namane Drive,2/5/2024,,,
ENV-COV-24-0210,Gauteng,Ekurhuleni MM,Sasol Garage,2/5/2024,Negative,Negative,
ENV-COV-24-0211,Gauteng,Tshwane MM,Daspoort Wastewater Treatment Works,2/6/2024,,,
ENV-COV-24-0212,Gauteng,Tshwane MM,SAPS Training College,2/6/2024,Positive,Negative,
ENV-COV-24-0213,Gauteng,Tshwane MM,Kalafong Hospital,2/6/2024,Negative,Negative,
ENV-COV-24-0214,Gauteng,Tshwane MM,Atteridgeville Train Station,2/6/2024,Negative,Positive,
ENV-COV-24-0215,Gauteng,Tshwane MM,Vergenoeg,2/6/2024,Negative,Negative,
ENV-COV-24-0216,Gauteng,Tshwane MM,Laudium,2/6/2024,Negative,Negative,
ENV-COV-24-0217,Gauteng,Tshwane MM,Groenkloof,2/6/2024,Negative,Negative,
ENV-COV-24-0218,KwaZulu-Natal,Ethekwini MM,Central Wastewater Treatment Works (KZN),2/5/2024,Negative,Negative,
ENV-COV-24-0219,KwaZulu-Natal,Ethekwini MM,Northern Wastewater Treatment Works (KZN),2/5/2024,Negative,Negative,
ENV-COV-24-0220,Gauteng,Ekurhuleni MM,ERWAT Vlakplaat Wastewater Treatment Works,2/6/2024,Positive,Negative,
ENV-COV-24-0221,Gauteng,Ekurhuleni MM,Hartebeesfontein Waterworks,2/6/2024,Positive,Negative,
ENV-COV-24-0222,Eastern Cape,Buffalo City MM,Mdantsane Wastewater Treatment Works,2/6/2024,Negative,Negative,
ENV-COV-24-0223,Eastern Cape,Buffalo City MM,East Bank Wastewater Treatment Works,2/6/2024,Negative,Negative,
ENV-COV-24-0224,Free State,Mangaung MM,Bloemspruit Wastewater Treatment Works,2/6/2024,Negative,Negative,
ENV-COV-24-0225,Western Cape,Cape Town MM,Borcherds Quarry Wastewater Treatment Works,2/6/2024,Negative,Negative,
ENV-COV-24-0226,Western Cape,Cape Town MM,Zandvleit Wastewater Treatment Works,2/6/2024,Positive,Negative,
ENV-COV-24-0227,Gauteng,Tshwane MM,Rooiwal Wastewater Treatment Works,2/7/2024,Negative,Negative,
ENV-COV-24-0228,Gauteng,Johannesburg MM,Motsoaledi,2/7/2024,,,
ENV-COV-24-0229,Gauteng,Johannesburg MM,Klipsruit Yard (Before tunnel),2/7/2024,,,
ENV-COV-24-0230,Gauteng,Johannesburg MM,Klipspruit Veggies (After tunnel),2/7/2024,Negative,Negative,
ENV-COV-24-0231,Gauteng,Johannesburg MM,Bushkoppies Inlet,2/7/2024,Positive,Negative,
ENV-COV-24-0232,Gauteng,Johannesburg MM,Bushkoppies Final,2/7/2024,Negative,Negative,
ENV-COV-24-0233,Free State,Mangaung MM,Sterkwater Wastewater Treatment Works,2/6/2024,Negative,Negative,
ENV-COV-24-0234,North West,Bojanala Platinum DM,Rustenburg Wastewater Treatment Works,2/7/2024,Positive,Negative,
ENV-COV-24-0235,North West,Bojanala Platinum DM,Boitekong,2/7/2024,Positive,Negative,
ENV-COV-24-0236,Mpumalanga,Ehlanzeni DM,Kingstonvale,1/22/2024,Negative,Positive,
ENV-COV-24-0237,Gauteng,Ekurhuleni MM,Midstream,2/8/2024,Failed,Negative,
ENV-COV-24-0238,Gauteng,Ekurhuleni MM,Olifantsfontein,2/8/2024,Positive,Negative,
ENV-COV-24-0239,Gauteng,Ekurhuleni MM,Tembisa Mall,2/8/2024,Failed,Failed,
ENV-COV-24-0240,Gauteng,Ekurhuleni MM,Tembisa Hospital Downstream,2/8/2024,Failed,Failed,
ENV-COV-24-0241,Gauteng,Ekurhuleni MM,Moloreng,2/8/2024,Negative,Negative,
ENV-COV-24-0242,Gauteng,Ekurhuleni MM,Namane Drive,2/8/2024,Failed,Failed,
ENV-COV-24-0243,Gauteng,Ekurhuleni MM,Sasol Garage,2/8/2024,Negative,Negative,
ENV-COV-24-0244,Gauteng,Tshwane MM,Daspoort Wastewater Treatment Works,2/9/2024,Positive,Negative,
ENV-COV-24-0245,Gauteng,Tshwane MM,SAPS Training College,2/9/2024,Positive,Negative,
ENV-COV-24-0246,Gauteng,Tshwane MM,Kalafong Hospital,2/9/2024,Negative,Negative,
ENV-COV-24-0247,Gauteng,Tshwane MM,Atteridgeville Train Station,2/9/2024,Negative,Negative,
ENV-COV-24-0248,Gauteng,Tshwane MM,Vergenoeg,2/9/2024,Positive,Negative,
ENV-COV-24-0249,Gauteng,Tshwane MM,Laudium,2/9/2024,Negative,Negative,
ENV-COV-24-0250,Gauteng,Tshwane MM,Groenkloof,2/9/2024,Negative,Negative,
ENV-COV-24-0251,Gauteng,Johannesburg MM,Northern Wastewater Treatment Works (GP),2/9/2024,Negative,Positive,
ENV-COV-24-0252,Limpopo,Vhembe DM,Nancefield,2/5/2024,Positive,Negative,
ENV-COV-24-0253,Limpopo,Vhembe DM,Musina WWTW (in town),2/5/2024,Positive,Negative,
ENV-COV-24-0254,Gauteng,Ekurhuleni MM,Midstream,2/12/2024,Negative,Positive,
ENV-COV-24-0255,Gauteng,Ekurhuleni MM,Olifantsfontein,2/12/2024,Negative,Negative,
ENV-COV-24-0256,Gauteng,Ekurhuleni MM,Tembisa Mall,2/12/2024,Negative,Negative,
ENV-COV-24-0257,Gauteng,Ekurhuleni MM,Tembisa Hospital Downstream,2/12/2024,Positive,Negative,
ENV-COV-24-0258,Gauteng,Ekurhuleni MM,Moloreng,2/12/2024,Negative,Positive,
ENV-COV-24-0259,Gauteng,Ekurhuleni MM,Namane Drive,2/12/2024,Positive,Positive,
ENV-COV-24-0260,Gauteng,Ekurhuleni MM,Sasol Garage,2/12/2024,Positive,Negative,
ENV-COV-24-0261,Gauteng,Johannesburg MM,Goudkoppies Wastewater Treatment Works,2/12/2024,Positive,Positive,
ENV-COV-24-0262,KwaZulu-Natal,Ethekwini MM,Northern Wastewater Treatment Works (KZN),2/12/2024,Positive,Negative,
ENV-COV-24-0263,KwaZulu-Natal,Ethekwini MM,Central Wastewater Treatment Works (KZN),2/13/2024,Negative,Negative,
ENV-COV-24-0264,Eastern Cape,Buffalo City MM,Mdantsane Wastewater Treatment Works,2/8/2024,Negative,Negative,
ENV-COV-24-0265,Gauteng,Johannesburg MM,Northern Wastewater Treatment Works (GP),2/13/2024,Negative,Positive,
ENV-COV-24-0266,Gauteng,Tshwane MM,Daspoort Wastewater Treatment Works,2/13/2024,Negative,Negative,
ENV-COV-24-0267,Gauteng,Tshwane MM,SAPS Training College,2/13/2024,Negative,Negative,
ENV-COV-24-0268,Gauteng,Tshwane MM,Kalafong Hospital,2/13/2024,Negative,Negative,
ENV-COV-24-0269,Gauteng,Tshwane MM,Atteridgeville Train Station,2/13/2024,Negative,Negative,
ENV-COV-24-0270,Gauteng,Tshwane MM,Vergenoeg,2/13/2024,Negative,Negative,
ENV-COV-24-0271,Gauteng,Tshwane MM,Laudium,2/13/2024,Positive,Negative,
ENV-COV-24-0272,Gauteng,Tshwane MM,Groenkloof,2/13/2024,Negative,Negative,
ENV-COV-24-0273,Gauteng,Ekurhuleni MM,Hartebeesfontein Waterworks,2/13/2024,Positive,Negative,
ENV-COV-24-0274,Gauteng,Ekurhuleni MM,ERWAT Vlakplaat Wastewater Treatment Works,2/14/2024,Negative,Negative,
ENV-COV-24-0275,Mpumalanga,Ehlanzeni DM,Kingstonvale,2/12/2024,Negative,Negative,
ENV-COV-24-0276,Free State,Mangaung MM,Sterkwater Wastewater Treatment Works,2/13/2024,Positive,Negative,
ENV-COV-24-0277,Free State,Mangaung MM,Bloemspruit Wastewater Treatment Works,2/13/2024,Positive,Negative,
ENV-COV-24-0278,North West,Ngaka Modiri Molema DM,Mahikeng Water Treatment Works,2/6/2024,Negative,Negative,
ENV-COV-24-0279,Limpopo,Vhembe DM,Nancefield,2/12/2024,Positive,Negative,
ENV-COV-24-0280,Limpopo,Vhembe DM,Musina WWTW (in town),2/12/2024,Negative,Negative,
ENV-COV-24-0281,North West,Ngaka Modiri Molema DM,Mmabatho Water Treatment Works,2/6/2024,Negative,Negative,
ENV-COV-24-0282,Mpumalanga,Ehlanzeni DM,Komatipoort Sewage plant,2/12/2024,Negative,Negative,
ENV-COV-24-0283,Gauteng,Johannesburg MM,Goudkoppies Wastewater Treatment Works,2/14/2024,Negative,Negative,
ENV-COV-24-0284,Gauteng,Johannesburg MM,Motsoaledi,2/14/2024,Negative,Negative,
ENV-COV-24-0285,Gauteng,Johannesburg MM,Klipsruit Yard (Before tunnel),2/14/2024,Negative,Negative,
ENV-COV-24-0286,Gauteng,Johannesburg MM,Klipspruit Veggies (After tunnel),2/14/2024,Negative,Negative,
ENV-COV-24-0287,Gauteng,Johannesburg MM,Bushkoppies Inlet,2/14/2024,Positive,Negative,
ENV-COV-24-0288,Gauteng,Johannesburg MM,Bushkoppies Final,2/14/2024,Negative,Negative,
ENV-COV-24-0289,Western Cape,Cape Town MM,Borcherds Quarry Wastewater Treatment Works,2/13/2024,Positive,Positive,
ENV-COV-24-0290,Western Cape,Cape Town MM,Zandvleit Wastewater Treatment Works,2/13/2024,Negative,Negative,
ENV-COV-24-0291,Eastern Cape,Buffalo City MM,East Bank Wastewater Treatment Works,2/13/2024,Negative,Negative,
ENV-COV-24-0292,Eastern Cape,Buffalo City MM,Mdantsane Wastewater Treatment Works,2/13/2024,Negative,Negative,
ENV-COV-24-0293,Gauteng,Tshwane MM,Rooiwal Wastewater Treatment Works,2/14/2024,Negative,Negative,
ENV-COV-24-0294,Gauteng,Ekurhuleni MM,Midstream,2/15/2024,Negative,Negative,
ENV-COV-24-0295,Gauteng,Ekurhuleni MM,Olifantsfontein,2/15/2024,Positive,Negative,
ENV-COV-24-0296,Gauteng,Ekurhuleni MM,Tembisa Mall,2/15/2024,Negative,Negative,
ENV-COV-24-0297,Gauteng,Ekurhuleni MM,Tembisa Hospital Downstream,2/15/2024,Negative,Positive,
ENV-COV-24-0298,Gauteng,Ekurhuleni MM,Moloreng,2/15/2024,Negative,Negative,
ENV-COV-24-0299,Gauteng,Ekurhuleni MM,Namane Drive,2/15/2024,Negative,Negative,
ENV-COV-24-0300,Gauteng,Ekurhuleni MM,Sasol Garage,2/15/2024,Negative,Negative,
ENV-COV-24-0301,North West,Bojanala Platinum DM,Rustenburg Wastewater Treatment Works,2/14/2024,Negative,Negative,
ENV-COV-24-0302,North West,Bojanala Platinum DM,Boitekong,2/14/2024,Positive,Negative,
ENV-COV-24-0303,Eastern Cape,Nelson Mandela Bay MM,Brickfield Pre-treatment Works,2/13/2024,Positive,Positive,
ENV-COV-24-0304,Gauteng,Tshwane MM,Daspoort Wastewater Treatment Works,2/16/2024,Positive,Negative,
ENV-COV-24-0305,Gauteng,Tshwane MM,SAPS Training College,2/16/2024,Negative,Negative,
ENV-COV-24-0306,Gauteng,Tshwane MM,Kalafong Hospital,2/16/2024,Negative,Negative,
ENV-COV-24-0307,Gauteng,Tshwane MM,Atteridgeville Train Station,2/16/2024,Negative,Negative,
ENV-COV-24-0308,Gauteng,Tshwane MM,Vergenoeg,2/16/2024,Negative,Negative,
ENV-COV-24-0309,Gauteng,Tshwane MM,Laudium,2/16/2024,Negative,Negative,
ENV-COV-24-0310,Gauteng,Tshwane MM,Groenkloof,2/16/2024,Negative,Negative,
ENV-COV-24-0311,Gauteng,Ekurhuleni MM,Midstream,2/19/2024,Negative,Negative,
ENV-COV-24-0312,Gauteng,Ekurhuleni MM,Olifantsfontein,2/19/2024,Negative,Negative,
ENV-COV-24-0313,Gauteng,Ekurhuleni MM,Tembisa Mall,2/19/2024,Negative,Negative,
ENV-COV-24-0314,Gauteng,Ekurhuleni MM,Tembisa Hospital Downstream,2/19/2024,Negative,Negative,
ENV-COV-24-0315,Gauteng,Ekurhuleni MM,Moloreng,2/19/2024,Negative,Negative,
ENV-COV-24-0316,Gauteng,Ekurhuleni MM,Namane Drive,2/19/2024,Positive,Negative,
ENV-COV-24-0317,Gauteng,Ekurhuleni MM,Sasol Garage,2/19/2024,Negative,Negative,
ENV-COV-24-0318,North West,Ngaka Modiri Molema DM,Mahikeng Water Treatment Works,2/15/2024,Negative,Negative,
ENV-COV-24-0319,North West,Ngaka Modiri Molema DM,Mmabatho Water Treatment Works,2/15/2024,Negative,Negative,
ENV-COV-24-0320,KwaZulu-Natal,Ethekwini MM,Central Wastewater Treatment Works (KZN),2/19/2024,Negative,Positive,
ENV-COV-24-0321,Gauteng,Tshwane MM,Daspoort Wastewater Treatment Works,2/20/2024,Negative,Negative,
ENV-COV-24-0322,Gauteng,Tshwane MM,SAPS Training College,2/20/2024,Negative,Negative,
ENV-COV-24-0323,Gauteng,Tshwane MM,Kalafong Hospital,2/20/2024,Negative,Negative,
ENV-COV-24-0324,Gauteng,Tshwane MM,Atteridgeville Train Station,2/20/2024,Negative,Negative,
ENV-COV-24-0325,Gauteng,Tshwane MM,Vergenoeg,2/20/2024,Positive,Negative,
ENV-COV-24-0326,Gauteng,Tshwane MM,Laudium,2/20/2024,Negative,Negative,
ENV-COV-24-0327,Gauteng,Tshwane MM,Groenkloof,2/20/2024,Negative,Negative,
ENV-COV-24-0328,Gauteng,Johannesburg MM,Northern Wastewater Treatment Works (GP),2/20/2024,Negative,Negative,
ENV-COV-24-0329,Gauteng,Ekurhuleni MM,ERWAT Vlakplaat Wastewater Treatment Works,2/20/2024,Negative,Negative,
ENV-COV-24-0330,Free State,Mangaung MM,Sterkwater Wastewater Treatment Works,2/20/2024,Positive,Negative,
ENV-COV-24-0331,Free State,Mangaung MM,Bloemspruit Wastewater Treatment Works,2/20/2024,Negative,Negative,
ENV-COV-24-0332,Limpopo,Vhembe DM,Musina WWTW (in town),2/20/2024,Negative,Negative,
ENV-COV-24-0333,Limpopo,Vhembe DM,Nancefield,2/19/2024,Negative,Negative,
ENV-COV-24-0334,Mpumalanga,Ehlanzeni DM,Komatipoort Sewage plant,2/19/2024,Negative,Negative,
ENV-COV-24-0335,Mpumalanga,Ehlanzeni DM,Kingstonvale,2/19/2024,Negative,Negative,
ENV-COV-24-0336,Western Cape,Cape Town MM,Borcherds Quarry Wastewater Treatment Works,2/20/2024,Positive,Negative,
ENV-COV-24-0337,Western Cape,Cape Town MM,Zandvleit Wastewater Treatment Works,2/20/2024,Negative,Negative,
ENV-COV-24-0338,Eastern Cape,Buffalo City MM,Mdantsane Wastewater Treatment Works,2/20/2024,Negative,Negative,
ENV-COV-24-0339,Eastern Cape,Buffalo City MM,East Bank Wastewater Treatment Works,2/20/2024,Negative,Negative,
ENV-COV-24-0340,Gauteng,Johannesburg MM,Motsoaledi,2/21/2024,Negative,Negative,
ENV-COV-24-0341,Gauteng,Johannesburg MM,Klipsruit Yard (Before tunnel),2/21/2024,Negative,Negative,
ENV-COV-24-0342,Gauteng,Johannesburg MM,Klipspruit Veggies (After tunnel),2/21/2024,Negative,Negative,
ENV-COV-24-0343,Gauteng,Johannesburg MM,Bushkoppies Final,2/21/2024,Negative,Negative,
ENV-COV-24-0344,Gauteng,Johannesburg MM,Bushkoppies Inlet,2/21/2024,Negative,Negative,
ENV-COV-24-0345,Gauteng,Johannesburg MM,Goudkoppies Wastewater Treatment Works,2/21/2024,Negative,Negative,
ENV-COV-24-0346,Gauteng,Ekurhuleni MM,Midstream,2/22/2024,Negative,Negative,
ENV-COV-24-0347,Gauteng,Ekurhuleni MM,Olifantsfontein,2/22/2024,Negative,Negative,
ENV-COV-24-0348,Gauteng,Ekurhuleni MM,Tembisa Mall,2/22/2024,Negative,Negative,
ENV-COV-24-0349,Gauteng,Ekurhuleni MM,Tembisa Hospital Downstream,2/22/2024,Negative,Negative,
ENV-COV-24-0350,Gauteng,Ekurhuleni MM,Moloreng,2/22/2024,Negative,Negative,
ENV-COV-24-0351,Gauteng,Ekurhuleni MM,Namane Drive,2/22/2024,Negative,Negative,
ENV-COV-24-0352,Gauteng,Ekurhuleni MM,Sasol Garage,2/22/2024,Negative,Negative,
ENV-COV-24-0353,North West,Bojanala Platinum DM,Boitekong,2/21/2024,Negative,Negative,
ENV-COV-24-0354,North West,Bojanala Platinum DM,Rustenburg Wastewater Treatment Works,2/21/2024,Negative,Negative,
ENV-COV-24-0355,North West,Ngaka Modiri Molema DM,Mahikeng Water Treatment Works,2/20/2024,Negative,Negative,
ENV-COV-24-0356,North West,Ngaka Modiri Molema DM,Mahikeng Water Treatment Works,2/20/2024,Negative,Negative,
ENV-COV-24-0357,Gauteng,Tshwane MM,Rooiwal Wastewater Treatment Works,2/21/2024,Negative,Negative,
ENV-COV-24-0358,Gauteng,Ekurhuleni MM,Hartebeesfontein Waterworks,2/20/2024,Negative,Negative,
ENV-COV-24-0359,Gauteng,Tshwane MM,Daspoort Wastewater Treatment Works,2/23/2024,,,
ENV-COV-24-0360,Gauteng,Tshwane MM,SAPS Training College,2/23/2024,,,
ENV-COV-24-0361,Gauteng,Tshwane MM,Kalafong Hospital,2/23/2024,,,
ENV-COV-24-0362,Gauteng,Tshwane MM,Atteridgeville Train Station,2/23/2024,,,
ENV-COV-24-0363,Gauteng,Tshwane MM,Vergenoeg,2/23/2024,,,
ENV-COV-24-0364,Gauteng,Tshwane MM,Laudium,2/23/2024,,,
ENV-COV-24-0365,Gauteng,Tshwane MM,Groenkloof,2/23/2024,,,
ENV-COV-24-0366,Gauteng,Ekurhuleni MM,Midstream,2/26/2024,,,
ENV-COV-24-0367,Gauteng,Ekurhuleni MM,Olifantsfontein,2/26/2024,,,
ENV-COV-24-0368,Gauteng,Ekurhuleni MM,Tembisa Mall,2/26/2024,,,
ENV-COV-24-0369,Gauteng,Ekurhuleni MM,Moloreng,2/26/2024,,,
ENV-COV-24-0370,Gauteng,Ekurhuleni MM,Namane Drive,2/26/2024,,,
ENV-COV-24-0371,Gauteng,Ekurhuleni MM,Sasol Garage,2/26/2024,,,
ENV-COV-24-0372,Gauteng,Tshwane MM,Daspoort Wastewater Treatment Works,2/27/2024,,,
ENV-COV-24-0373,Gauteng,Tshwane MM,SAPS Training College,2/27/2024,,,
ENV-COV-24-0374,Gauteng,Tshwane MM,Kalafong Hospital,2/27/2024,,,
ENV-COV-24-0375,Gauteng,Tshwane MM,Atteridgeville Train Station,2/27/2024,,,
ENV-COV-24-0376,Gauteng,Tshwane MM,Vergenoeg,2/27/2024,,,
ENV-COV-24-0377,Gauteng,Tshwane MM,Groenkloof,2/27/2024,,,
ENV-COV-24-0378,Gauteng,Johannesburg MM,Northern Wastewater Treatment Works (GP),2/27/2024,,,
ENV-COV-24-0379,Gauteng,Ekurhuleni MM,Hartebeesfontein Waterworks,2/27/2024,,,
ENV-COV-24-0380,KwaZulu-Natal,Ethekwini MM,Central Wastewater Treatment Works (KZN),2/26/2024,,,
ENV-COV-24-0381,KwaZulu-Natal,Ethekwini MM,Northern Wastewater Treatment Works (KZN),2/26/2024,,,
ENV-COV-24-0382,Mpumalanga,Ehlanzeni DM,Komatipoort Sewage plant,2/26/2024,,,
ENV-COV-24-0383,Gauteng,Johannesburg MM,Motsoaledi,2/28/2024,,,
ENV-COV-24-0384,Gauteng,Johannesburg MM,Klipsruit Yard (Before tunnel),2/28/2024,,,
ENV-COV-24-0385,Gauteng,Johannesburg MM,Klipspruit Veggies (After tunnel),2/28/2024,,,
ENV-COV-24-0386,Gauteng,Johannesburg MM,Bushkoppies Inlet,2/28/2024,,,
ENV-COV-24-0387,Gauteng,Johannesburg MM,Bushkoppies Final,2/28/2024,,,
ENV-COV-24-0388,Free State,Mangaung MM,Sterkwater Wastewater Treatment Works,2/27/2024,,,
ENV-COV-24-0389,Free State,Mangaung MM,Bloemspruit Wastewater Treatment Works,2/27/2024,,,
ENV-COV-24-0390,Mpumalanga,Ehlanzeni DM,Kingstonvale,2/26/2024,,,
ENV-COV-24-0391,Gauteng,Ekurhuleni MM,ERWAT Vlakplaat Wastewater Treatment Works,2/27/2024,,,
ENV-COV-24-0392,Eastern Cape,Buffalo City MM,East Bank Wastewater Treatment Works,2/27/2024,,,
ENV-COV-24-0393,Eastern Cape,Buffalo City MM,Mdantsane Wastewater Treatment Works,2/27/2024,,,
ENV-COV-24-0394,Western Cape,Cape Town MM,Borcherds Quarry Wastewater Treatment Works,2/27/2024,,,
ENV-COV-24-0395,Western Cape,Cape Town MM,Zandvleit Wastewater Treatment Works,2/27/2024,,,
ENV-COV-24-0396,Gauteng,Ekurhuleni MM,Olifantsfontein,2/29/2024,,,
ENV-COV-24-0397,Gauteng,Ekurhuleni MM,Olifantsfontein,2/29/2024,,,
ENV-COV-24-0398,Gauteng,Ekurhuleni MM,Tembisa Mall,2/29/2024,,,
ENV-COV-24-0399,Gauteng,Ekurhuleni MM,Tembisa Hospital Downstream,2/29/2024,,,
ENV-COV-24-0400,Gauteng,Ekurhuleni MM,Moloreng,2/29/2024,,,
ENV-COV-24-0401,Gauteng,Ekurhuleni MM,Namane Drive,2/29/2024,,,
ENV-COV-24-0402,Gauteng,Ekurhuleni MM,Sasol Garage,2/29/2024,,,
ENV-COV-24-0403,North West,Ngaka Modiri Molema DM,Mmabatho Water Treatment Works,2/27/2024,,,
ENV-COV-24-0404,North West,Ngaka Modiri Molema DM,Mahikeng Water Treatment Works,2/27/2024,,,
ENV-COV-24-0405,Limpopo,Vhembe DM,Nancefield,2/26/2024,,,
ENV-COV-24-0406,Limpopo,Vhembe DM,Musina WWTW (in town),2/26/2024,,,
ENV-COV-24-0407,North West,Bojanala Platinum DM,Rustenburg Wastewater Treatment Works,2/28/2024,,,
ENV-COV-24-0408,North West,Bojanala Platinum DM,Boitekong,2/28/2024,,,
ENV-COV-24-0409,Gauteng,Tshwane MM,Rooiwal Wastewater Treatment Works,2/28/2024,Positive,Negative,
ENV-COV-24-0410,Gauteng,Tshwane MM,Daspoort Wastewater Treatment Works,3/1/2024,Negative,Negative,
ENV-COV-24-0411,Gauteng,Tshwane MM,SAPS Training College,3/1/2024,Positive,Positive,
ENV-COV-24-0412,Gauteng,Tshwane MM,Kalafong Hospital,3/1/2024,Negative,Negative,
ENV-COV-24-0413,Gauteng,Tshwane MM,Atteridgeville Train Station,3/1/2024,Negative,Negative,
ENV-COV-24-0414,Gauteng,Tshwane MM,Vergenoeg,3/1/2024,Positive,Negative,
ENV-COV-24-0415,Gauteng,Tshwane MM,Laudium,3/1/2024,Negative,Negative,
ENV-COV-24-0416,Gauteng,Tshwane MM,Groenkloof,3/1/2024,Negative,Negative,
ENV-COV-24-0417,Eastern Cape,Buffalo City MM,Mdantsane Wastewater Treatment Works,2/29/2024,Negative,Negative,
ENV-COV-24-0418,Gauteng,Johannesburg MM,Goudkoppies Wastewater Treatment Works,3/1/2024,Negative,Negative,
ENV-COV-24-0419,Gauteng,Ekurhuleni MM,Midstream,3/4/2024,Positive,Negative,
ENV-COV-24-0420,Gauteng,Ekurhuleni MM,Olifantsfontein,3/4/2024,Positive,Negative,
ENV-COV-24-0421,Gauteng,Ekurhuleni MM,Tembisa Mall,3/4/2024,Positive,Negative,
ENV-COV-24-0422,Gauteng,Ekurhuleni MM,Tembisa Hospital Downstream,3/4/2024,Positive,Negative,
ENV-COV-24-0423,Gauteng,Ekurhuleni MM,Moloreng,3/4/2024,Positive,Negative,
ENV-COV-24-0424,Gauteng,Ekurhuleni MM,Namane Drive,3/4/2024,Positive,Negative,
ENV-COV-24-0425,Gauteng,Ekurhuleni MM,Sasol Garage,3/4/2024,Positive,Negative,
ENV-COV-24-0426,Gauteng,Johannesburg MM,Motsoaledi,3/5/2024,Negative,Positive,
ENV-COV-24-0427,Gauteng,Johannesburg MM,Klipsruit Yard (Before tunnel),3/5/2024,Positive,Negative,
ENV-COV-24-0428,Gauteng,Johannesburg MM,Klipspruit Veggies (After tunnel),3/5/2024,Positive,Negative,
ENV-COV-24-0429,Gauteng,Johannesburg MM,Bushkoppies Inlet,3/5/2024,Negative,Negative,
ENV-COV-24-0430,Gauteng,Johannesburg MM,Bushkoppies Final,3/5/2024,Positive,Negative,
ENV-COV-24-0431,Gauteng,Johannesburg MM,Goudkoppies Wastewater Treatment Works,3/5/2024,Negative,Negative,
ENV-COV-24-0432,Mpumalanga,Ehlanzeni DM,Komatipoort Sewage plant,3/4/2024,Positive,Negative,
ENV-COV-24-0433,KwaZulu-Natal,Ethekwini MM,Northern Wastewater Treatment Works (KZN),3/4/2024,Negative,Negative,
ENV-COV-24-0434,KwaZulu-Natal,Ethekwini MM,Central Wastewater Treatment Works (KZN),3/4/2024,Negative,Positive,
ENV-COV-24-0435,Gauteng,Ekurhuleni MM,ERWAT Vlakplaat Wastewater Treatment Works,3/5/2024,Negative,Negative,
ENV-COV-24-0436,Gauteng,Ekurhuleni MM,Hartebeesfontein Waterworks,3/5/2024,Failed,Failed,
ENV-COV-24-0437,Gauteng,Tshwane MM,Daspoort Wastewater Treatment Works,3/6/2024,Positive,Negative,
ENV-COV-24-0438,Gauteng,Tshwane MM,SAPS Training College,3/6/2024,Negative,Negative,
ENV-COV-24-0439,Gauteng,Tshwane MM,Kalafong Hospital,3/6/2024,Negative,Negative,
ENV-COV-24-0440,Gauteng,Tshwane MM,Atteridgeville Train Station,3/6/2024,Negative,Negative,
ENV-COV-24-0441,Gauteng,Tshwane MM,Vergenoeg,3/6/2024,Negative,Negative,
ENV-COV-24-0442,Gauteng,Tshwane MM,Laudium,3/6/2024,Negative,Negative,
ENV-COV-24-0443,Gauteng,Tshwane MM,Groenkloof,3/6/2024,Negative,Negative,
ENV-COV-24-0444,Gauteng,Johannesburg MM,Northern Wastewater Treatment Works (GP),3/6/2024,Negative,Positive,
ENV-COV-24-0445,Free State,Mangaung MM,Bloemspruit Wastewater Treatment Works,3/5/2024,Negative,Positive,
ENV-COV-24-0446,Mpumalanga,Ehlanzeni DM,Kingstonvale,3/4/2024,Negative,Negative,
ENV-COV-24-0447,Eastern Cape,Buffalo City MM,East Bank Wastewater Treatment Works,3/5/2024,Negative,Negative,
ENV-COV-24-0448,Eastern Cape,Buffalo City MM,Mdantsane Wastewater Treatment Works,3/5/2024,Positive,Positive,
ENV-COV-24-0449,Western Cape,Cape Town MM,Borcherds Quarry Wastewater Treatment Works,3/5/2024,Negative,Negative,
ENV-COV-24-0450,Western Cape,Cape Town MM,Zandvleit Wastewater Treatment Works,3/5/2024,Positive,Positive,
ENV-COV-24-0451,Limpopo,Vhembe DM,Musina WWTW (in town),3/4/2024,Negative,Negative,
ENV-COV-24-0452,Limpopo,Vhembe DM,Nancefield,3/4/2024,Positive,Negative,
ENV-COV-24-0453,Free State,Mangaung MM,Sterkwater Wastewater Treatment Works,3/5/2024,Positive,Negative,
ENV-COV-24-0454,Gauteng,Ekurhuleni MM,Midstream,3/7/2024,Positive,Negative,
ENV-COV-24-0455,Gauteng,Ekurhuleni MM,Olifantsfontein,3/7/2024,Negative,Negative,
ENV-COV-24-0456,Gauteng,Ekurhuleni MM,Tembisa Mall,3/7/2024,Positive,Positive,
ENV-COV-24-0457,Gauteng,Ekurhuleni MM,Tembisa Hospital Downstream,3/7/2024,Positive,Negative,
ENV-COV-24-0458,Gauteng,Ekurhuleni MM,Moloreng,3/7/2024,Negative,Negative,
ENV-COV-24-0459,Gauteng,Ekurhuleni MM,Moloreng,3/7/2024,Negative,Negative,
ENV-COV-24-0460,Gauteng,Ekurhuleni MM,Sasol Garage,3/7/2024,Positive,Negative,
ENV-COV-24-0461,Gauteng,Tshwane MM,Rooiwal Wastewater Treatment Works,3/6/2024,Negative,Negative,
ENV-COV-24-0462,North West,Bojanala Platinum DM,Boitekong,3/6/2024,Negative,Negative,
ENV-COV-24-0463,North West,Bojanala Platinum DM,Rustenburg Wastewater Treatment Works,3/6/2024,Positive,Negative,
ENV-COV-24-0464,Gauteng,Tshwane MM,Daspoort Wastewater Treatment Works,3/8/2024,Positive,Positive,
ENV-COV-24-0465,Gauteng,Tshwane MM,SAPS Training College,3/8/2024,Negative,Negative,
ENV-COV-24-0466,Gauteng,Tshwane MM,Kalafong Hospital,3/8/2024,Negative,Negative,
ENV-COV-24-0467,Gauteng,Tshwane MM,Atteridgeville Train Station,3/8/2024,Negative,Negative,
ENV-COV-24-0468,Gauteng,Tshwane MM,Vergenoeg,3/8/2024,Negative,Negative,
ENV-COV-24-0469,Gauteng,Tshwane MM,Laudium,3/8/2024,Negative,Negative,
ENV-COV-24-0470,Gauteng,Tshwane MM,Groenkloof,3/8/2024,Positive,Positive,
ENV-COV-24-0471,KwaZulu-Natal,Umkhanyakude DM,Jozini Wastewater Treatment Plant,3/6/2024,Negative,Negative,
ENV-COV-24-0472,Eastern Cape,Buffalo City MM,Mdantsane Wastewater Treatment Works,3/7/2024,Negative,Negative,
ENV-COV-24-0473,Gauteng,Ekurhuleni MM,Midstream,3/11/2024,Negative,Negative,
ENV-COV-24-0474,Gauteng,Ekurhuleni MM,Olifantsfontein,3/11/2024,Negative,Negative,
ENV-COV-24-0475,Gauteng,Ekurhuleni MM,Tembisa Mall,3/11/2024,Negative,Negative,
ENV-COV-24-0476,Gauteng,Ekurhuleni MM,Tembisa Hospital Downstream,3/11/2024,Negative,Negative,
ENV-COV-24-0477,Gauteng,Ekurhuleni MM,Tembisa Hospital East and West,3/11/2024,Positive,Positive,
ENV-COV-24-0478,Gauteng,Ekurhuleni MM,Moloreng,3/11/2024,Positive,Positive,
ENV-COV-24-0479,Gauteng,Ekurhuleni MM,Namane Drive,3/11/2024,Negative,Negative,
ENV-COV-24-0480,Gauteng,Ekurhuleni MM,Sasol Garage,3/11/2024,Negative,Negative,
ENV-COV-24-0481,Gauteng,Ekurhuleni MM,Hartebeesfontein Waterworks,3/12/2024,Negative,Negative,
ENV-COV-24-0482,Gauteng,Johannesburg MM,Northern Wastewater Treatment Works (GP),3/12/2024,Negative,Negative,
ENV-COV-24-0483,Gauteng,Tshwane MM,Daspoort Wastewater Treatment Works,3/12/2024,Positive,Positive,
ENV-COV-24-0484,Gauteng,Tshwane MM,SAPS Training College,3/12/2024,Negative,Negative,
ENV-COV-24-0485,Gauteng,Tshwane MM,Kalafong Hospital,3/12/2024,Negative,Negative,
ENV-COV-24-0486,Gauteng,Tshwane MM,Atteridgeville Train Station,3/12/2024,Negative,Negative,
ENV-COV-24-0487,Gauteng,Tshwane MM,Vergenoeg,3/12/2024,Negative,Negative,
ENV-COV-24-0488,Gauteng,Tshwane MM,Laudium,3/12/2024,Negative,Negative,
ENV-COV-24-0489,Gauteng,Tshwane MM,Groenkloof,3/12/2024,Negative,Negative,
ENV-COV-24-0490,Gauteng,Tshwane MM,Rooiwal Wastewater Treatment Works,3/13/2024,Negative,Negative,
ENV-COV-24-0491,Mpumalanga,Ehlanzeni DM,Komatipoort Sewage plant,3/11/2024,Negative,Negative,
ENV-COV-24-0492,KwaZulu-Natal,Ethekwini MM,Northern Wastewater Treatment Works (KZN),3/11/2024,Negative,Negative,
ENV-COV-24-0493,KwaZulu-Natal,Ethekwini MM,Central Wastewater Treatment Works (KZN),3/11/2024,Positive,Positive,
ENV-COV-24-0494,Gauteng,Johannesburg MM,Motsoaledi,3/13/2024,Negative,Negative,
ENV-COV-24-0495,Gauteng,Johannesburg MM,Klipsruit Yard (Before tunnel),3/13/2024,Positive,Positive,
ENV-COV-24-0496,Gauteng,Johannesburg MM,Klipspruit Veggies (After tunnel),3/13/2024,Negative,Negative,
ENV-COV-24-0497,Gauteng,Johannesburg MM,Chris Hani Baragwanath Hospital,3/13/2024,Positive,Positive,
ENV-COV-24-0498,Gauteng,Johannesburg MM,Bushkoppies Inlet,3/13/2024,Positive,Positive,
ENV-COV-24-0499,Gauteng,Johannesburg MM,Bushkoppies Final,3/13/2024,Negative,Negative,
ENV-COV-24-0500,Free State,Mangaung MM,Sterkwater Wastewater Treatment Works,3/12/2024,Positive,Positive,
ENV-COV-24-0501,Free State,Mangaung MM,Bloemspruit Wastewater Treatment Works,3/12/2024,Negative,Negative,
ENV-COV-24-0502,Eastern Cape,Buffalo City MM,East Bank Wastewater Treatment Works,3/12/2024,Negative,Negative,
ENV-COV-24-0503,Eastern Cape,Buffalo City MM,Mdantsane Wastewater Treatment Works,3/12/2024,Negative,Negative,
ENV-COV-24-0504,Mpumalanga,Ehlanzeni DM,Kingstonvale,3/11/2024,Negative,Negative,
ENV-COV-24-0505,Western Cape,Cape Town MM,Zandvleit Wastewater Treatment Works,3/12/2024,Positive,Positive,
ENV-COV-24-0506,Western Cape,Cape Town MM,Borcherds Quarry Wastewater Treatment Works,3/12/2024,Negative,Negative,
ENV-COV-24-0507,Gauteng,Ekurhuleni MM,ERWAT Vlakplaat Wastewater Treatment Works,3/12/2024,Negative,Negative,
ENV-COV-24-0508,Gauteng,Ekurhuleni MM,Midstream,3/14/2024,Negative,Negative,
ENV-COV-24-0509,Gauteng,Ekurhuleni MM,Olifantsfontein,3/14/2024,Negative,Negative,
ENV-COV-24-0510,Gauteng,Ekurhuleni MM,Tembisa Mall,3/14/2024,Negative,Negative,
ENV-COV-24-0511,Gauteng,Ekurhuleni MM,Tembisa Hospital East and West,3/14/2024,Negative,Negative,
ENV-COV-24-0512,Gauteng,Ekurhuleni MM,Moloreng,3/14/2024,Negative,Negative,
ENV-COV-24-0513,Gauteng,Ekurhuleni MM,Namane Drive,3/14/2024,Negative,Negative,
ENV-COV-24-0514,Gauteng,Ekurhuleni MM,Sasol Garage,3/14/2024,Negative,Negative,
ENV-COV-24-0515,North West,Bojanala Platinum DM,Rustenburg Wastewater Treatment Works,3/13/2024,Negative,Negative,
ENV-COV-24-0516,Eastern Cape,Nelson Mandela Bay MM,Brickfield Pre-treatment Works,3/12/2024,Positive,Positive,
ENV-COV-24-0517,Limpopo,Vhembe DM,Musina WWTW (in town),3/11/2024,Negative,Negative,
ENV-COV-24-0518,Limpopo,Vhembe DM,Nancefield,3/11/2024,Negative,Negative,
ENV-COV-24-0519,Gauteng,Tshwane MM,Daspoort Wastewater Treatment Works,3/15/2024,Negative,Positive,
ENV-COV-24-0520,Gauteng,Tshwane MM,SAPS Training College,3/15/2024,Negative,Negative,
ENV-COV-24-0521,Gauteng,Tshwane MM,Kalafong Hospital,3/15/2024,Negative,Negative,
ENV-COV-24-0522,Gauteng,Tshwane MM,Atteridgeville Train Station,3/15/2024,Negative,Negative,
ENV-COV-24-0523,Gauteng,Tshwane MM,Vergenoeg,3/15/2024,Negative,Negative,
ENV-COV-24-0524,Gauteng,Tshwane MM,Groenkloof,3/15/2024,Positive,Negative,
ENV-COV-24-0525,Gauteng,Johannesburg MM,Goudkoppies Wastewater Treatment Works,3/15/2024,Positive,Negative,
ENV-COV-24-0526,KwaZulu-Natal,Umkhanyakude DM,Jozini Wastewater Treatment Plant,3/12/2024,Negative,Negative,
ENV-COV-24-0527,KwaZulu-Natal,Umkhanyakude DM,Manguzi Wastewater Treatment Plant,3/12/2024,Negative,Negative,
ENV-COV-24-0528,Eastern Cape,Buffalo City MM,Mdantsane Wastewater Treatment Works,3/14/2024,Negative,Negative,
ENV-COV-24-0529,Gauteng,Ekurhuleni MM,Midstream,3/18/2024,Negative,Negative,
ENV-COV-24-0530,Gauteng,Ekurhuleni MM,Olifantsfontein,3/18/2024,Positive,Negative,
ENV-COV-24-0531,Gauteng,Ekurhuleni MM,Tembisa Mall,3/18/2024,Negative,Negative,
ENV-COV-24-0532,Gauteng,Ekurhuleni MM,Tembisa Hospital Downstream,3/18/2024,Negative,Positive,
ENV-COV-24-0534,Gauteng,Ekurhuleni MM,Tembisa Hospital East and West,3/18/2024,Positive,Negative,
ENV-COV-24-0535,Gauteng,Ekurhuleni MM,Moloreng,3/18/2024,Positive,Negative,
ENV-COV-24-0536,Gauteng,Ekurhuleni MM,Namane Drive,3/18/2024,Negative,Negative,
ENV-COV-24-0537,Northern Cape,Frances Baard DM,Homevale Kimberley,3/15/2024,Positive,Negative,
ENV-COV-24-0538,Gauteng,Ekurhuleni MM,Sasol Garage,3/18/2024,Positive,Negative,
ENV-COV-24-0539,Gauteng,Tshwane MM,Daspoort Wastewater Treatment Works,3/19/2024,Negative,Positive,
ENV-COV-24-0540,Gauteng,Tshwane MM,SAPS Training College,3/19/2024,Negative,Negative,
ENV-COV-24-0541,Gauteng,Tshwane MM,Kalafong Hospital,3/19/2024,Negative,Negative,
ENV-COV-24-0542,Gauteng,Tshwane MM,Atteridgeville Train Station,3/19/2024,Positive,Negative,
ENV-COV-24-0543,Gauteng,Tshwane MM,Vergenoeg,3/19/2024,Negative,Negative,
ENV-COV-24-0544,Gauteng,Tshwane MM,Laudium,3/19/2024,Positive,Negative,
ENV-COV-24-0545,Gauteng,Tshwane MM,Groenkloof,3/19/2024,Negative,Negative,
ENV-COV-24-0546,Gauteng,Johannesburg MM,Northern Wastewater Treatment Works (GP),3/19/2024,Negative,Negative,
ENV-COV-24-0547,Mpumalanga,Ehlanzeni DM,Komatipoort Sewage plant,3/18/2024,Negative,Negative,
ENV-COV-24-0548,KwaZulu-Natal,Ethekwini MM,Central Wastewater Treatment Works (KZN),3/18/2024,Positive,Negative,
ENV-COV-24-0549,KwaZulu-Natal,Ethekwini MM,Northern Wastewater Treatment Works (KZN),3/18/2024,Negative,Negative,
ENV-COV-24-0550,Gauteng,Johannesburg MM,Motsoaledi,3/20/2024,Negative,Negative,
ENV-COV-24-0551,Gauteng,Johannesburg MM,Chris Hani Baragwanath Hospital,3/20/2024,Positive,Negative,
ENV-COV-24-0552,Gauteng,Johannesburg MM,Klipsruit Yard (Before tunnel),3/20/2024,Negative,Negative,
ENV-COV-24-0553,Gauteng,Johannesburg MM,Klipspruit Veggies (After tunnel),3/20/2024,Negative,Negative,
ENV-COV-24-0554,Gauteng,Johannesburg MM,Bushkoppies Inlet,3/20/2024,Negative,Negative,
ENV-COV-24-0555,Gauteng,Johannesburg MM,Bushkoppies Final,3/20/2024,Negative,Negative,
ENV-COV-24-0556,Gauteng,Ekurhuleni MM,ERWAT Vlakplaat Wastewater Treatment Works,3/19/2024,Positive,Negative,
ENV-COV-24-0557,Gauteng,Johannesburg MM,Goudkoppies Wastewater Treatment Works,3/20/2024,Negative,Negative,
ENV-COV-24-0558,Free State,Mangaung MM,Sterkwater Wastewater Treatment Works,3/19/2024,Negative,Negative,
ENV-COV-24-0559,Free State,Mangaung MM,Bloemspruit Wastewater Treatment Works,3/19/2024,Negative,Negative,
ENV-COV-24-0560,Western Cape,Cape Town MM,Zandvleit Wastewater Treatment Works,3/19/2024,Positive,Negative,
ENV-COV-24-0561,Western Cape,Cape Town MM,Borcherds Quarry Wastewater Treatment Works,3/19/2024,Positive,Negative,
ENV-COV-24-0562,Eastern Cape,Buffalo City MM,Mdantsane Wastewater Treatment Works,3/19/2024,Positive,Negative,
ENV-COV-24-0563,Eastern Cape,Buffalo City MM,East Bank Wastewater Treatment Works,3/19/2024,Negative,Positive,
ENV-COV-24-0564,Gauteng,Tshwane MM,Rooiwal Wastewater Treatment Works,3/20/2024,Negative,Negative,
ENV-COV-24-0565,Gauteng,Tshwane MM,Daspoort Wastewater Treatment Works,3/22/2024,Negative,Negative,
ENV-COV-24-0566,Gauteng,Tshwane MM,SAPS Training College,3/22/2024,Negative,Negative,
ENV-COV-24-0567,Gauteng,Tshwane MM,Kalafong Hospital,3/22/2024,Negative,Negative,
ENV-COV-24-0568,Gauteng,Tshwane MM,Atteridgeville Train Station,3/22/2024,Negative,Negative,
ENV-COV-24-0569,Gauteng,Tshwane MM,Vergenoeg,3/22/2024,Negative,Negative,
ENV-COV-24-0570,Gauteng,Tshwane MM,Groenkloof,3/22/2024,Negative,Negative,
ENV-COV-24-0571,Gauteng,Tshwane MM,Laudium,3/22/2024,Negative,Negative,
ENV-COV-24-0572,Gauteng,Ekurhuleni MM,Midstream,3/25/2024,Negative,Negative,
ENV-COV-24-0573,Mpumalanga,Ehlanzeni DM,Kingstonvale,3/18/2024,Negative,Negative,
ENV-COV-24-0574,North West,Bojanala Platinum DM,Boitekong,3/20/2024,Negative,Negative,
ENV-COV-24-0575,North West,Bojanala Platinum DM,Rustenburg Wastewater Treatment Works,3/20/2024,Negative,Negative,
ENV-COV-24-0576,Gauteng,Ekurhuleni MM,Olifantsfontein,3/25/2024,Positive,Negative,
ENV-COV-24-0577,Gauteng,Ekurhuleni MM,Tembisa Mall,3/25/2024,Negative,Negative,
ENV-COV-24-0578,Gauteng,Ekurhuleni MM,Tembisa Hospital Downstream,3/25/2024,Positive,Negative,
ENV-COV-24-0579,Gauteng,Ekurhuleni MM,Tembisa Hospital East and West,3/25/2024,Negative,Negative,
ENV-COV-24-0580,Gauteng,Ekurhuleni MM,Moloreng,3/25/2024,Negative,Negative,
ENV-COV-24-0581,Gauteng,Ekurhuleni MM,Namane Drive,3/25/2024,Negative,Negative,
ENV-COV-24-0582,Gauteng,Ekurhuleni MM,Sasol Garage,3/25/2024,Negative,Negative,
ENV-COV-24-0583,Gauteng,Tshwane MM,Daspoort Wastewater Treatment Works,3/26/2024,Negative,Negative,
ENV-COV-24-0584,Gauteng,Tshwane MM,SAPS Training College,3/26/2024,Negative,Negative,
ENV-COV-24-0585,Gauteng,Tshwane MM,Kalafong Hospital,3/26/2024,Negative,Negative,
ENV-COV-24-0586,Gauteng,Tshwane MM,Atteridgeville Train Station,3/26/2024,Positive,Negative,
ENV-COV-24-0587,Gauteng,Tshwane MM,Laudium,3/26/2024,Negative,Negative,
ENV-COV-24-0588,Gauteng,Tshwane MM,Groenkloof,3/26/2024,Negative,Negative,
ENV-COV-24-0589,Gauteng,Johannesburg MM,Northern Wastewater Treatment Works (GP),3/26/2024,Positive,Positive,
ENV-COV-24-0590,Gauteng,Johannesburg MM,Chris Hani Baragwanath Hospital,3/27/2024,Failed,Failed,
ENV-COV-24-0591,KwaZulu-Natal,Umkhanyakude DM,Manguzi Wastewater Treatment Plant,3/19/2024,Negative,Negative,
ENV-COV-24-0592,KwaZulu-Natal,Umkhanyakude DM,Jozini Wastewater Treatment Plant,3/19/2024,Negative,Negative,
ENV-COV-24-0593,Mpumalanga,Ehlanzeni DM,Komatipoort Sewage plant,3/25/2024,Negative,Negative,
ENV-COV-24-0594,KwaZulu-Natal,Ethekwini MM,Northern Wastewater Treatment Works (KZN),3/25/2024,Negative,Negative,
ENV-COV-24-0595,KwaZulu-Natal,Ethekwini MM,Central Wastewater Treatment Works (KZN),3/25/2024,Negative,Negative,
ENV-COV-24-0596,Gauteng,Johannesburg MM,Motsoaledi,3/27/2024,Negative,Negative,
ENV-COV-24-0597,Gauteng,Johannesburg MM,Klipsruit Yard (Before tunnel),3/27/2024,Negative,Negative,
ENV-COV-24-0598,Gauteng,Johannesburg MM,Klipspruit Veggies (After tunnel),3/27/2024,Negative,Negative,
ENV-COV-24-0599,Gauteng,Johannesburg MM,Bushkoppies Inlet,3/27/2024,Negative,Negative,
ENV-COV-24-0600,Gauteng,Johannesburg MM,Bushkoppies Final,3/27/2024,Negative,Negative,
ENV-COV-24-0601,Gauteng,Johannesburg MM,Goudkoppies Wastewater Treatment Works,3/27/2024,Negative,Negative,
ENV-COV-24-0602,Mpumalanga,Ehlanzeni DM,Kingstonvale,3/25/2024,Positive,Negative,
ENV-COV-24-0603,Free State,Mangaung MM,Sterkwater Wastewater Treatment Works,3/26/2024,Positive,Negative,
ENV-COV-24-0604,Free State,Mangaung MM,Bloemspruit Wastewater Treatment Works,3/26/2024,Positive,Negative,
ENV-COV-24-0605,Eastern Cape,Buffalo City MM,Mdantsane Wastewater Treatment Works,3/26/2024,Negative,Negative,
ENV-COV-24-0606,Eastern Cape,Buffalo City MM,East Bank Wastewater Treatment Works,3/26/2024,Negative,Negative,
ENV-COV-24-0607,Limpopo,Vhembe DM,Nancefield,3/25/2024,Negative,Negative,
ENV-COV-24-0608,Limpopo,Vhembe DM,Musina WWTW (in town),3/25/2024,Negative,Negative,
ENV-COV-24-0609,Western Cape,Cape Town MM,Borcherds Quarry Wastewater Treatment Works,3/26/2024,Negative,Negative,
ENV-COV-24-0610,Western Cape,Cape Town MM,Zandvleit Wastewater Treatment Works,3/26/2024,Negative,Negative,
ENV-COV-24-0611,Gauteng,Ekurhuleni MM,Midstream,3/28/2024,Negative,Negative,
ENV-COV-24-0612,Gauteng,Ekurhuleni MM,Olifantsfontein,3/28/2024,Positive,Negative,
ENV-COV-24-0613,Gauteng,Ekurhuleni MM,Tembisa Mall,3/28/2024,Negative,Negative,
ENV-COV-24-0614,Gauteng,Ekurhuleni MM,Tembisa Hospital Downstream,3/28/2024,Negative,Negative,
ENV-COV-24-0615,Gauteng,Ekurhuleni MM,Tembisa Hospital East and West,3/28/2024,Negative,Negative,
ENV-COV-24-0616,Gauteng,Ekurhuleni MM,Moloreng,3/28/2024,Positive,Negative,
ENV-COV-24-0617,Gauteng,Ekurhuleni MM,Namane Drive,3/28/2024,Positive,Negative,
ENV-COV-24-0618,Gauteng,Ekurhuleni MM,Sasol Garage,3/28/2024,Negative,Negative,
ENV-COV-24-0619,Gauteng,Ekurhuleni MM,Hartebeesfontein Waterworks,3/26/2024,Negative,Negative,
ENV-COV-24-0620,Gauteng,Tshwane MM,Daspoort Wastewater Treatment Works,4/2/2024,Positive,Negative,
ENV-COV-24-0621,Gauteng,Tshwane MM,SAPS Training College,4/2/2024,Negative,Negative,
ENV-COV-24-0622,Gauteng,Tshwane MM,Kalafong Hospital,4/2/2024,Negative,Negative,
ENV-COV-24-0623,Gauteng,Tshwane MM,Atteridgeville Train Station,4/2/2024,Negative,Negative,
ENV-COV-24-0624,Gauteng,Tshwane MM,Laudium,4/2/2024,Negative,Negative,
ENV-COV-24-0625,Gauteng,Tshwane MM,Groenkloof,4/2/2024,Negative,Negative,
ENV-COV-24-0626,Gauteng,Johannesburg MM,Northern Wastewater Treatment Works (GP),4/2/2024,Negative,Positive,
ENV-COV-24-0628,North West,Bojanala Platinum DM,Rustenburg Wastewater Treatment Works,3/27/2024,Positive,Negative,
ENV-COV-24-0629,North West,Bojanala Platinum DM,Boitekong,3/27/2024,Positive,Negative,
ENV-COV-24-0630,Eastern Cape,Buffalo City MM,Mdantsane Wastewater Treatment Works,3/28/2024,Negative,Negative,
ENV-COV-24-0631,Gauteng,Ekurhuleni MM,Hartebeesfontein Waterworks,4/2/2024,Negative,Negative,
ENV-COV-24-0632,Gauteng,Johannesburg MM,Chris Hani Baragwanath Hospital,4/3/2024,Negative,Negative,
ENV-COV-24-0633,Gauteng,Johannesburg MM,Motsoaledi,4/3/2024,Positive,Negative,
ENV-COV-24-0634,Gauteng,Johannesburg MM,Klipsruit Yard (Before tunnel),4/3/2024,Negative,Negative,
ENV-COV-24-0635,Gauteng,Johannesburg MM,Klipspruit Veggies (After tunnel),4/3/2024,Positive,Negative,
ENV-COV-24-0636,Gauteng,Johannesburg MM,Bushkoppies Inlet,4/3/2024,Positive,Positive,
ENV-COV-24-0637,Gauteng,Johannesburg MM,Bushkoppies Final,4/3/2024,Positive,Negative,
ENV-COV-24-0638,Gauteng,Johannesburg MM,Goudkoppies Wastewater Treatment Works,4/3/2024,Positive,Positive,
ENV-COV-24-0639,Mpumalanga,Ehlanzeni DM,Komatipoort Sewage plant,4/1/2024,Negative,Negative,
ENV-COV-24-0640,KwaZulu-Natal,Ethekwini MM,Northern Wastewater Treatment Works (KZN),4/2/2024,Negative,Negative,
ENV-COV-24-0641,Western Cape,Cape Town MM,Zandvleit Wastewater Treatment Works,4/2/2024,Positive,Negative,
ENV-COV-24-0642,Free State,Mangaung MM,Bloemspruit Wastewater Treatment Works,4/2/2024,Positive,Positive,
ENV-COV-24-0643,KwaZulu-Natal,Umkhanyakude DM,Jozini Wastewater Treatment Plant,3/26/2024,Positive,Negative,
ENV-COV-24-0644,KwaZulu-Natal,Umkhanyakude DM,Manguzi Wastewater Treatment Plant,3/27/2024,Negative,Negative,
ENV-COV-24-0645,Western Cape,Cape Town MM,Borcherds Quarry Wastewater Treatment Works,4/2/2024,Negative,Negative,
ENV-COV-24-0646,Free State,Mangaung MM,Sterkwater Wastewater Treatment Works,4/2/2024,Negative,Negative,
ENV-COV-24-0647,Eastern Cape,Buffalo City MM,Mdantsane Wastewater Treatment Works,4/2/2024,Negative,Positive,
ENV-COV-24-0648,Eastern Cape,Buffalo City MM,East Bank Wastewater Treatment Works,4/2/2024,Negative,Negative,
ENV-COV-24-0649,Gauteng,Tshwane MM,Rooiwal Wastewater Treatment Works,4/3/2024,Positive,Positive,
ENV-COV-24-0650,Gauteng,Ekurhuleni MM,Midstream,4/4/2024,Negative,Negative,
ENV-COV-24-0651,Gauteng,Ekurhuleni MM,Olifantsfontein,4/4/2024,Positive,Positive,
ENV-COV-24-0652,Gauteng,Ekurhuleni MM,Tembisa Mall,4/4/2024,Negative,Negative,
ENV-COV-24-0653,Gauteng,Ekurhuleni MM,Tembisa Hospital Downstream,4/4/2024,Positive,Negative,
ENV-COV-24-0654,Gauteng,Ekurhuleni MM,Tembisa Hospital East and West,4/4/2024,Negative,Negative,
ENV-COV-24-0655,Gauteng,Ekurhuleni MM,Namane Drive,4/4/2024,Positive,Negative,
ENV-COV-24-0656,Gauteng,Ekurhuleni MM,Sasol Garage,4/4/2024,Positive,Negative,
ENV-COV-24-0657,Gauteng,Tshwane MM,Daspoort Wastewater Treatment Works,4/5/2024,Positive,Negative,
ENV-COV-24-0658,Gauteng,Tshwane MM,SAPS Training College,4/5/2024,Positive,Negative,
ENV-COV-24-0659,Gauteng,Tshwane MM,Kalafong Hospital,4/5/2024,Positive,Negative,
ENV-COV-24-0660,Gauteng,Tshwane MM,SAPS Training College,4/5/2024,Negative,Negative,
ENV-COV-24-0661,Gauteng,Tshwane MM,Kalafong Hospital,4/5/2024,Positive,Negative,
ENV-COV-24-0662,Gauteng,Tshwane MM,Atteridgeville Train Station,4/5/2024,Positive,Negative,
ENV-COV-24-0663,Gauteng,Tshwane MM,Laudium,4/5/2024,Negative,Negative,
ENV-COV-24-0664,Gauteng,Tshwane MM,Groenkloof,4/5/2024,Negative,Positive,
ENV-COV-24-0665,Eastern Cape,Buffalo City MM,Mdantsane Wastewater Treatment Works,4/4/2024,Negative,Negative,
ENV-COV-24-0666,Gauteng,Ekurhuleni MM,ERWAT Vlakplaat Wastewater Treatment Works,4/2/2024,Positive,Negative,
ENV-COV-24-0667,Gauteng,Ekurhuleni MM,Midstream,4/8/2024,Positive,Positive,
ENV-COV-24-0668,Gauteng,Ekurhuleni MM,Olifantsfontein,4/8/2024,Positive,Negative,
ENV-COV-24-0669,Gauteng,Ekurhuleni MM,Tembisa Mall,4/8/2024,Negative,Negative,
ENV-COV-24-0670,Gauteng,Ekurhuleni MM,Olifantsfontein,4/11/2024,Negative,Negative,
ENV-COV-24-0671,Gauteng,Ekurhuleni MM,Tembisa Hospital East and West,4/8/2024,Negative,Negative,
ENV-COV-24-0672,Gauteng,Ekurhuleni MM,Moloreng,4/8/2024,Positive,Positive,
ENV-COV-24-0673,Gauteng,Ekurhuleni MM,Namane Drive,4/8/2024,Negative,Negative,
ENV-COV-24-0674,Gauteng,Tshwane MM,Daspoort Wastewater Treatment Works,4/9/2024,Negative,Negative,
ENV-COV-24-0675,Gauteng,Tshwane MM,SAPS Training College,4/9/2024,Negative,Negative,
ENV-COV-24-0676,Gauteng,Tshwane MM,Kalafong Hospital,4/9/2024,Negative,Negative,
ENV-COV-24-0677,Gauteng,Tshwane MM,Atteridgeville Train Station,4/9/2024,Negative,Negative,
ENV-COV-24-0678,Gauteng,Tshwane MM,Groenkloof,4/9/2024,Negative,Negative,
ENV-COV-24-0679,Gauteng,Johannesburg MM,Northern Wastewater Treatment Works (GP),4/9/2024,Positive,Negative,
ENV-COV-24-0680,KwaZulu-Natal,Ethekwini MM,Northern Wastewater Treatment Works (KZN),4/8/2024,Positive,Negative,
ENV-COV-24-0681,KwaZulu-Natal,Ethekwini MM,Central Wastewater Treatment Works (KZN),4/8/2024,Negative,Negative,
ENV-COV-24-0682,Gauteng,Ekurhuleni MM,Hartebeesfontein Waterworks,4/9/2024,Positive,Negative,
ENV-COV-24-0683,Gauteng,Johannesburg MM,Motsoaledi,4/10/2024,Negative,Negative,
ENV-COV-24-0684,Gauteng,Johannesburg MM,Klipsruit Yard (Before tunnel),4/10/2024,Negative,Negative,
ENV-COV-24-0685,Gauteng,Johannesburg MM,Klipspruit Veggies (After tunnel),4/10/2024,Negative,Negative,
ENV-COV-24-0686,Gauteng,Johannesburg MM,Bushkoppies Inlet,4/10/2024,Positive,Negative,
ENV-COV-24-0687,Gauteng,Johannesburg MM,Bushkoppies Final,4/10/2024,Negative,Negative,
ENV-COV-24-0688,Gauteng,Johannesburg MM,Goudkoppies Wastewater Treatment Works,4/10/2024,Negative,Negative,
ENV-COV-24-0689,Gauteng,Ekurhuleni MM,ERWAT Vlakplaat Wastewater Treatment Works,4/9/2024,Negative,Negative,
ENV-COV-24-0690,Mpumalanga,Ehlanzeni DM,Komatipoort Sewage plant,4/8/2024,Negative,Negative,
ENV-COV-24-0691,Mpumalanga,Ehlanzeni DM,Kingstonvale,4/8/2024,Negative,Negative,
ENV-COV-24-0692,Free State,Mangaung MM,Bloemspruit Wastewater Treatment Works,4/9/2024,Negative,Positive,
ENV-COV-24-0693,Free State,Mangaung MM,Sterkwater Wastewater Treatment Works,4/9/2024,Negative,Positive,
ENV-COV-24-0694,Western Cape,Cape Town MM,Zandvleit Wastewater Treatment Works,4/9/2024,Positive,Negative,
ENV-COV-24-0695,Western Cape,Cape Town MM,Borcherds Quarry Wastewater Treatment Works,4/9/2024,Positive,Positive,
ENV-COV-24-0696,Eastern Cape,Buffalo City MM,East Bank Wastewater Treatment Works,4/9/2024,Negative,Negative,
ENV-COV-24-0697,Eastern Cape,Buffalo City MM,Mdantsane Wastewater Treatment Works,4/9/2024,Negative,Negative,
ENV-COV-24-0698,Gauteng,Tshwane MM,Rooiwal Wastewater Treatment Works,4/10/2024,Negative,Negative,
ENV-COV-24-0699,Gauteng,Ekurhuleni MM,Midstream,4/11/2024,Positive,Positive,
ENV-COV-24-0700,Gauteng,Ekurhuleni MM,Olifantsfontein,4/11/2024,Positive,Positive,
ENV-COV-24-0701,Gauteng,Ekurhuleni MM,Tembisa Mall,4/11/2024,Positive,Negative,
ENV-COV-24-0702,Gauteng,Tshwane MM,Daspoort Wastewater Treatment Works,4/12/2024,Positive,Negative,
ENV-COV-24-0703,Gauteng,Ekurhuleni MM,Sasol Garage,4/11/2024,Positive,Negative,
ENV-COV-24-0704,Gauteng,Ekurhuleni MM,Tembisa Hospital East and West,4/11/2024,Positive,Negative,
ENV-COV-24-0705,Gauteng,Ekurhuleni MM,Moloreng,4/11/2024,Positive,Negative,
ENV-COV-24-0706,Gauteng,Ekurhuleni MM,Namane Drive,4/11/2024,Positive,Negative,
ENV-COV-24-0707,North West,Ngaka Modiri Molema DM,Mahikeng Water Treatment Works,4/9/2024,Negative,Positive,
ENV-COV-24-0708,North West,Ngaka Modiri Molema DM,Mmabatho Water Treatment Works,4/9/2024,Positive,Negative,
ENV-COV-24-0709,Gauteng,Tshwane MM,SAPS Training College,4/12/2024,Negative,Negative,
ENV-COV-24-0710,Gauteng,Tshwane MM,Kalafong Hospital,4/12/2024,Negative,Negative,
ENV-COV-24-0711,Gauteng,Tshwane MM,Atteridgeville Train Station,4/12/2024,Negative,Negative,
ENV-COV-24-0712,Gauteng,Tshwane MM,Groenkloof,4/12/2024,Negative,Negative,
ENV-COV-24-0713,North West,Bojanala Platinum DM,Boitekong,4/10/2024,Positive,Negative,
ENV-COV-24-0714,North West,Bojanala Platinum DM,Rustenburg Wastewater Treatment Works,4/10/2024,Positive,Negative,
ENV-COV-24-0715,Eastern Cape,Buffalo City MM,Mdantsane Wastewater Treatment Works,4/11/2024,Positive,Negative,
ENV-COV-24-0716,KwaZulu-Natal,Umkhanyakude DM,Manguzi Wastewater Treatment Plant,4/10/2024,Positive,Negative,
ENV-COV-24-0717,KwaZulu-Natal,Umkhanyakude DM,Jozini Wastewater Treatment Plant,4/9/2024,Negative,Positive,
ENV-COV-24-0718,KwaZulu-Natal,Umkhanyakude DM,Jozini Wastewater Treatment Plant,4/2/2024,Positive,Positive,
ENV-COV-24-0719,Gauteng,Ekurhuleni MM,Midstream,4/15/2024,Negative,Negative,
ENV-COV-24-0720,Gauteng,Ekurhuleni MM,Olifantsfontein,4/15/2024,Positive,Positive,
ENV-COV-24-0721,Gauteng,Ekurhuleni MM,Tembisa Mall,4/15/2024,Negative,Negative,
ENV-COV-24-0722,Gauteng,Ekurhuleni MM,Tembisa Hospital East and West,4/15/2024,Negative,Negative,
ENV-COV-24-0723,Gauteng,Ekurhuleni MM,Moloreng,4/15/2024,Positive,Negative,
ENV-COV-24-0724,Gauteng,Ekurhuleni MM,Namane Drive,4/15/2024,Negative,Negative,
ENV-COV-24-0725,Gauteng,Ekurhuleni MM,Sasol Garage,4/15/2024,Positive,Negative,
ENV-COV-24-0726,Gauteng,Tshwane MM,Daspoort Wastewater Treatment Works,4/16/2024,Positive,Negative,
ENV-COV-24-0727,Gauteng,Tshwane MM,SAPS Training College,4/16/2024,Negative,Negative,
ENV-COV-24-0728,Gauteng,Tshwane MM,Kalafong Hospital,4/16/2024,Negative,Negative,
ENV-COV-24-0729,Gauteng,Tshwane MM,Atteridgeville Train Station,4/16/2024,Positive,Negative,
ENV-COV-24-0730,Gauteng,Tshwane MM,Vergenoeg,4/16/2024,Positive,Negative,
ENV-COV-24-0731,Gauteng,Tshwane MM,Groenkloof,4/16/2024,Negative,Negative,
ENV-COV-24-0732,Gauteng,Johannesburg MM,Northern Wastewater Treatment Works (GP),4/16/2024,Negative,Positive,
ENV-COV-24-0733,KwaZulu-Natal,Ethekwini MM,Central Wastewater Treatment Works (KZN),4/15/2024,Positive,Positive,
ENV-COV-24-0734,KwaZulu-Natal,Ethekwini MM,Northern Wastewater Treatment Works (KZN),4/15/2024,Positive,Negative,
ENV-COV-24-0735,Gauteng,Ekurhuleni MM,Hartebeesfontein Waterworks,4/16/2024,Positive,Positive,
ENV-COV-24-0736,Gauteng,Johannesburg MM,Motsoaledi,4/17/2024,Positive,Positive,
ENV-COV-24-0737,Gauteng,Johannesburg MM,Klipsruit Yard (Before tunnel),4/17/2024,Negative,Negative,
ENV-COV-24-0738,Gauteng,Johannesburg MM,Klipspruit Veggies (After tunnel),4/17/2024,Positive,Negative,
ENV-COV-24-0739,Gauteng,Johannesburg MM,Bushkoppies Inlet,4/17/2024,Positive,Positive,
ENV-COV-24-0740,Gauteng,Johannesburg MM,Bushkoppies Final,4/17/2024,Positive,Positive,
ENV-COV-24-0741,Gauteng,Johannesburg MM,Goudkoppies Wastewater Treatment Works,4/17/2024,Positive,Negative,
ENV-COV-24-0742,Gauteng,Ekurhuleni MM,ERWAT Vlakplaat Wastewater Treatment Works,4/16/2024,Positive,Negative,
ENV-COV-24-0743,Limpopo,Vhembe DM,Musina WWTW (in town),4/15/2024,Positive,Negative,
ENV-COV-24-0744,Limpopo,Vhembe DM,Nancefield,4/15/2024,Positive,Negative,
ENV-COV-24-0745,Mpumalanga,Ehlanzeni DM,Kingstonvale,4/15/2024,Negative,Negative,
ENV-COV-24-0746,Mpumalanga,Ehlanzeni DM,Komatipoort Sewage plant,4/15/2024,Negative,Negative,
ENV-COV-24-0747,Free State,Mangaung MM,Bloemspruit Wastewater Treatment Works,4/16/2024,Positive,Negative,
ENV-COV-24-0748,Free State,Mangaung MM,Sterkwater Wastewater Treatment Works,4/16/2024,Positive,Positive,
ENV-COV-24-0749,Western Cape,Cape Town MM,Borcherds Quarry Wastewater Treatment Works,4/16/2024,Positive,Positive,
ENV-COV-24-0750,Western Cape,Cape Town MM,Zandvleit Wastewater Treatment Works,4/16/2024,Positive,Negative,
ENV-COV-24-0751,Eastern Cape,Buffalo City MM,East Bank Wastewater Treatment Works,4/16/2024,Negative,Negative,
ENV-COV-24-0752,Eastern Cape,Buffalo City MM,Mdantsane Wastewater Treatment Works,4/16/2024,Negative,Positive,
ENV-COV-24-0753,Gauteng,Ekurhuleni MM,Midstream,4/18/2024,Negative,Positive,
ENV-COV-24-0754,Gauteng,Ekurhuleni MM,Olifantsfontein,4/18/2024,Positive,Positive,
ENV-COV-24-0755,Gauteng,Ekurhuleni MM,Tembisa Mall,4/18/2024,Failed,Failed,
ENV-COV-24-0756,Gauteng,Ekurhuleni MM,Tembisa Hospital East and West,4/18/2024,Negative,Negative,
ENV-COV-24-0757,Gauteng,Ekurhuleni MM,Moloreng,4/18/2024,Negative,Negative,
ENV-COV-24-0758,Gauteng,Ekurhuleni MM,Namane Drive,4/18/2024,Positive,Positive,
ENV-COV-24-0759,Gauteng,Ekurhuleni MM,Sasol Garage,4/18/2024,Positive,Negative,
ENV-COV-24-0760,Gauteng,Tshwane MM,Daspoort Wastewater Treatment Works,4/19/2024,Positive,Positive,
ENV-COV-24-0761,North West,Ngaka Modiri Molema DM,Mmabatho Water Treatment Works,4/16/2024,Positive,Negative,
ENV-COV-24-0762,North West,Ngaka Modiri Molema DM,Mahikeng Water Treatment Works,4/16/2024,Positive,Negative,
ENV-COV-24-0763,North West,Bojanala Platinum DM,Rustenburg Wastewater Treatment Works,4/17/2024,Positive,Negative,
ENV-COV-24-0764,North West,Bojanala Platinum DM,Boitekong,4/17/2024,Positive,Negative,
ENV-COV-24-0765,Gauteng,Tshwane MM,SAPS Training College,4/19/2024,Negative,Negative,
ENV-COV-24-0766,Gauteng,Tshwane MM,Kalafong Hospital,4/19/2024,Negative,Negative,
ENV-COV-24-0767,Gauteng,Tshwane MM,Atteridgeville Train Station,4/19/2024,Negative,Negative,
ENV-COV-24-0768,Gauteng,Tshwane MM,Vergenoeg,4/19/2024,Negative,Negative,
ENV-COV-24-0769,Gauteng,Tshwane MM,Groenkloof,4/19/2024,Negative,Negative,
ENV-COV-24-0770,Eastern Cape,Nelson Mandela Bay MM,Brickfield Pre-treatment Works,4/15/2024,Positive,Positive,
ENV-COV-24-0771,KwaZulu-Natal,Umkhanyakude DM,Manguzi Wastewater Treatment Plant,4/17/2024,Negative,Negative,
ENV-COV-24-0772,KwaZulu-Natal,Umkhanyakude DM,Jozini Wastewater Treatment Plant,4/16/2024,Positive,Negative,
ENV-COV-24-0773,Northern Cape,Frances Baard DM,Homevale Kimberley,4/17/2024,Positive,Positive,
ENV-COV-24-0774,Eastern Cape,Buffalo City MM,Mdantsane Wastewater Treatment Works,4/18/2024,Negative,Negative,
ENV-COV-24-0775,Gauteng,Ekurhuleni MM,Midstream,4/22/2024,Positive,Negative,
ENV-COV-24-0776,Gauteng,Ekurhuleni MM,Olifantsfontein,4/22/2024,Positive,Positive,
ENV-COV-24-0777,Gauteng,Ekurhuleni MM,Tembisa Mall,4/22/2024,Negative,Negative,
ENV-COV-24-0778,Gauteng,Ekurhuleni MM,Tembisa Hospital East and West,4/22/2024,Positive,Negative,
ENV-COV-24-0779,Gauteng,Ekurhuleni MM,Moloreng,4/22/2024,Positive,Negative,
ENV-COV-24-0780,Gauteng,Ekurhuleni MM,Namane Drive,4/22/2024,Positive,Negative,
ENV-COV-24-0781,Gauteng,Ekurhuleni MM,Sasol Garage,4/22/2024,Positive,Negative,
ENV-COV-24-0782,KwaZulu-Natal,Ethekwini MM,Central Wastewater Treatment Works (KZN),4/22/2024,Positive,Negative,
ENV-COV-24-0783,Gauteng,Tshwane MM,Rooiwal Wastewater Treatment Works,4/17/2024,Positive,Negative,
ENV-COV-24-0784,Gauteng,Tshwane MM,Daspoort Wastewater Treatment Works,4/23/2024,Negative,Negative,
ENV-COV-24-0785,Gauteng,Tshwane MM,SAPS Training College,4/23/2024,Negative,Negative,
ENV-COV-24-0786,Gauteng,Tshwane MM,Kalafong Hospital,4/23/2024,Negative,Positive,
ENV-COV-24-0787,Gauteng,Tshwane MM,Atteridgeville Train Station,4/23/2024,Negative,Negative,
ENV-COV-24-0788,Gauteng,Tshwane MM,Vergenoeg,4/23/2024,Negative,Negative,
ENV-COV-24-0789,Gauteng,Tshwane MM,Groenkloof,4/23/2024,Negative,Negative,
ENV-COV-24-0790,Gauteng,Johannesburg MM,Northern Wastewater Treatment Works (GP),4/23/2024,Negative,Positive,
ENV-COV-24-0791,Gauteng,Ekurhuleni MM,ERWAT Vlakplaat Wastewater Treatment Works,4/23/2024,Positive,Negative,
ENV-COV-24-0792,Gauteng,Johannesburg MM,Motsoaledi,4/24/2024,Negative,Negative,
ENV-COV-24-0793,KwaZulu-Natal,Ethekwini MM,Northern Wastewater Treatment Works (KZN),4/22/2024,Negative,Negative,
ENV-COV-24-0794,Mpumalanga,Ehlanzeni DM,Komatipoort Sewage plant,4/22/2024,Negative,Negative,
ENV-COV-24-0795,Gauteng,Johannesburg MM,Klipsruit Yard (Before tunnel),4/24/2024,Negative,Negative,
ENV-COV-24-0796,Gauteng,Johannesburg MM,Klipspruit Veggies (After tunnel),4/24/2024,Negative,Positive,
ENV-COV-24-0797,Gauteng,Johannesburg MM,Bushkoppies Inlet,4/24/2024,Negative,Positive,
ENV-COV-24-0798,Gauteng,Johannesburg MM,Bushkoppies Final,4/24/2024,Positive,Positive,
ENV-COV-24-0799,Gauteng,Johannesburg MM,Goudkoppies Wastewater Treatment Works,4/24/2024,Positive,Negative,
ENV-COV-24-0800,Mpumalanga,Ehlanzeni DM,Kingstonvale,4/22/2024,Positive,Negative,
ENV-COV-24-0801,Limpopo,Vhembe DM,Nancefield,4/22/2024,Negative,Negative,
ENV-COV-24-0802,Limpopo,Vhembe DM,Musina WWTW (in town),4/22/2024,Positive,Negative,
ENV-COV-24-0803,Free State,Mangaung MM,Bloemspruit Wastewater Treatment Works,4/23/2024,Negative,Negative,
ENV-COV-24-0804,Free State,Mangaung MM,Sterkwater Wastewater Treatment Works,4/23/2024,Positive,Positive,
ENV-COV-24-0805,Eastern Cape,Buffalo City MM,East Bank Wastewater Treatment Works,4/23/2024,Positive,Negative,
ENV-COV-24-0806,Eastern Cape,Buffalo City MM,Mdantsane Wastewater Treatment Works,4/23/2024,Negative,Positive,
ENV-COV-24-0807,Gauteng,Tshwane MM,Rooiwal Wastewater Treatment Works,4/24/2024,Positive,Negative,
ENV-COV-24-0808,Western Cape,Cape Town MM,Borcherds Quarry Wastewater Treatment Works,4/23/2024,Positive,Positive,
ENV-COV-24-0809,Western Cape,Cape Town MM,Zandvleit Wastewater Treatment Works,4/23/2024,Positive,Negative,
ENV-COV-24-0810,Gauteng,Ekurhuleni MM,Olifantsfontein,4/25/2024,Positive,Negative,
ENV-COV-24-0811,Gauteng,Ekurhuleni MM,Midstream,4/25/2024,Positive,Negative,
ENV-COV-24-0812,Gauteng,Ekurhuleni MM,Tembisa Mall,4/25/2024,Negative,Negative,
ENV-COV-24-0813,Gauteng,Ekurhuleni MM,Tembisa Hospital East and West,4/25/2024,Negative,Negative,
ENV-COV-24-0814,Gauteng,Ekurhuleni MM,Moloreng,4/25/2024,Positive,Negative,
ENV-COV-24-0815,Gauteng,Ekurhuleni MM,Namane Drive,4/25/2024,Positive,Negative,
ENV-COV-24-0816,Gauteng,Ekurhuleni MM,Sasol Garage,4/25/2024,Positive,Negative,
ENV-COV-24-0817,Gauteng,Tshwane MM,Daspoort Wastewater Treatment Works,4/26/2024,,,
ENV-COV-24-0818,North West,Bojanala Platinum DM,Rustenburg Wastewater Treatment Works,4/24/2024,Negative,Positive,
ENV-COV-24-0819,Northern Cape,Frances Baard DM,Homevale Kimberley,4/24/2024,Positive,Negative,
ENV-COV-24-0820,North West,Ngaka Modiri Molema DM,Mahikeng Water Treatment Works,4/23/2024,Negative,Negative,
ENV-COV-24-0821,North West,Ngaka Modiri Molema DM,Mmabatho Water Treatment Works,4/23/2024,Negative,Negative,
ENV-COV-24-0822,Gauteng,Tshwane MM,SAPS Training College,4/26/2024,Positive,Negative,
ENV-COV-24-0823,Gauteng,Tshwane MM,Kalafong Hospital,4/26/2024,Positive,Negative,
ENV-COV-24-0824,Gauteng,Tshwane MM,Atteridgeville Train Station,4/26/2024,Positive,Negative,
ENV-COV-24-0825,Gauteng,Tshwane MM,Vergenoeg,4/26/2024,Positive,Negative,
ENV-COV-24-0826,Gauteng,Tshwane MM,Groenkloof,4/26/2024,Positive,Negative,
ENV-COV-24-0827,KwaZulu-Natal,Umkhanyakude DM,Manguzi Wastewater Treatment Plant,4/24/2024,Positive,Negative,
ENV-COV-24-0828,North West,Bojanala Platinum DM,Boitekong,4/24/2024,Negative,Negative,
ENV-COV-24-0829,KwaZulu-Natal,Umkhanyakude DM,Jozini Wastewater Treatment Plant,4/23/2024,Positive,Negative,
ENV-COV-24-0830,Eastern Cape,Buffalo City MM,Mdantsane Wastewater Treatment Works,4/25/2024,Positive,Negative,
ENV-COV-24-0831,Gauteng,Ekurhuleni MM,Midstream,4/29/2024,Positive,Negative,
ENV-COV-24-0832,Gauteng,Ekurhuleni MM,Olifantsfontein,4/29/2024,Negative,Negative,
ENV-COV-24-0833,Gauteng,Ekurhuleni MM,Tembisa Mall,4/29/2024,Positive,Negative,
ENV-COV-24-0834,Gauteng,Ekurhuleni MM,Tembisa Hospital East and West,4/29/2024,Positive,Negative,
ENV-COV-24-0835,Gauteng,Ekurhuleni MM,Moloreng,4/29/2024,Positive,Negative,
ENV-COV-24-0836,Gauteng,Ekurhuleni MM,Namane Drive,4/29/2024,Positive,Negative,
ENV-COV-24-0837,Gauteng,Ekurhuleni MM,Sasol Garage,4/29/2024,Positive,Negative,
ENV-COV-24-0838,Gauteng,Ekurhuleni MM,ERWAT Vlakplaat Wastewater Treatment Works,4/23/2024,,,
ENV-COV-24-0839,Gauteng,Tshwane MM,Daspoort Wastewater Treatment Works,4/30/2024,Positive,Negative,
ENV-COV-24-0840,Gauteng,Tshwane MM,SAPS Training College,4/30/2024,Positive,Negative,
ENV-COV-24-0841,Gauteng,Tshwane MM,Kalafong Hospital,4/30/2024,Positive,Negative,
ENV-COV-24-0842,Gauteng,Tshwane MM,Atteridgeville Train Station,4/30/2024,Positive,Negative,
ENV-COV-24-0843,Gauteng,Tshwane MM,Vergenoeg,4/30/2024,Negative,Negative,
ENV-COV-24-0844,Gauteng,Tshwane MM,Laudium,4/30/2024,Positive,Negative,
ENV-COV-24-0845,Gauteng,Tshwane MM,Groenkloof,4/30/2024,Negative,Negative,
ENV-COV-24-0846,Gauteng,Johannesburg MM,Northern Wastewater Treatment Works (GP),4/30/2024,Negative,Positive,
ENV-COV-24-0847,Gauteng,Ekurhuleni MM,Hartebeesfontein Waterworks,4/30/2024,Negative,Positive,
ENV-COV-24-0848,Gauteng,Ekurhuleni MM,ERWAT Vlakplaat Wastewater Treatment Works,4/30/2024,Positive,Negative,
ENV-COV-24-0849,KwaZulu-Natal,Ethekwini MM,Central Wastewater Treatment Works (KZN),4/28/2024,Positive,Negative,
ENV-COV-24-0850,KwaZulu-Natal,Ethekwini MM,Northern Wastewater Treatment Works (KZN),4/28/2024,Positive,Positive,
ENV-COV-24-0851,Mpumalanga,Ehlanzeni DM,Komatipoort Sewage plant,4/29/2024,Positive,Negative,
ENV-COV-24-0852,Gauteng,Ekurhuleni MM,Midstream,5/2/2024,Positive,Negative,
ENV-COV-24-0853,Gauteng,Ekurhuleni MM,Olifantsfontein,5/2/2024,Positive,Negative,
ENV-COV-24-0854,Gauteng,Ekurhuleni MM,Tembisa Mall,5/2/2024,Positive,Negative,
ENV-COV-24-0855,Gauteng,Ekurhuleni MM,Tembisa Hospital Downstream,5/2/2024,Negative,Positive,
ENV-COV-24-0856,Gauteng,Ekurhuleni MM,Tembisa Hospital East and West,5/2/2024,Positive,Negative,
ENV-COV-24-0857,Gauteng,Ekurhuleni MM,Moloreng,5/2/2024,Negative,Negative,
ENV-COV-24-0858,Gauteng,Ekurhuleni MM,Namane Drive,5/2/2024,Positive,Negative,
ENV-COV-24-0859,Gauteng,Ekurhuleni MM,Sasol Garage,5/2/2024,Positive,Negative,
ENV-COV-24-0860,Free State,Mangaung MM,Bloemspruit Wastewater Treatment Works,4/30/2024,Negative,Negative,
ENV-COV-24-0861,Free State,Mangaung MM,Sterkwater Wastewater Treatment Works,4/30/2024,Positive,Negative,
ENV-COV-24-0862,Mpumalanga,Ehlanzeni DM,Kingstonvale,5/2/2024,Positive,Negative,
ENV-COV-24-0863,Eastern Cape,Buffalo City MM,Mdantsane Wastewater Treatment Works,5/2/2024,Positive,Negative,
ENV-COV-24-0864,Eastern Cape,Buffalo City MM,East Bank Wastewater Treatment Works,5/2/2024,Negative,Negative,
ENV-COV-24-0865,Gauteng,Tshwane MM,Daspoort Wastewater Treatment Works,5/3/2024,Positive,Negative,
ENV-COV-24-0866,Gauteng,Tshwane MM,SAPS Training College,5/3/2024,Negative,Negative,
ENV-COV-24-0867,Gauteng,Tshwane MM,Kalafong Hospital,5/3/2024,Negative,Negative,
ENV-COV-24-0868,Gauteng,Tshwane MM,Atteridgeville Train Station,5/3/2024,Negative,Negative,
ENV-COV-24-0869,Gauteng,Tshwane MM,Vergenoeg,5/3/2024,Positive,Positive,
ENV-COV-24-0870,Gauteng,Tshwane MM,Laudium,5/3/2024,Negative,Negative,
ENV-COV-24-0871,Gauteng,Tshwane MM,Groenkloof,5/3/2024,Negative,Negative,
ENV-COV-24-0872,North West,Ngaka Modiri Molema DM,Mmabatho Water Treatment Works,4/30/2024,Negative,Positive,
ENV-COV-24-0873,North West,Ngaka Modiri Molema DM,Mahikeng Water Treatment Works,4/30/2024,Positive,Positive,
ENV-COV-24-0874,Western Cape,Cape Town MM,Borcherds Quarry Wastewater Treatment Works,4/30/2024,Positive,Positive,
ENV-COV-24-0875,Western Cape,Cape Town MM,Zandvleit Wastewater Treatment Works,4/30/2024,Negative,Negative,
ENV-COV-24-0876,North West,Bojanala Platinum DM,Rustenburg Wastewater Treatment Works,5/2/2024,Negative,Negative,
ENV-COV-24-0877,Northern Cape,Frances Baard DM,Homevale Kimberley,5/2/2024,Positive,Positive,
ENV-COV-24-0878,KwaZulu-Natal,Umkhanyakude DM,Jozini Wastewater Treatment Plant,4/29/2024,Negative,Positive,
ENV-COV-24-0879,KwaZulu-Natal,Umkhanyakude DM,Manguzi Wastewater Treatment Plant,4/29/2024,Negative,Negative,
ENV-COV-24-0880,Gauteng,Ekurhuleni MM,Olifantsfontein,5/6/2024,Positive,Negative,
ENV-COV-24-0881,Gauteng,Ekurhuleni MM,Midstream,5/6/2024,Negative,Negative,
ENV-COV-24-0882,Gauteng,Ekurhuleni MM,Tembisa Mall,5/6/2024,Negative,Negative,
ENV-COV-24-0883,Gauteng,Ekurhuleni MM,Tembisa Hospital Downstream,5/6/2024,Negative,Negative,
ENV-COV-24-0884,Gauteng,Ekurhuleni MM,Tembisa Hospital East and West,5/6/2024,Negative,Negative,
ENV-COV-24-0885,Gauteng,Ekurhuleni MM,Moloreng,5/6/2024,Negative,Negative,
ENV-COV-24-0886,Gauteng,Ekurhuleni MM,Namane Drive,5/6/2024,Negative,Negative,
ENV-COV-24-0887,Gauteng,Ekurhuleni MM,Sasol Garage,5/6/2024,Positive,Negative,
ENV-COV-24-0888,Limpopo,Vhembe DM,Nancefield,5/2/2024,Negative,Negative,
ENV-COV-24-0889,Limpopo,Vhembe DM,Musina WWTW (in town),5/2/2024,Negative,Negative,
ENV-COV-24-0890,Eastern Cape,Buffalo City MM,Mdantsane Wastewater Treatment Works,5/2/2024,Negative,Negative,
ENV-COV-24-0891,Gauteng,Tshwane MM,Daspoort Wastewater Treatment Works,5/7/2024,Positive,Negative,
ENV-COV-24-0892,Gauteng,Tshwane MM,SAPS Training College,5/7/2024,Negative,Negative,
ENV-COV-24-0893,Gauteng,Tshwane MM,Kalafong Hospital,5/7/2024,Negative,Negative,
ENV-COV-24-0894,Gauteng,Tshwane MM,Atteridgeville Train Station,5/7/2024,Negative,Negative,
ENV-COV-24-0895,Gauteng,Tshwane MM,Vergenoeg,5/7/2024,Negative,Negative,
ENV-COV-24-0896,Gauteng,Tshwane MM,Laudium,5/7/2024,Negative,Negative,
ENV-COV-24-0897,Gauteng,Tshwane MM,Groenkloof,5/7/2024,Negative,Negative,
ENV-COV-24-0898,Gauteng,Johannesburg MM,Goudkoppies Wastewater Treatment Works,5/8/2024,Positive,Negative,
ENV-COV-24-0899,Gauteng,Ekurhuleni MM,ERWAT Vlakplaat Wastewater Treatment Works,5/7/2024,Negative,Negative,
ENV-COV-24-0900,KwaZulu-Natal,Ethekwini MM,Northern Wastewater Treatment Works (KZN),5/6/2024,Negative,Negative,
ENV-COV-24-0901,Gauteng,Johannesburg MM,Northern Wastewater Treatment Works (GP),5/7/2024,Negative,Negative,
ENV-COV-24-0902,Gauteng,Johannesburg MM,Motsoaledi,5/8/2024,Negative,Negative,
ENV-COV-24-0903,Gauteng,Johannesburg MM,Klipsruit Yard (Before tunnel),5/8/2024,Negative,Negative,
ENV-COV-24-0904,Gauteng,Johannesburg MM,Klipspruit Veggies (After tunnel),5/8/2024,Negative,Negative,
ENV-COV-24-0905,Gauteng,Johannesburg MM,Bushkoppies Inlet,5/8/2024,Positive,Positive,
ENV-COV-24-0906,Gauteng,Johannesburg MM,Bushkoppies Final,5/8/2024,Negative,Negative,
ENV-COV-24-0907,Limpopo,Vhembe DM,Musina WWTW (in town),5/6/2024,Negative,Negative,
ENV-COV-24-0908,Limpopo,Vhembe DM,Nancefield,5/6/2024,Negative,Negative,
ENV-COV-24-0909,Mpumalanga,Ehlanzeni DM,Komatipoort Sewage plant,5/6/2024,Negative,Negative,
ENV-COV-24-0910,Free State,Mangaung MM,Sterkwater Wastewater Treatment Works,5/7/2024,Positive,Negative,
ENV-COV-24-0911,Eastern Cape,Buffalo City MM,Mdantsane Wastewater Treatment Works,5/7/2024,Negative,Negative,
ENV-COV-24-0912,Eastern Cape,Buffalo City MM,East Bank Wastewater Treatment Works,5/7/2024,Negative,Negative,
ENV-COV-24-0913,Mpumalanga,Ehlanzeni DM,Kingstonvale,5/6/2024,Positive,Positive,
ENV-COV-24-0914,Free State,Mangaung MM,Bloemspruit Wastewater Treatment Works,5/7/2024,Negative,Negative,
ENV-COV-24-0915,Western Cape,Cape Town MM,Borcherds Quarry Wastewater Treatment Works,5/7/2024,Negative,Positive,
ENV-COV-24-0916,Western Cape,Cape Town MM,Zandvleit Wastewater Treatment Works,5/7/2024,Positive,Negative,
ENV-COV-24-0917,Gauteng,Ekurhuleni MM,Olifantsfontein,5/9/2024,Positive,Negative,
ENV-COV-24-0918,Gauteng,Ekurhuleni MM,Midstream,5/9/2024,Positive,Negative,
ENV-COV-24-0919,Gauteng,Ekurhuleni MM,Tembisa Mall,5/9/2024,Positive,Negative,
ENV-COV-24-0920,Gauteng,Ekurhuleni MM,Tembisa Hospital Downstream,5/9/2024,Negative,Negative,
ENV-COV-24-0921,Gauteng,Ekurhuleni MM,Tembisa Hospital East and West,5/9/2024,Negative,Negative,
ENV-COV-24-0922,Gauteng,Ekurhuleni MM,Namane Drive,5/9/2024,Positive,Negative,
ENV-COV-24-0923,Gauteng,Ekurhuleni MM,Moloreng,5/9/2024,Negative,Negative,
ENV-COV-24-0924,Gauteng,Ekurhuleni MM,Sasol Garage,5/9/2024,Negative,Negative,
ENV-COV-24-0925,North West,Ngaka Modiri Molema DM,Mahikeng Water Treatment Works,5/7/2024,Positive,Negative,
ENV-COV-24-0926,North West,Ngaka Modiri Molema DM,Mmabatho Water Treatment Works,5/7/2024,Negative,Negative,
ENV-COV-24-0927,North West,Bojanala Platinum DM,Rustenburg Wastewater Treatment Works,5/8/2024,Negative,Negative,
ENV-COV-24-0928,Gauteng,Ekurhuleni MM,Hartebeesfontein Waterworks,5/7/2024,Negative,Negative,
ENV-COV-24-0929,Gauteng,Tshwane MM,Daspoort Wastewater Treatment Works,5/10/2024,Negative,Negative,
ENV-COV-24-0930,Gauteng,Tshwane MM,SAPS Training College,5/10/2024,Negative,Negative,
ENV-COV-24-0931,Gauteng,Tshwane MM,Kalafong Hospital,5/10/2024,Negative,Negative,
ENV-COV-24-0932,Gauteng,Tshwane MM,Atteridgeville Train Station,5/10/2024,Negative,Negative,
ENV-COV-24-0933,Gauteng,Tshwane MM,Vergenoeg,5/10/2024,Positive,Negative,
ENV-COV-24-0934,Gauteng,Tshwane MM,Laudium,5/10/2024,Negative,Negative,
ENV-COV-24-0935,Gauteng,Tshwane MM,Groenkloof,5/10/2024,Negative,Negative,
ENV-COV-24-0936,KwaZulu-Natal,Umkhanyakude DM,Manguzi Wastewater Treatment Plant,5/8/2024,Positive,Negative,
ENV-COV-24-0937,Northern Cape,Frances Baard DM,Homevale Kimberley,5/9/2024,Negative,Positive,
ENV-COV-24-0938,KwaZulu-Natal,Umkhanyakude DM,Jozini Wastewater Treatment Plant,5/7/2024,Negative,Negative,
ENV-COV-24-0939,Eastern Cape,Buffalo City MM,Mdantsane Wastewater Treatment Works,5/9/2024,Negative,Negative,
ENV-COV-24-0940,Gauteng,Ekurhuleni MM,Midstream,5/13/2024,Negative,Negative,
ENV-COV-24-0941,Gauteng,Ekurhuleni MM,Olifantsfontein,5/13/2024,Negative,Positive,
ENV-COV-24-0942,Gauteng,Ekurhuleni MM,Tembisa Mall,5/13/2024,Negative,Negative,
ENV-COV-24-0943,Gauteng,Ekurhuleni MM,Tembisa Hospital Downstream,5/13/2024,Positive,Negative,
ENV-COV-24-0944,Gauteng,Ekurhuleni MM,Tembisa Hospital East and West,5/13/2024,Positive,Negative,
ENV-COV-24-0945,Gauteng,Ekurhuleni MM,Namane Drive,5/13/2024,Negative,Negative,
ENV-COV-24-0946,Gauteng,Ekurhuleni MM,Moloreng,5/13/2024,Negative,Negative,
ENV-COV-24-0947,Gauteng,Ekurhuleni MM,Sasol Garage,5/13/2024,Positive,Negative,
ENV-COV-24-0948,Gauteng,Tshwane MM,Rooiwal Wastewater Treatment Works,5/8/2024,Positive,Positive,
ENV-COV-24-0949,Gauteng,Tshwane MM,Daspoort Wastewater Treatment Works,5/14/2024,Negative,Negative,
ENV-COV-24-0950,Gauteng,Tshwane MM,SAPS Training College,5/14/2024,Negative,Negative,
ENV-COV-24-0951,Gauteng,Tshwane MM,Kalafong Hospital,5/14/2024,Negative,Negative,
ENV-COV-24-0952,Gauteng,Tshwane MM,Atteridgeville Train Station,5/14/2024,Negative,Negative,
ENV-COV-24-0953,Gauteng,Tshwane MM,Vergenoeg,5/14/2024,Positive,Negative,
ENV-COV-24-0954,Gauteng,Tshwane MM,Laudium,5/14/2024,Negative,Negative,
ENV-COV-24-0955,Gauteng,Tshwane MM,Groenkloof,5/14/2024,Negative,Negative,
ENV-COV-24-0956,Gauteng,Johannesburg MM,Northern Wastewater Treatment Works (GP),5/14/2024,Negative,Positive,
ENV-COV-24-0957,Mpumalanga,Ehlanzeni DM,Komatipoort Sewage plant,5/13/2024,Positive,Negative,
ENV-COV-24-0958,KwaZulu-Natal,Ethekwini MM,Northern Wastewater Treatment Works (KZN),5/12/2024,Negative,Negative,
ENV-COV-24-0959,KwaZulu-Natal,Ethekwini MM,Central Wastewater Treatment Works (KZN),5/13/2024,Failed,Failed,
ENV-COV-24-0960,Gauteng,Johannesburg MM,Motsoaledi,5/15/2024,Negative,Negative,
ENV-COV-24-0961,Gauteng,Johannesburg MM,Klipsruit Yard (Before tunnel),5/15/2024,Negative,Negative,
ENV-COV-24-0962,Gauteng,Johannesburg MM,Klipspruit Veggies (After tunnel),5/15/2024,Negative,Negative,
ENV-COV-24-0963,Gauteng,Johannesburg MM,Bushkoppies Final,5/15/2024,Positive,Positive,
ENV-COV-24-0964,Gauteng,Johannesburg MM,Bushkoppies Inlet,5/15/2024,Negative,Positive,
ENV-COV-24-0965,Mpumalanga,Ehlanzeni DM,Kingstonvale,5/13/2024,Negative,Negative,
ENV-COV-24-0966,Western Cape,Cape Town MM,Borcherds Quarry Wastewater Treatment Works,5/14/2024,Positive,Positive,
ENV-COV-24-0967,Gauteng,Ekurhuleni MM,Hartebeesfontein Waterworks,5/14/2024,Positive,Negative,
ENV-COV-24-0968,Limpopo,Vhembe DM,Musina WWTW (in town),5/13/2024,Positive,Negative,
ENV-COV-24-0969,Limpopo,Vhembe DM,Nancefield,5/13/2024,Positive,Negative,
ENV-COV-24-0970,Free State,Mangaung MM,Bloemspruit Wastewater Treatment Works,5/14/2024,Positive,Negative,
ENV-COV-24-0971,Free State,Mangaung MM,Sterkwater Wastewater Treatment Works,5/14/2024,Positive,Positive,
ENV-COV-24-0972,Eastern Cape,Buffalo City MM,Mdantsane Wastewater Treatment Works,5/14/2024,Positive,Negative,
ENV-COV-24-0973,Eastern Cape,Buffalo City MM,East Bank Wastewater Treatment Works,5/14/2024,Negative,Negative,
ENV-COV-24-0974,Western Cape,Cape Town MM,Zandvleit Wastewater Treatment Works,5/14/2024,Positive,Negative,
ENV-COV-24-0975,Gauteng,Ekurhuleni MM,ERWAT Vlakplaat Wastewater Treatment Works,5/14/2024,Negative,Negative,
ENV-COV-24-0976,Gauteng,Ekurhuleni MM,Midstream,5/16/2024,Positive,Negative,
ENV-COV-24-0977,Gauteng,Ekurhuleni MM,Olifantsfontein,5/16/2024,Positive,Negative,
ENV-COV-24-0978,Gauteng,Ekurhuleni MM,Tembisa Mall,5/16/2024,Negative,Negative,
ENV-COV-24-0979,Gauteng,Ekurhuleni MM,Tembisa Hospital Downstream,5/16/2024,Negative,Negative,
ENV-COV-24-0980,Gauteng,Ekurhuleni MM,Tembisa Hospital East and West,5/16/2024,Positive,Negative,
ENV-COV-24-0981,Gauteng,Ekurhuleni MM,Namane Drive,5/16/2024,Negative,Negative,
ENV-COV-24-0982,Gauteng,Ekurhuleni MM,Moloreng,5/16/2024,Positive,Negative,
ENV-COV-24-0983,Gauteng,Ekurhuleni MM,Sasol Garage,5/16/2024,Negative,Negative,
ENV-COV-24-0984,Northern Cape,Frances Baard DM,Homevale Kimberley,5/8/2024,Positive,Negative,
ENV-COV-24-0985,Eastern Cape,Nelson Mandela Bay MM,Brickfield Pre-treatment Works,5/15/2024,Positive,Negative,
ENV-COV-24-0986,North West,Ngaka Modiri Molema DM,Mahikeng Water Treatment Works,5/14/2024,Negative,Negative,
ENV-COV-24-0987,North West,Ngaka Modiri Molema DM,Mmabatho Water Treatment Works,5/14/2024,Negative,Negative,
ENV-COV-24-0988,North West,Bojanala Platinum DM,Rustenburg Wastewater Treatment Works,5/8/2024,Negative,Negative,
ENV-COV-24-0989,North West,Bojanala Platinum DM,Boitekong,5/15/2024,Negative,Negative,
ENV-COV-24-0990,Gauteng,Tshwane MM,Rooiwal Wastewater Treatment Works,5/15/2024,Positive,Positive,
ENV-COV-24-0991,Gauteng,Johannesburg MM,Goudkoppies Wastewater Treatment Works,5/17/2024,Negative,Negative,
ENV-COV-24-0992,Gauteng,Tshwane MM,Daspoort Wastewater Treatment Works,5/17/2024,Positive,Negative,
ENV-COV-24-0993,Gauteng,Tshwane MM,SAPS Training College,5/17/2024,Negative,Negative,
ENV-COV-24-0994,Gauteng,Tshwane MM,Kalafong Hospital,5/17/2024,Negative,Negative,
ENV-COV-24-0995,Gauteng,Tshwane MM,Atteridgeville Train Station,5/17/2024,Negative,Negative,
ENV-COV-24-0996,Gauteng,Tshwane MM,Vergenoeg,5/17/2024,Negative,Negative,
ENV-COV-24-0997,Gauteng,Tshwane MM,Laudium,5/17/2024,Negative,Negative,
ENV-COV-24-0998,Gauteng,Tshwane MM,Groenkloof,5/17/2024,Negative,Negative,
ENV-COV-24-0999,KwaZulu-Natal,Umkhanyakude DM,Jozini Wastewater Treatment Plant,5/14/2024,Negative,Negative,
ENV-COV-24-1000,KwaZulu-Natal,Umkhanyakude DM,Manguzi Wastewater Treatment Plant,5/15/2024,Negative,Negative,
ENV-COV-24-1001,Eastern Cape,Buffalo City MM,Mdantsane Wastewater Treatment Works,5/16/2024,Positive,Negative,
ENV-COV-24-1002,Gauteng,Ekurhuleni MM,Midstream,5/20/2024,Negative,Positive,
ENV-COV-24-1003,Gauteng,Ekurhuleni MM,Olifantsfontein,5/20/2024,Positive,Negative,
ENV-COV-24-1004,Gauteng,Ekurhuleni MM,Tembisa Mall,5/20/2024,Negative,Negative,
ENV-COV-24-1005,Gauteng,Ekurhuleni MM,Tembisa Hospital Downstream,5/20/2024,Negative,Negative,
ENV-COV-24-1006,Gauteng,Ekurhuleni MM,Tembisa Hospital East and West,5/20/2024,Negative,Negative,
ENV-COV-24-1007,Gauteng,Johannesburg MM,Motsoaledi,5/20/2024,Positive,Negative,
ENV-COV-24-1008,Gauteng,Ekurhuleni MM,Namane Drive,5/20/2024,Positive,Negative,
ENV-COV-24-1009,Gauteng,Ekurhuleni MM,Sasol Garage,5/20/2024,Negative,Negative,
ENV-COV-24-1010,KwaZulu-Natal,Ethekwini MM,Central Wastewater Treatment Works (KZN),5/20/2024,Negative,Negative,
ENV-COV-24-1011,KwaZulu-Natal,Ethekwini MM,Northern Wastewater Treatment Works (KZN),5/20/2024,Negative,Negative,
ENV-COV-24-1012,Mpumalanga,Ehlanzeni DM,Komatipoort Sewage plant,5/20/2024,Negative,Negative,
ENV-COV-24-1013,Gauteng,Johannesburg MM,Northern Wastewater Treatment Works (GP),5/21/2024,Positive,Negative,
ENV-COV-24-1014,Gauteng,Tshwane MM,Daspoort Wastewater Treatment Works,5/21/2024,Positive,Negative,
ENV-COV-24-1015,Gauteng,Tshwane MM,SAPS Training College,5/21/2024,Negative,Negative,
ENV-COV-24-1016,Gauteng,Tshwane MM,Atteridgeville Train Station,5/21/2024,Negative,Negative,
ENV-COV-24-1017,Gauteng,Tshwane MM,Kalafong Hospital,5/21/2024,Negative,Negative,
ENV-COV-24-1018,Gauteng,Tshwane MM,Vergenoeg,5/21/2024,Positive,Negative,
ENV-COV-24-1019,Gauteng,Tshwane MM,Laudium,5/21/2024,Negative,Negative,
ENV-COV-24-1020,Gauteng,Tshwane MM,Groenkloof,5/21/2024,Negative,Negative,
ENV-COV-24-1021,Gauteng,Ekurhuleni MM,Hartebeesfontein Waterworks,5/21/2024,Failed,Failed,
ENV-COV-24-1022,Gauteng,Ekurhuleni MM,ERWAT Vlakplaat Wastewater Treatment Works,5/21/2024,Negative,Negative,
ENV-COV-24-1023,Gauteng,Johannesburg MM,Motsoaledi,5/22/2024,Negative,Negative,
ENV-COV-24-1024,Gauteng,Johannesburg MM,Klipsruit Yard (Before tunnel),5/22/2024,Positive,Negative,
ENV-COV-24-1025,Gauteng,Johannesburg MM,Klipspruit Veggies (After tunnel),5/22/2024,Negative,Negative,
ENV-COV-24-1026,Gauteng,Johannesburg MM,Bushkoppies Inlet,5/22/2024,Positive,Negative,
ENV-COV-24-1027,Gauteng,Johannesburg MM,Bushkoppies Final,5/22/2024,Positive,Positive,
ENV-COV-24-1028,Gauteng,Johannesburg MM,Goudkoppies Wastewater Treatment Works,5/22/2024,Positive,Negative,
ENV-COV-24-1029,Free State,Mangaung MM,Sterkwater Wastewater Treatment Works,5/21/2024,Positive,Negative,
ENV-COV-24-1030,Free State,Mangaung MM,Bloemspruit Wastewater Treatment Works,5/21/2024,Positive,Negative,
ENV-COV-24-1031,Mpumalanga,Ehlanzeni DM,Kingstonvale,5/20/2024,Negative,Negative,
ENV-COV-24-1032,Limpopo,Vhembe DM,Musina WWTW (in town),5/20/2024,Negative,Negative,
ENV-COV-24-1033,Limpopo,Vhembe DM,Nancefield,5/20/2024,Negative,Negative,
ENV-COV-24-1034,Eastern Cape,Buffalo City MM,Mdantsane Wastewater Treatment Works,5/21/2024,Positive,Negative,
ENV-COV-24-1035,Eastern Cape,Buffalo City MM,East Bank Wastewater Treatment Works,5/21/2024,Negative,Negative,
ENV-COV-24-1036,Western Cape,Cape Town MM,Borcherds Quarry Wastewater Treatment Works,5/21/2024,Negative,Positive,
ENV-COV-24-1037,Western Cape,Cape Town MM,Zandvleit Wastewater Treatment Works,5/21/2024,Positive,Negative,
ENV-COV-24-1038,Gauteng,Tshwane MM,Rooiwal Wastewater Treatment Works,5/22/2024,Negative,Negative,
ENV-COV-24-1039,Gauteng,Ekurhuleni MM,Midstream,5/23/2024,Positive,Negative,
ENV-COV-24-1040,Gauteng,Ekurhuleni MM,Olifantsfontein,5/23/2024,Positive,Negative,
ENV-COV-24-1041,Gauteng,Ekurhuleni MM,Tembisa Mall,5/23/2024,Negative,Negative,
ENV-COV-24-1042,Gauteng,Ekurhuleni MM,Tembisa Hospital Downstream,5/23/2024,Positive,Negative,
ENV-COV-24-1043,Gauteng,Ekurhuleni MM,Tembisa Hospital East and West,5/23/2024,Negative,Negative,
ENV-COV-24-1044,Gauteng,Ekurhuleni MM,Namane Drive,5/23/2024,Negative,Negative,
ENV-COV-24-1045,Gauteng,Ekurhuleni MM,Moloreng,5/23/2024,Positive,Negative,
ENV-COV-24-1046,Gauteng,Ekurhuleni MM,Sasol Garage,5/23/2024,Negative,Negative,
ENV-COV-24-1047,North West,Bojanala Platinum DM,Boitekong,5/22/2024,Negative,Negative,
ENV-COV-24-1048,North West,Bojanala Platinum DM,Rustenburg Wastewater Treatment Works,5/22/2024,Negative,Negative,
ENV-COV-24-1049,Gauteng,Tshwane MM,Daspoort Wastewater Treatment Works,5/24/2024,Positive,Positive,
ENV-COV-24-1050,Gauteng,Tshwane MM,SAPS Training College,5/24/2024,Negative,Negative,
ENV-COV-24-1051,Gauteng,Tshwane MM,Kalafong Hospital,5/24/2024,Positive,Positive,
ENV-COV-24-1052,Gauteng,Tshwane MM,Atteridgeville Train Station,5/24/2024,Negative,Negative,
ENV-COV-24-1053,Gauteng,Tshwane MM,Vergenoeg,5/24/2024,Negative,Negative,
ENV-COV-24-1054,Gauteng,Tshwane MM,Laudium,5/24/2024,Negative,Negative,
ENV-COV-24-1055,Gauteng,Tshwane MM,Groenkloof,5/24/2024,Negative,Negative,
ENV-COV-24-1056,Northern Cape,Frances Baard DM,Homevale Kimberley,5/22/2024,Negative,Negative,
ENV-COV-24-1057,KwaZulu-Natal,Umkhanyakude DM,Manguzi Wastewater Treatment Plant,5/22/2024,Negative,Negative,
ENV-COV-24-1058,KwaZulu-Natal,Umkhanyakude DM,Jozini Wastewater Treatment Plant,5/21/2024,Positive,Positive,
ENV-COV-24-1059,Eastern Cape,Buffalo City MM,Mdantsane Wastewater Treatment Works,5/23/2024,Positive,Negative,
ENV-COV-24-1060,Gauteng,Ekurhuleni MM,Midstream,5/27/2024,Negative,Negative,
ENV-COV-24-1061,Gauteng,Ekurhuleni MM,Olifantsfontein,5/27/2024,Positive,Negative,
ENV-COV-24-1062,Gauteng,Ekurhuleni MM,Tembisa Mall,5/27/2024,Negative,Positive,
ENV-COV-24-1063,Gauteng,Ekurhuleni MM,Tembisa Hospital Downstream,5/27/2024,Negative,Negative,
ENV-COV-24-1064,Gauteng,Ekurhuleni MM,Tembisa Hospital East and West,5/27/2024,Positive,Negative,
ENV-COV-24-1065,Gauteng,Ekurhuleni MM,Namane Drive,5/27/2024,Negative,Negative,
ENV-COV-24-1066,Gauteng,Ekurhuleni MM,Moloreng,5/27/2024,Negative,Positive,
ENV-COV-24-1067,Gauteng,Ekurhuleni MM,Sasol Garage,5/27/2024,Positive,Negative,
ENV-COV-24-1068,Gauteng,Tshwane MM,Daspoort Wastewater Treatment Works,5/28/2024,Positive,Negative,
ENV-COV-24-1069,Gauteng,Tshwane MM,SAPS Training College,5/28/2024,Negative,Negative,
ENV-COV-24-1070,Gauteng,Tshwane MM,Kalafong Hospital,5/28/2024,Negative,Positive,
ENV-COV-24-1071,Gauteng,Tshwane MM,Atteridgeville Train Station,5/28/2024,Negative,Negative,
ENV-COV-24-1072,Gauteng,Tshwane MM,Vergenoeg,5/28/2024,Negative,Negative,
ENV-COV-24-1073,Gauteng,Tshwane MM,Laudium,5/28/2024,Negative,Negative,
ENV-COV-24-1074,Gauteng,Tshwane MM,Groenkloof,5/28/2024,Negative,Negative,
ENV-COV-24-1075,KwaZulu-Natal,Ethekwini MM,Central Wastewater Treatment Works (KZN),5/27/2024,Positive,Negative,
ENV-COV-24-1076,KwaZulu-Natal,Ethekwini MM,Northern Wastewater Treatment Works (KZN),5/27/2024,Negative,Negative,
ENV-COV-24-1077,Gauteng,Ekurhuleni MM,Midstream,5/30/2024,Negative,Negative,
ENV-COV-24-1078,Gauteng,Ekurhuleni MM,Olifantsfontein,5/30/2024,Positive,Negative,
ENV-COV-24-1079,Gauteng,Ekurhuleni MM,Tembisa Mall,5/30/2024,Negative,Negative,
ENV-COV-24-1080,Gauteng,Ekurhuleni MM,Tembisa Hospital Downstream,5/30/2024,Negative,Negative,
ENV-COV-24-1081,Gauteng,Ekurhuleni MM,Tembisa Hospital East and West,5/30/2024,Negative,Negative,
ENV-COV-24-1082,Gauteng,Ekurhuleni MM,Namane Drive,5/30/2024,Negative,Negative,
ENV-COV-24-1083,Gauteng,Ekurhuleni MM,Moloreng,5/30/2024,Positive,Negative,
ENV-COV-24-1084,Gauteng,Ekurhuleni MM,Sasol Garage,5/30/2024,Negative,Negative,
ENV-COV-24-1085,Free State,Mangaung MM,Bloemspruit Wastewater Treatment Works,5/28/2024,Negative,Negative,
ENV-COV-24-1086,Mpumalanga,Ehlanzeni DM,Komatipoort Sewage plant,5/27/2024,Negative,Negative,
ENV-COV-24-1087,Mpumalanga,Ehlanzeni DM,Kingstonvale,5/27/2024,Negative,Negative,
ENV-COV-24-1088,Free State,Mangaung MM,Sterkwater Wastewater Treatment Works,5/28/2024,Positive,Negative,
ENV-COV-24-1089,Eastern Cape,Buffalo City MM,Mdantsane Wastewater Treatment Works,5/28/2024,Negative,Negative,
ENV-COV-24-1090,Eastern Cape,Buffalo City MM,East Bank Wastewater Treatment Works,5/28/2024,Negative,Negative,
ENV-COV-24-1091,Gauteng,Ekurhuleni MM,Hartebeesfontein Waterworks,5/28/2024,Negative,Negative,
ENV-COV-24-1092,Gauteng,Tshwane MM,Daspoort Wastewater Treatment Works,5/31/2024,Positive,Negative,
ENV-COV-24-1093,Gauteng,Tshwane MM,SAPS Training College,5/31/2024,Negative,Negative,
ENV-COV-24-1094,Gauteng,Tshwane MM,Kalafong Hospital,5/31/2024,Positive,Positive,
ENV-COV-24-1095,Gauteng,Tshwane MM,Atteridgeville Train Station,5/31/2024,Positive,Positive,
ENV-COV-24-1096,Gauteng,Tshwane MM,Vergenoeg,5/31/2024,Positive,Positive,
ENV-COV-24-1097,Gauteng,Tshwane MM,Laudium,5/31/2024,Positive,Positive,
ENV-COV-24-1098,Gauteng,Tshwane MM,Groenkloof,5/31/2024,Negative,Negative,
ENV-COV-24-1099,Gauteng,Ekurhuleni MM,ERWAT Vlakplaat Wastewater Treatment Works,5/28/2024,Positive,Negative,
ENV-COV-24-1100,Limpopo,Vhembe DM,Musina WWTW (in town),5/27/2024,Negative,Negative,
ENV-COV-24-1101,Limpopo,Vhembe DM,Nancefield,5/27/2024,Positive,Negative,
ENV-COV-24-1102,Western Cape,Cape Town MM,Zandvleit Wastewater Treatment Works,5/28/2024,Negative,Negative,
ENV-COV-24-1103,North West,Bojanala Platinum DM,Rustenburg Wastewater Treatment Works,5/29/2024,Positive,Negative,
ENV-COV-24-1104,North West,Bojanala Platinum DM,Boitekong,5/29/2024,Positive,Positive,
ENV-COV-24-1105,Western Cape,Cape Town MM,Borcherds Quarry Wastewater Treatment Works,5/28/2024,Positive,Negative,
ENV-COV-24-1106,Eastern Cape,Buffalo City MM,Mdantsane Wastewater Treatment Works,5/30/2024,Negative,Negative,
ENV-COV-24-1107,KwaZulu-Natal,Umkhanyakude DM,Jozini Wastewater Treatment Plant,5/28/2024,Negative,Negative,
ENV-COV-24-1108,KwaZulu-Natal,Umkhanyakude DM,Manguzi Wastewater Treatment Plant,5/27/2024,Negative,Negative,
ENV-COV-24-1109,Gauteng,Ekurhuleni MM,Midstream,6/3/2024,Positive,Negative,
ENV-COV-24-1110,Gauteng,Ekurhuleni MM,Olifantsfontein,6/3/2024,Negative,Negative,
ENV-COV-24-1111,Gauteng,Ekurhuleni MM,Tembisa Mall,6/3/2024,Negative,Positive,
ENV-COV-24-1112,Gauteng,Ekurhuleni MM,Tembisa Hospital Downstream,6/3/2024,Negative,Negative,
ENV-COV-24-1113,Gauteng,Ekurhuleni MM,Tembisa Hospital East and West,6/3/2024,Negative,Negative,
ENV-COV-24-1114,Gauteng,Ekurhuleni MM,Namane Drive,6/3/2024,Positive,Negative,
ENV-COV-24-1115,Gauteng,Ekurhuleni MM,Moloreng,6/3/2024,Positive,Positive,
ENV-COV-24-1116,Gauteng,Ekurhuleni MM,Sasol Garage,6/3/2024,Negative,Negative,
ENV-COV-24-1117,Gauteng,Tshwane MM,Daspoort Wastewater Treatment Works,6/4/2024,Positive,Negative,
ENV-COV-24-1118,Gauteng,Tshwane MM,SAPS Training College,6/4/2024,Positive,Negative,
ENV-COV-24-1119,Gauteng,Tshwane MM,Kalafong Hospital,6/4/2024,Negative,Negative,
ENV-COV-24-1120,Gauteng,Tshwane MM,Atteridgeville Train Station,6/4/2024,Negative,Negative,
ENV-COV-24-1121,Gauteng,Tshwane MM,Vergenoeg,6/4/2024,Negative,Negative,
ENV-COV-24-1122,Gauteng,Tshwane MM,Laudium,6/4/2024,Negative,Negative,
ENV-COV-24-1123,Gauteng,Tshwane MM,Groenkloof,6/4/2024,Negative,Negative,
ENV-COV-24-1124,Gauteng,Johannesburg MM,Northern Wastewater Treatment Works (GP),6/4/2024,Positive,Negative,
ENV-COV-24-1125,Mpumalanga,Ehlanzeni DM,Komatipoort Sewage plant,6/3/2024,Positive,Positive,
ENV-COV-24-1126,Gauteng,Ekurhuleni MM,ERWAT Vlakplaat Wastewater Treatment Works,6/4/2024,Positive,Negative,
ENV-COV-24-1127,Gauteng,Ekurhuleni MM,Hartebeesfontein Waterworks,6/4/2024,Negative,Negative,
ENV-COV-24-1128,Gauteng,Johannesburg MM,Motsoaledi,6/5/2024,Negative,Negative,
ENV-COV-24-1129,Gauteng,Johannesburg MM,Klipsruit Yard (Before tunnel),6/5/2024,Negative,Positive,
ENV-COV-24-1130,Gauteng,Johannesburg MM,Klipspruit Veggies (After tunnel),6/5/2024,Negative,Negative,
ENV-COV-24-1131,Gauteng,Johannesburg MM,Bushkoppies Inlet,6/5/2024,Positive,Positive,
ENV-COV-24-1132,Gauteng,Johannesburg MM,Bushkoppies Final,6/5/2024,Negative,Negative,
ENV-COV-24-1133,Limpopo,Vhembe DM,Musina WWTW (in town),6/3/2024,Negative,Negative,
ENV-COV-24-1134,Limpopo,Vhembe DM,Nancefield,6/3/2024,Positive,Positive,
ENV-COV-24-1135,Free State,Mangaung MM,Bloemspruit Wastewater Treatment Works,6/4/2024,Positive,Negative,
ENV-COV-24-1136,Free State,Mangaung MM,Sterkwater Wastewater Treatment Works,6/4/2024,Negative,Negative,
ENV-COV-24-1137,Mpumalanga,Ehlanzeni DM,Kingstonvale,6/3/2024,Negative,Negative,
ENV-COV-24-1138,Western Cape,Cape Town MM,Borcherds Quarry Wastewater Treatment Works,6/4/2024,Positive,Negative,
ENV-COV-24-1139,Western Cape,Cape Town MM,Zandvleit Wastewater Treatment Works,6/4/2024,Negative,Negative,
ENV-COV-24-1140,Eastern Cape,Buffalo City MM,Mdantsane Wastewater Treatment Works,6/4/2024,Positive,Negative,
ENV-COV-24-1141,Eastern Cape,Buffalo City MM,East Bank Wastewater Treatment Works,6/4/2024,Positive,Negative,
ENV-COV-24-1142,Gauteng,Ekurhuleni MM,Midstream,6/6/2024,Positive,Positive,
ENV-COV-24-1143,Gauteng,Ekurhuleni MM,Olifantsfontein,6/6/2024,Positive,Negative,
ENV-COV-24-1144,Gauteng,Ekurhuleni MM,Tembisa Mall,6/6/2024,Positive,Negative,
ENV-COV-24-1145,Gauteng,Ekurhuleni MM,Tembisa Hospital Downstream,6/6/2024,Negative,Negative,
ENV-COV-24-1146,Gauteng,Ekurhuleni MM,Tembisa Hospital East and West,6/6/2024,Positive,Negative,
ENV-COV-24-1147,Gauteng,Ekurhuleni MM,Namane Drive,6/6/2024,Negative,Positive,
ENV-COV-24-1148,Gauteng,Ekurhuleni MM,Moloreng,6/6/2024,Positive,Negative,
ENV-COV-24-1149,Gauteng,Ekurhuleni MM,Sasol Garage,6/6/2024,Positive,Negative,
ENV-COV-24-1150,North West,Bojanala Platinum DM,Boitekong,6/5/2024,Positive,Negative,
ENV-COV-24-1151,North West,Bojanala Platinum DM,Rustenburg Wastewater Treatment Works,6/5/2024,Positive,Negative,
ENV-COV-24-1152,Northern Cape,Frances Baard DM,Homevale Kimberley,6/5/2024,Positive,Positive,
ENV-COV-24-1153,Gauteng,Johannesburg MM,Goudkoppies Wastewater Treatment Works,6/7/2024,Positive,Negative,
ENV-COV-24-1154,Gauteng,Tshwane MM,Daspoort Wastewater Treatment Works,6/7/2024,Negative,Negative,
ENV-COV-24-1155,Gauteng,Tshwane MM,SAPS Training College,6/7/2024,Negative,Negative,
ENV-COV-24-1156,Gauteng,Tshwane MM,Kalafong Hospital,6/7/2024,Positive,Negative,
ENV-COV-24-1157,Gauteng,Tshwane MM,Atteridgeville Train Station,6/7/2024,Negative,Negative,
ENV-COV-24-1158,Gauteng,Tshwane MM,Vergenoeg,6/7/2024,Negative,Negative,
ENV-COV-24-1159,Gauteng,Tshwane MM,Laudium,6/7/2024,Negative,Negative,
ENV-COV-24-1160,Gauteng,Tshwane MM,Groenkloof,6/7/2024,Negative,Negative,
ENV-COV-24-1161,KwaZulu-Natal,Umkhanyakude DM,Manguzi Wastewater Treatment Plant,6/5/2024,Negative,Negative,
ENV-COV-24-1162,KwaZulu-Natal,Umkhanyakude DM,Jozini Wastewater Treatment Plant,6/4/2024,Negative,Negative,
ENV-COV-24-1163,Eastern Cape,Buffalo City MM,Mdantsane Wastewater Treatment Works,6/6/2024,Negative,Negative,
ENV-COV-24-1164,Gauteng,Ekurhuleni MM,Midstream,6/10/2024,Negative,Negative,
ENV-COV-24-1165,Gauteng,Ekurhuleni MM,Olifantsfontein,6/10/2024,Negative,Negative,
ENV-COV-24-1166,Gauteng,Ekurhuleni MM,Tembisa Mall,6/10/2024,Negative,Negative,
ENV-COV-24-1167,Gauteng,Ekurhuleni MM,Tembisa Hospital Downstream,6/10/2024,Negative,Negative,
ENV-COV-24-1168,Gauteng,Ekurhuleni MM,Tembisa Hospital East and West,6/10/2024,Negative,Negative,
ENV-COV-24-1169,Gauteng,Ekurhuleni MM,Namane Drive,6/10/2024,Negative,Negative,
ENV-COV-24-1170,Gauteng,Ekurhuleni MM,Moloreng,6/10/2024,Negative,Negative,
ENV-COV-24-1171,Gauteng,Ekurhuleni MM,Sasol Garage,6/10/2024,Negative,Negative,
ENV-COV-24-1172,Gauteng,Tshwane MM,Daspoort Wastewater Treatment Works,6/11/2024,Negative,Negative,
ENV-COV-24-1173,Gauteng,Tshwane MM,SAPS Training College,6/11/2024,Negative,Negative,
ENV-COV-24-1174,Gauteng,Tshwane MM,Kalafong Hospital,6/11/2024,Negative,Negative,
ENV-COV-24-1175,Gauteng,Tshwane MM,Atteridgeville Train Station,6/11/2024,Negative,Negative,
ENV-COV-24-1176,Gauteng,Tshwane MM,Vergenoeg,6/11/2024,Negative,Negative,
ENV-COV-24-1177,Gauteng,Tshwane MM,Laudium,6/11/2024,Negative,Negative,
ENV-COV-24-1178,Gauteng,Tshwane MM,Groenkloof,6/11/2024,Negative,Negative,
ENV-COV-24-1179,Gauteng,Johannesburg MM,Motsoaledi,6/12/2024,Negative,Negative,
ENV-COV-24-1180,Gauteng,Ekurhuleni MM,Hartebeesfontein Waterworks,6/11/2024,Negative,Negative,
ENV-COV-24-1181,KwaZulu-Natal,Ethekwini MM,Central Wastewater Treatment Works (KZN),6/10/2024,Negative,Negative,
ENV-COV-24-1182,KwaZulu-Natal,Ethekwini MM,Northern Wastewater Treatment Works (KZN),6/10/2024,Negative,Negative,
ENV-COV-24-1183,Gauteng,Johannesburg MM,Northern Wastewater Treatment Works (GP),6/11/2024,,,
ENV-COV-24-1184,Gauteng,Johannesburg MM,Klipsruit Yard (Before tunnel),6/12/2024,Negative,Negative,
ENV-COV-24-1185,Gauteng,Johannesburg MM,Klipspruit Veggies (After tunnel),6/12/2024,Negative,Negative,
ENV-COV-24-1186,Gauteng,Johannesburg MM,Bushkoppies Inlet,6/12/2024,Negative,Negative,
ENV-COV-24-1187,Gauteng,Johannesburg MM,Bushkoppies Final,6/12/2024,Negative,Negative,
ENV-COV-24-1188,Limpopo,Vhembe DM,Musina WWTW (in town),6/10/2024,Negative,Negative,
ENV-COV-24-1189,Limpopo,Vhembe DM,Nancefield,6/10/2024,Negative,Negative,
ENV-COV-24-1190,Free State,Mangaung MM,Bloemspruit Wastewater Treatment Works,6/11/2024,Negative,Negative,
ENV-COV-24-1191,Free State,Mangaung MM,Sterkwater Wastewater Treatment Works,6/11/2024,Negative,Negative,
ENV-COV-24-1192,Gauteng,Johannesburg MM,Goudkoppies Wastewater Treatment Works,6/12/2024,Negative,Negative,
ENV-COV-24-1193,Eastern Cape,Buffalo City MM,East Bank Wastewater Treatment Works,6/11/2024,Negative,Negative,
ENV-COV-24-1194,Eastern Cape,Buffalo City MM,Mdantsane Wastewater Treatment Works,6/11/2024,Negative,Negative,
ENV-COV-24-1195,Western Cape,Cape Town MM,Zandvleit Wastewater Treatment Works,6/11/2024,Positive,Positive,
ENV-COV-24-1196,Western Cape,Cape Town MM,Borcherds Quarry Wastewater Treatment Works,6/11/2024,Negative,Negative,
ENV-COV-24-1197,Mpumalanga,Ehlanzeni DM,Komatipoort Sewage plant,6/10/2024,Positive,Negative,
ENV-COV-24-1198,Gauteng,Ekurhuleni MM,Midstream,6/13/2024,Negative,Negative,
ENV-COV-24-1199,Gauteng,Ekurhuleni MM,Olifantsfontein,6/13/2024,Positive,Negative,
ENV-COV-24-1200,Gauteng,Ekurhuleni MM,Tembisa Mall,6/13/2024,Negative,Negative,
ENV-COV-24-1201,Gauteng,Ekurhuleni MM,Tembisa Hospital Downstream,6/13/2024,Positive,Negative,
ENV-COV-24-1202,Gauteng,Ekurhuleni MM,Tembisa Hospital East and West,6/13/2024,Negative,Negative,
ENV-COV-24-1203,Gauteng,Ekurhuleni MM,Namane Drive,6/13/2024,Negative,Negative,
ENV-COV-24-1204,Gauteng,Ekurhuleni MM,Moloreng,6/13/2024,Negative,Negative,
ENV-COV-24-1205,Gauteng,Ekurhuleni MM,Sasol Garage,6/13/2024,Positive,Negative,
ENV-COV-24-1206,Gauteng,Tshwane MM,Rooiwal Wastewater Treatment Works,6/12/2024,Negative,Negative,
ENV-COV-24-1207,Northern Cape,Frances Baard DM,Homevale Kimberley,6/12/2024,Positive,Positive,
ENV-COV-24-1208,North West,Bojanala Platinum DM,Rustenburg Wastewater Treatment Works,6/12/2024,Negative,Negative,
ENV-COV-24-1209,North West,Bojanala Platinum DM,Boitekong,6/12/2024,Negative,Negative,
ENV-COV-24-1210,Gauteng,Ekurhuleni MM,OR Tambo International Airport,6/13/2024,Negative,Negative,
ENV-COV-24-1211,Gauteng,Ekurhuleni MM,OR Tambo International Airport,6/13/2024,Negative,Negative,
ENV-COV-24-1212,Gauteng,Tshwane MM,Daspoort Wastewater Treatment Works,6/14/2024,Positive,Negative,
ENV-COV-24-1213,Gauteng,Tshwane MM,SAPS Training College,6/14/2024,Positive,Negative,
ENV-COV-24-1214,Gauteng,Tshwane MM,Kalafong Hospital,6/14/2024,Positive,Negative,
ENV-COV-24-1215,Gauteng,Tshwane MM,Atteridgeville Train Station,6/14/2024,Negative,Negative,
ENV-COV-24-1216,Gauteng,Tshwane MM,Vergenoeg,6/14/2024,Negative,Negative,
ENV-COV-24-1217,Gauteng,Tshwane MM,Laudium,6/14/2024,Negative,Negative,
ENV-COV-24-1218,Gauteng,Tshwane MM,Groenkloof,6/14/2024,Negative,Negative,
ENV-COV-24-1219,Eastern Cape,Buffalo City MM,Mdantsane Wastewater Treatment Works,6/13/2024,Negative,Negative,
ENV-COV-24-1220,KwaZulu-Natal,Umkhanyakude DM,Manguzi Wastewater Treatment Plant,6/12/2024,Negative,Negative,
ENV-COV-24-1221,KwaZulu-Natal,Umkhanyakude DM,Jozini Wastewater Treatment Plant,6/11/2024,Positive,Negative,
ENV-COV-24-1222,Eastern Cape,Nelson Mandela Bay MM,Kwanobuhle Wastewater Treatment Works,6/10/2024,Positive,Negative,
ENV-COV-24-1223,Eastern Cape,Nelson Mandela Bay MM,Brickfield Pre-treatment Works,6/10/2024,Positive,Negative,
ENV-COV-24-1224,Gauteng,Tshwane MM,Daspoort Wastewater Treatment Works,6/18/2024,Positive,Negative,
ENV-COV-24-1225,Gauteng,Tshwane MM,SAPS Training College,6/18/2024,Negative,Negative,
ENV-COV-24-1226,Gauteng,Tshwane MM,Atteridgeville Train Station,6/18/2024,Negative,Negative,
ENV-COV-24-1227,Gauteng,Tshwane MM,Vergenoeg,6/18/2024,Positive,Negative,
ENV-COV-24-1228,Gauteng,Tshwane MM,Laudium,6/18/2024,Negative,Negative,
ENV-COV-24-1229,Gauteng,Tshwane MM,Groenkloof,6/18/2024,Negative,Negative,
ENV-COV-24-1230,Gauteng,Johannesburg MM,Northern Wastewater Treatment Works (GP),6/18/2024,Positive,Positive,
ENV-COV-24-1231,Gauteng,Johannesburg MM,Bushkoppies Inlet,6/19/2024,Positive,Positive,
ENV-COV-24-1232,Gauteng,Johannesburg MM,Bushkoppies Final,6/19/2024,Positive,Positive,
ENV-COV-24-1233,Gauteng,Johannesburg MM,Klipsruit Yard (Before tunnel),6/19/2024,Negative,Negative,
ENV-COV-24-1234,Gauteng,Johannesburg MM,Klipspruit Veggies (After tunnel),6/19/2024,Negative,Negative,
ENV-COV-24-1235,Gauteng,Johannesburg MM,Motsoaledi,6/19/2024,Positive,Negative,
ENV-COV-24-1236,Gauteng,Johannesburg MM,Goudkoppies Wastewater Treatment Works,6/19/2024,Positive,Negative,
ENV-COV-24-1237,Free State,Mangaung MM,Sterkwater Wastewater Treatment Works,6/18/2024,Negative,Negative,
ENV-COV-24-1238,Free State,Mangaung MM,Bloemspruit Wastewater Treatment Works,6/18/2024,Positive,Negative,
ENV-COV-24-1239,Eastern Cape,Buffalo City MM,Mdantsane Wastewater Treatment Works,6/18/2024,Positive,Negative,
ENV-COV-24-1240,Eastern Cape,Buffalo City MM,East Bank Wastewater Treatment Works,6/18/2024,Negative,Negative,
ENV-COV-24-1241,KwaZulu-Natal,Ethekwini MM,Northern Wastewater Treatment Works (KZN),6/18/2024,Positive,Negative,
ENV-COV-24-1242,KwaZulu-Natal,Ethekwini MM,Central Wastewater Treatment Works (KZN),6/18/2024,Negative,Positive,
ENV-COV-24-1243,Western Cape,Cape Town MM,Borcherds Quarry Wastewater Treatment Works,6/18/2024,Positive,Negative,
ENV-COV-24-1244,Western Cape,Cape Town MM,Zandvleit Wastewater Treatment Works,6/18/2024,Positive,Positive,
ENV-COV-24-1245,Gauteng,Ekurhuleni MM,Hartebeesfontein Waterworks,6/18/2024,Negative,Negative,
ENV-COV-24-1246,Gauteng,Ekurhuleni MM,Midstream,6/20/2024,Positive,Negative,
ENV-COV-24-1247,Gauteng,Ekurhuleni MM,Olifantsfontein,6/20/2024,Positive,Negative,
ENV-COV-24-1248,Gauteng,Ekurhuleni MM,Tembisa Mall,6/20/2024,Positive,Positive,
ENV-COV-24-1249,Gauteng,Ekurhuleni MM,Tembisa Hospital Downstream,6/20/2024,Positive,Negative,
ENV-COV-24-1250,Gauteng,Ekurhuleni MM,Tembisa Hospital East and West,6/20/2024,Negative,Negative,
ENV-COV-24-1251,Gauteng,Ekurhuleni MM,Namane Drive,6/20/2024,Positive,Negative,
ENV-COV-24-1252,Gauteng,Ekurhuleni MM,Moloreng,6/20/2024,Negative,Negative,
ENV-COV-24-1253,Gauteng,Ekurhuleni MM,Sasol Garage,6/20/2024,Negative,Negative,
ENV-COV-24-1254,Limpopo,Vhembe DM,Musina WWTW (in town),6/18/2024,Negative,Negative,
ENV-COV-24-1255,Limpopo,Vhembe DM,Nancefield,6/18/2024,Positive,Negative,
ENV-COV-24-1256,North West,Bojanala Platinum DM,Rustenburg Wastewater Treatment Works,6/19/2024,Positive,Positive,
ENV-COV-24-1257,Northern Cape,Frances Baard DM,Homevale Kimberley,6/19/2024,Positive,Positive,
ENV-COV-24-1258,Mpumalanga,Ehlanzeni DM,Komatipoort Sewage plant,6/17/2024,Negative,Negative,
ENV-COV-24-1259,Gauteng,Ekurhuleni MM,OR Tambo International Airport,6/20/2024,Positive,Negative,
ENV-COV-24-1260,Gauteng,Tshwane MM,Daspoort Wastewater Treatment Works,6/21/2024,Positive,Negative,
ENV-COV-24-1261,Gauteng,Tshwane MM,SAPS Training College,6/21/2024,Negative,Negative,
ENV-COV-24-1262,Gauteng,Tshwane MM,Kalafong Hospital,6/21/2024,Negative,Negative,
ENV-COV-24-1263,Gauteng,Tshwane MM,Atteridgeville Train Station,6/21/2024,Negative,Negative,
ENV-COV-24-1264,Gauteng,Tshwane MM,Vergenoeg,6/21/2024,Negative,Negative,
ENV-COV-24-1265,Gauteng,Tshwane MM,Laudium,6/21/2024,Negative,Negative,
ENV-COV-24-1266,Gauteng,Tshwane MM,Groenkloof,6/21/2024,Negative,Negative,
ENV-COV-24-1267,Eastern Cape,Buffalo City MM,Mdantsane Wastewater Treatment Works,6/20/2024,Positive,Positive,
ENV-COV-24-1268,Gauteng,Ekurhuleni MM,Midstream,6/24/2024,Negative,Negative,
ENV-COV-24-1269,Gauteng,Ekurhuleni MM,Olifantsfontein,6/24/2024,Positive,Positive,
ENV-COV-24-1270,Gauteng,Ekurhuleni MM,Tembisa Mall,6/24/2024,Negative,Negative,
ENV-COV-24-1271,Gauteng,Ekurhuleni MM,Tembisa Hospital Downstream,6/24/2024,Positive,Positive,
ENV-COV-24-1272,Gauteng,Ekurhuleni MM,Tembisa Hospital East and West,6/24/2024,Positive,Positive,
ENV-COV-24-1273,Gauteng,Ekurhuleni MM,Namane Drive,6/24/2024,Positive,Negative,
ENV-COV-24-1274,Gauteng,Ekurhuleni MM,Moloreng,6/24/2024,Negative,Positive,
ENV-COV-24-1275,Gauteng,Ekurhuleni MM,Sasol Garage,6/24/2024,Positive,Positive,
ENV-COV-24-1276,Gauteng,Ekurhuleni MM,OR Tambo International Airport,6/24/2024,Negative,Positive,
ENV-COV-24-1277,Gauteng,Tshwane MM,Daspoort Wastewater Treatment Works,6/25/2024,Positive,Negative,
ENV-COV-24-1278,Gauteng,Tshwane MM,SAPS Training College,6/25/2024,Negative,Negative,
ENV-COV-24-1279,Gauteng,Tshwane MM,Kalafong Hospital,6/25/2024,Positive,Positive,
ENV-COV-24-1280,Gauteng,Tshwane MM,Atteridgeville Train Station,6/25/2024,Negative,Negative,
ENV-COV-24-1281,Gauteng,Tshwane MM,Vergenoeg,6/25/2024,Positive,Negative,
ENV-COV-24-1282,Gauteng,Tshwane MM,Laudium,6/25/2024,Negative,Negative,
ENV-COV-24-1283,Gauteng,Tshwane MM,Groenkloof,6/25/2024,Negative,Negative,
ENV-COV-24-1284,Gauteng,Johannesburg MM,Northern Wastewater Treatment Works (GP),6/25/2024,Negative,Positive,
ENV-COV-24-1285,KwaZulu-Natal,Ethekwini MM,Northern Wastewater Treatment Works (KZN),6/24/2024,Positive,Positive,
ENV-COV-24-1286,KwaZulu-Natal,Ethekwini MM,Central Wastewater Treatment Works (KZN),6/24/2024,Positive,Negative,
ENV-COV-24-1287,Gauteng,Ekurhuleni MM,ERWAT Vlakplaat Wastewater Treatment Works,6/25/2024,Negative,Negative,
ENV-COV-24-1288,Gauteng,Johannesburg MM,Motsoaledi,6/26/2024,Negative,Negative,
ENV-COV-24-1289,Gauteng,Johannesburg MM,Klipsruit Yard (Before tunnel),6/26/2024,Positive,Negative,
ENV-COV-24-1290,Gauteng,Johannesburg MM,Klipspruit Veggies (After tunnel),6/26/2024,Negative,Negative,
ENV-COV-24-1291,Gauteng,Johannesburg MM,Bushkoppies Inlet,6/26/2024,Positive,Positive,
ENV-COV-24-1292,Gauteng,Johannesburg MM,Bushkoppies Final,6/26/2024,Positive,Negative,
ENV-COV-24-1293,Gauteng,Johannesburg MM,Goudkoppies Wastewater Treatment Works,6/26/2024,Negative,Negative,
ENV-COV-24-1294,Gauteng,Ekurhuleni MM,ERWAT Vlakplaat Wastewater Treatment Works,6/18/2024,Negative,Negative,
ENV-COV-24-1295,Gauteng,Tshwane MM,Rooiwal Wastewater Treatment Works,6/19/2024,Positive,Negative,
ENV-COV-24-1296,Western Cape,Cape Town MM,Borcherds Quarry Wastewater Treatment Works,6/25/2024,Negative,Negative,
ENV-COV-24-1297,Western Cape,Cape Town MM,Zandvleit Wastewater Treatment Works,6/25/2024,Negative,Positive,
ENV-COV-24-1298,Free State,Mangaung MM,Sterkwater Wastewater Treatment Works,6/25/2024,Positive,Positive,
ENV-COV-24-1299,Free State,Mangaung MM,Bloemspruit Wastewater Treatment Works,6/25/2024,Positive,Positive,
ENV-COV-24-1300,Limpopo,Vhembe DM,Musina WWTW (in town),6/25/2024,Positive,Negative,
ENV-COV-24-1301,Limpopo,Vhembe DM,Nancefield,6/25/2024,Positive,Positive,
ENV-COV-24-1302,Eastern Cape,Buffalo City MM,Mdantsane Wastewater Treatment Works,6/25/2024,Positive,Positive,
ENV-COV-24-1303,Eastern Cape,Buffalo City MM,East Bank Wastewater Treatment Works,6/25/2024,Negative,Negative,
ENV-COV-24-1304,Mpumalanga,Ehlanzeni DM,Komatipoort Sewage plant,6/24/2024,Negative,Negative,
ENV-COV-24-1305,Mpumalanga,Ehlanzeni DM,Kingstonvale,6/24/2024,Positive,Negative,
ENV-COV-24-1306,Gauteng,Ekurhuleni MM,Midstream,6/27/2024,Positive,Positive,
ENV-COV-24-1307,Gauteng,Ekurhuleni MM,Olifantsfontein,6/27/2024,Negative,Negative,
ENV-COV-24-1308,Gauteng,Ekurhuleni MM,Tembisa Mall,6/27/2024,Negative,Negative,
ENV-COV-24-1309,Gauteng,Ekurhuleni MM,Tembisa Hospital Downstream,6/27/2024,Negative,Negative,
ENV-COV-24-1310,Gauteng,Ekurhuleni MM,Tembisa Hospital East and West,6/27/2024,Negative,Negative,
ENV-COV-24-1311,Gauteng,Ekurhuleni MM,Namane Drive,6/27/2024,Negative,Negative,
ENV-COV-24-1312,Gauteng,Ekurhuleni MM,Moloreng,6/27/2024,Positive,Negative,
ENV-COV-24-1313,Gauteng,Ekurhuleni MM,Sasol Garage,6/27/2024,Negative,Negative,
ENV-COV-24-1314,Gauteng,Ekurhuleni MM,OR Tambo International Airport,6/27/2024,Positive,Negative,
ENV-COV-24-1315,Gauteng,Ekurhuleni MM,Hartebeesfontein Waterworks,6/25/2024,Negative,Positive,
ENV-COV-24-1316,North West,Bojanala Platinum DM,Rustenburg Wastewater Treatment Works,6/26/2024,Negative,Negative,
ENV-COV-24-1317,North West,Bojanala Platinum DM,Boitekong,6/26/2024,Negative,Negative,
ENV-COV-24-1318,Northern Cape,Frances Baard DM,Homevale Kimberley,6/26/2024,Positive,Positive,
ENV-COV-24-1319,Gauteng,Tshwane MM,Daspoort Wastewater Treatment Works,6/28/2024,Negative,Negative,
ENV-COV-24-1320,Gauteng,Tshwane MM,SAPS Training College,6/28/2024,Negative,Negative,
ENV-COV-24-1321,Gauteng,Tshwane MM,Kalafong Hospital,6/28/2024,Negative,Positive,
ENV-COV-24-1322,Gauteng,Tshwane MM,Atteridgeville Train Station,6/28/2024,Negative,Negative,
ENV-COV-24-1323,Gauteng,Tshwane MM,Vergenoeg,6/28/2024,Negative,Negative,
ENV-COV-24-1324,Gauteng,Tshwane MM,Laudium,6/28/2024,Positive,Negative,
ENV-COV-24-1325,Gauteng,Tshwane MM,Groenkloof,6/28/2024,Positive,Negative,
ENV-COV-24-1326,Gauteng,Ekurhuleni MM,Midstream,7/1/2024,Positive,Negative,
ENV-COV-24-1327,Gauteng,Ekurhuleni MM,Olifantsfontein,7/1/2024,Negative,Positive,
ENV-COV-24-1328,Gauteng,Ekurhuleni MM,Tembisa Mall,7/1/2024,Positive,Negative,
ENV-COV-24-1329,Gauteng,Ekurhuleni MM,Tembisa Hospital Downstream,7/1/2024,Negative,Negative,
ENV-COV-24-1330,Gauteng,Ekurhuleni MM,Tembisa Hospital East and West,7/1/2024,Negative,Negative,
ENV-COV-24-1331,Gauteng,Ekurhuleni MM,Namane Drive,7/1/2024,Negative,Negative,
ENV-COV-24-1332,Gauteng,Ekurhuleni MM,Moloreng,7/1/2024,Negative,Negative,
ENV-COV-24-1333,Gauteng,Ekurhuleni MM,Sasol Garage,7/1/2024,Negative,Negative,
ENV-COV-24-1334,Gauteng,Ekurhuleni MM,OR Tambo International Airport,7/1/2024,Negative,Negative,
ENV-COV-24-1335,KwaZulu-Natal,Umkhanyakude DM,Jozini Wastewater Treatment Plant,6/25/2024,Negative,Negative,
ENV-COV-24-1336,Gauteng,Tshwane MM,Rooiwal Wastewater Treatment Works,6/26/2024,Negative,Negative,
ENV-COV-24-1337,Eastern Cape,Buffalo City MM,Mdantsane Wastewater Treatment Works,6/27/2024,Positive,Negative,
ENV-COV-24-1338,Gauteng,Tshwane MM,Daspoort Wastewater Treatment Works,7/2/2024,Negative,Negative,
ENV-COV-24-1339,Gauteng,Tshwane MM,SAPS Training College,7/2/2024,Negative,Positive,
ENV-COV-24-1340,Gauteng,Tshwane MM,Kalafong Hospital,7/2/2024,Negative,Negative,
ENV-COV-24-1341,Gauteng,Tshwane MM,Atteridgeville Train Station,7/2/2024,Negative,Negative,
ENV-COV-24-1342,Gauteng,Tshwane MM,Vergenoeg,7/2/2024,Positive,Negative,
ENV-COV-24-1343,Gauteng,Tshwane MM,Laudium,7/2/2024,Negative,Negative,
ENV-COV-24-1344,Gauteng,Tshwane MM,Groenkloof,7/2/2024,Positive,Negative,
ENV-COV-24-1345,Mpumalanga,Ehlanzeni DM,Komatipoort Sewage plant,7/1/2024,Negative,Negative,
ENV-COV-24-1346,KwaZulu-Natal,Ethekwini MM,Northern Wastewater Treatment Works (KZN),7/1/2024,Positive,Negative,
ENV-COV-24-1347,KwaZulu-Natal,Ethekwini MM,Central Wastewater Treatment Works (KZN),7/1/2024,Positive,Negative,
ENV-COV-24-1348,Gauteng,Johannesburg MM,Northern Wastewater Treatment Works (GP),7/2/2024,Positive,Negative,
ENV-COV-24-1349,Gauteng,Ekurhuleni MM,ERWAT Vlakplaat Wastewater Treatment Works,7/2/2024,Negative,Negative,
ENV-COV-24-1350,Gauteng,Johannesburg MM,Bushkoppies Inlet,7/3/2024,Negative,Negative,
ENV-COV-24-1351,Gauteng,Johannesburg MM,Bushkoppies Final,7/3/2024,Negative,Negative,
ENV-COV-24-1352,Gauteng,Johannesburg MM,Klipsruit Yard (Before tunnel),7/3/2024,Negative,Negative,
ENV-COV-24-1353,Gauteng,Johannesburg MM,Klipspruit Veggies (After tunnel),7/3/2024,Negative,Negative,
ENV-COV-24-1354,Gauteng,Johannesburg MM,Motsoaledi,7/3/2024,Positive,Positive,
ENV-COV-24-1355,Gauteng,Johannesburg MM,Goudkoppies Wastewater Treatment Works,7/3/2024,Positive,Negative,
ENV-COV-24-1356,Gauteng,Ekurhuleni MM,Hartebeesfontein Waterworks,7/2/2024,Negative,Negative,
ENV-COV-24-1357,Mpumalanga,Ehlanzeni DM,Kingstonvale,7/1/2024,Negative,Negative,
ENV-COV-24-1358,Western Cape,Cape Town MM,Borcherds Quarry Wastewater Treatment Works,7/2/2024,Negative,Negative,
ENV-COV-24-1359,Western Cape,Cape Town MM,Zandvleit Wastewater Treatment Works,7/2/2024,Positive,Negative,
ENV-COV-24-1360,Free State,Mangaung MM,Sterkwater Wastewater Treatment Works,7/2/2024,Negative,Negative,
ENV-COV-24-1361,Free State,Mangaung MM,Bloemspruit Wastewater Treatment Works,7/2/2024,Negative,Negative,
ENV-COV-24-1362,Eastern Cape,Buffalo City MM,East Bank Wastewater Treatment Works,7/2/2024,Negative,Negative,
ENV-COV-24-1363,Eastern Cape,Buffalo City MM,Mdantsane Wastewater Treatment Works,7/2/2024,Negative,Negative,
ENV-COV-24-1364,Gauteng,Ekurhuleni MM,Midstream,7/4/2024,Negative,Negative,
ENV-COV-24-1365,Gauteng,Ekurhuleni MM,Olifantsfontein,7/4/2024,Negative,Negative,
ENV-COV-24-1366,Gauteng,Ekurhuleni MM,Tembisa Mall,7/4/2024,Positive,Negative,
ENV-COV-24-1367,Gauteng,Ekurhuleni MM,Tembisa Hospital Downstream,7/4/2024,Negative,Negative,
ENV-COV-24-1368,Gauteng,Ekurhuleni MM,Tembisa Hospital East and West,7/4/2024,Negative,Negative,
ENV-COV-24-1369,Gauteng,Ekurhuleni MM,Namane Drive,7/4/2024,Positive,Negative,
ENV-COV-24-1370,Gauteng,Ekurhuleni MM,Moloreng,7/4/2024,Negative,Negative,
ENV-COV-24-1371,Gauteng,Ekurhuleni MM,Sasol Garage,7/4/2024,Positive,Negative,
ENV-COV-24-1372,Limpopo,Vhembe DM,Musina WWTW (in town),7/1/2024,Positive,Negative,
ENV-COV-24-1373,Limpopo,Vhembe DM,Nancefield,7/1/2024,Positive,Positive,
ENV-COV-24-1374,North West,Bojanala Platinum DM,Rustenburg Wastewater Treatment Works,7/3/2024,Negative,Negative,
ENV-COV-24-1375,North West,Bojanala Platinum DM,Boitekong,7/3/2024,Positive,Negative,
ENV-COV-24-1376,Northern Cape,Frances Baard DM,Homevale Kimberley,7/3/2024,Negative,Negative,
ENV-COV-24-1377,Gauteng,Ekurhuleni MM,Other,7/4/2024,Negative,Negative,
ENV-COV-24-1378,Gauteng,Tshwane MM,Daspoort Wastewater Treatment Works,7/5/2024,Positive,Negative,
ENV-COV-24-1379,Gauteng,Tshwane MM,SAPS Training College,7/5/2024,Negative,Negative,
ENV-COV-24-1380,Gauteng,Tshwane MM,Kalafong Hospital,7/5/2024,Negative,Negative,
ENV-COV-24-1381,Gauteng,Tshwane MM,Atteridgeville Train Station,7/5/2024,Positive,Negative,
ENV-COV-24-1382,Gauteng,Tshwane MM,Vergenoeg,7/5/2024,Negative,Negative,
ENV-COV-24-1383,Gauteng,Tshwane MM,Laudium,7/5/2024,Negative,Negative,
ENV-COV-24-1384,Gauteng,Tshwane MM,Groenkloof,7/5/2024,Negative,Negative,
ENV-COV-24-1385,KwaZulu-Natal,Umkhanyakude DM,Jozini Wastewater Treatment Plant,7/2/2024,Negative,Negative,
ENV-COV-24-1386,Eastern Cape,Buffalo City MM,Mdantsane Wastewater Treatment Works,7/4/2024,Negative,Negative,
ENV-COV-24-1387,Gauteng,Ekurhuleni MM,Midstream,7/8/2024,Positive,Negative,
ENV-COV-24-1388,Gauteng,Ekurhuleni MM,Olifantsfontein,7/8/2024,Positive,Positive,
ENV-COV-24-1389,Gauteng,Ekurhuleni MM,Tembisa Mall,7/8/2024,Positive,Positive,
ENV-COV-24-1390,Gauteng,Ekurhuleni MM,Tembisa Hospital Downstream,7/8/2024,Positive,Positive,
ENV-COV-24-1391,Gauteng,Ekurhuleni MM,Tembisa Hospital East and West,7/8/2024,Negative,Negative,
ENV-COV-24-1392,Gauteng,Ekurhuleni MM,Namane Drive,7/8/2024,Positive,Negative,
ENV-COV-24-1393,Gauteng,Ekurhuleni MM,Moloreng,7/8/2024,Negative,Negative,
ENV-COV-24-1394,Gauteng,Ekurhuleni MM,Sasol Garage,7/8/2024,Negative,Negative,
ENV-COV-24-1395,Gauteng,Ekurhuleni MM,OR Tambo International Airport,7/8/2024,Negative,Negative,
ENV-COV-24-1396,Gauteng,Tshwane MM,Daspoort Wastewater Treatment Works,7/9/2024,Positive,Positive,
ENV-COV-24-1397,Gauteng,Tshwane MM,SAPS Training College,7/9/2024,Negative,Negative,
ENV-COV-24-1398,Gauteng,Tshwane MM,Kalafong Hospital,7/9/2024,Negative,Negative,
ENV-COV-24-1399,Gauteng,Tshwane MM,Atteridgeville Train Station,7/9/2024,Negative,Negative,
ENV-COV-24-1400,Gauteng,Tshwane MM,Laudium,7/9/2024,Negative,Positive,
ENV-COV-24-1401,Gauteng,Tshwane MM,Groenkloof,7/9/2024,Negative,Negative,
ENV-COV-24-1402,Gauteng,Johannesburg MM,Northern Wastewater Treatment Works (GP),7/9/2024,Negative,Positive,
ENV-COV-24-1403,Gauteng,Ekurhuleni MM,Hartebeesfontein Waterworks,7/9/2024,Negative,Negative,
ENV-COV-24-1404,KwaZulu-Natal,Ethekwini MM,Northern Wastewater Treatment Works (KZN),7/8/2024,Negative,Negative,
ENV-COV-24-1405,KwaZulu-Natal,Ethekwini MM,Central Wastewater Treatment Works (KZN),7/8/2024,Negative,Positive,
ENV-COV-24-1406,Gauteng,Johannesburg MM,Bushkoppies Inlet,7/10/2024,Positive,Positive,
ENV-COV-24-1407,Gauteng,Johannesburg MM,Bushkoppies Final,7/10/2024,Negative,Positive,
ENV-COV-24-1408,Gauteng,Johannesburg MM,Klipsruit Yard (Before tunnel),7/10/2024,Negative,Negative,
ENV-COV-24-1409,Gauteng,Johannesburg MM,Klipspruit Veggies (After tunnel),7/10/2024,Positive,Negative,
ENV-COV-24-1410,Gauteng,Johannesburg MM,Motsoaledi,7/10/2024,Positive,Negative,
ENV-COV-24-1411,Gauteng,Johannesburg MM,Goudkoppies Wastewater Treatment Works,7/10/2024,Positive,Negative,
ENV-COV-24-1412,Western Cape,Cape Town MM,Zandvleit Wastewater Treatment Works,7/9/2024,Negative,Negative,
ENV-COV-24-1413,Western Cape,Cape Town MM,Borcherds Quarry Wastewater Treatment Works,7/9/2024,Negative,Positive,
ENV-COV-24-1414,Eastern Cape,Buffalo City MM,Mdantsane Wastewater Treatment Works,7/9/2024,Positive,Positive,
ENV-COV-24-1415,Eastern Cape,Buffalo City MM,East Bank Wastewater Treatment Works,7/9/2024,Negative,Negative,
ENV-COV-24-1416,Free State,Mangaung MM,Bloemspruit Wastewater Treatment Works,7/9/2024,Negative,Negative,
ENV-COV-24-1417,Free State,Mangaung MM,Sterkwater Wastewater Treatment Works,7/9/2024,Negative,Negative,
ENV-COV-24-1418,Limpopo,Vhembe DM,Nancefield,7/8/2024,Negative,Negative,
ENV-COV-24-1419,Limpopo,Vhembe DM,Musina WWTW (in town),7/8/2024,Negative,Negative,
ENV-COV-24-1420,Mpumalanga,Ehlanzeni DM,Kingstonvale,7/8/2024,Positive,Negative,
ENV-COV-24-1421,Mpumalanga,Ehlanzeni DM,Komatipoort Sewage plant,7/8/2024,Negative,Negative,
ENV-COV-24-1422,Gauteng,Ekurhuleni MM,Midstream,7/11/2024,Negative,Positive,
ENV-COV-24-1423,Gauteng,Ekurhuleni MM,Olifantsfontein,7/11/2024,Positive,Negative,
ENV-COV-24-1424,Gauteng,Ekurhuleni MM,Tembisa Mall,7/11/2024,Negative,Negative,
ENV-COV-24-1425,Gauteng,Ekurhuleni MM,Tembisa Hospital Downstream,7/11/2024,Positive,Negative,
ENV-COV-24-1426,Gauteng,Ekurhuleni MM,Tembisa Hospital East and West,7/11/2024,Negative,Negative,
ENV-COV-24-1427,Gauteng,Ekurhuleni MM,Namane Drive,7/11/2024,Negative,Negative,
ENV-COV-24-1428,Gauteng,Ekurhuleni MM,Moloreng,7/11/2024,Negative,Negative,
ENV-COV-24-1429,Gauteng,Ekurhuleni MM,Sasol Garage,7/11/2024,Negative,Negative,
ENV-COV-24-1430,North West,Bojanala Platinum DM,Rustenburg Wastewater Treatment Works,7/10/2024,Positive,Negative,
ENV-COV-24-1431,North West,Bojanala Platinum DM,Boitekong,7/10/2024,Negative,Negative,
ENV-COV-24-1432,Gauteng,Ekurhuleni MM,OR Tambo International Airport,7/11/2024,Negative,Negative,
ENV-COV-24-1433,Gauteng,Ekurhuleni MM,ERWAT Vlakplaat Wastewater Treatment Works,7/9/2024,Positive,Negative,
ENV-COV-24-1434,Gauteng,Tshwane MM,Rooiwal Wastewater Treatment Works,7/10/2024,Negative,Positive,
ENV-COV-24-1435,Gauteng,Tshwane MM,Daspoort Wastewater Treatment Works,7/12/2024,Positive,Negative,
ENV-COV-24-1436,Gauteng,Tshwane MM,SAPS Training College,7/12/2024,Negative,Negative,
ENV-COV-24-1437,Gauteng,Tshwane MM,Kalafong Hospital,7/12/2024,Positive,Positive,
ENV-COV-24-1438,Gauteng,Tshwane MM,Atteridgeville Train Station,7/12/2024,Positive,Positive,
ENV-COV-24-1439,Gauteng,Tshwane MM,Vergenoeg,7/12/2024,Positive,Positive,
ENV-COV-24-1440,Gauteng,Tshwane MM,Laudium,7/12/2024,Negative,Negative,
ENV-COV-24-1441,Gauteng,Tshwane MM,Groenkloof,7/12/2024,Negative,Negative,
ENV-COV-24-1442,Eastern Cape,Buffalo City MM,Mdantsane Wastewater Treatment Works,7/11/2024,Negative,Negative,
ENV-COV-24-1443,KwaZulu-Natal,Umkhanyakude DM,Jozini Wastewater Treatment Plant,7/9/2024,Positive,Negative,
ENV-COV-24-1444,KwaZulu-Natal,Umkhanyakude DM,Manguzi Wastewater Treatment Plant,7/10/2024,Negative,Negative,
ENV-COV-24-1445,Eastern Cape,Nelson Mandela Bay MM,Brickfield Pre-treatment Works,7/8/2024,Positive,Negative,
ENV-COV-24-1446,Eastern Cape,Nelson Mandela Bay MM,Kwanobuhle Wastewater Treatment Works,7/8/2024,Positive,Positive,
ENV-COV-24-1447,Northern Cape,Frances Baard DM,Homevale Kimberley,7/11/2024,Positive,Positive,
ENV-COV-24-1448,Gauteng,Ekurhuleni MM,Olifantsfontein,7/15/2024,Negative,Negative,
ENV-COV-24-1449,Gauteng,Ekurhuleni MM,Midstream,7/15/2024,Positive,Negative,
ENV-COV-24-1450,Gauteng,Ekurhuleni MM,Tembisa Mall,7/15/2024,Negative,Negative,
ENV-COV-24-1451,Gauteng,Ekurhuleni MM,Tembisa Hospital East and West,7/15/2024,Negative,Negative,
ENV-COV-24-1452,Gauteng,Ekurhuleni MM,Namane Drive,7/15/2024,Negative,Negative,
ENV-COV-24-1453,Gauteng,Ekurhuleni MM,Moloreng,7/15/2024,Positive,Negative,
ENV-COV-24-1454,Gauteng,Ekurhuleni MM,Sasol Garage,7/15/2024,Positive,Negative,
ENV-COV-24-1455,Gauteng,Ekurhuleni MM,OR Tambo International Airport,7/15/2024,Negative,Negative,
ENV-COV-24-1456,Gauteng,Tshwane MM,SAPS Training College,7/16/2024,Negative,Negative,
ENV-COV-24-1457,Gauteng,Tshwane MM,Kalafong Hospital,7/16/2024,Negative,Negative,
ENV-COV-24-1458,Gauteng,Tshwane MM,Atteridgeville Train Station,7/16/2024,Negative,Negative,
ENV-COV-24-1459,Gauteng,Tshwane MM,Vergenoeg,7/16/2024,Negative,Negative,
ENV-COV-24-1460,Gauteng,Tshwane MM,Laudium,7/16/2024,Negative,Negative,
ENV-COV-24-1461,Gauteng,Tshwane MM,Groenkloof,7/16/2024,Negative,Negative,
ENV-COV-24-1462,Gauteng,Johannesburg MM,Northern Wastewater Treatment Works (GP),7/16/2024,Negative,Positive,
ENV-COV-24-1463,KwaZulu-Natal,Ethekwini MM,Northern Wastewater Treatment Works (KZN),7/15/2024,Positive,Negative,
ENV-COV-24-1464,KwaZulu-Natal,Ethekwini MM,Central Wastewater Treatment Works (KZN),7/15/2024,Negative,Negative,
ENV-COV-24-1465,Gauteng,Johannesburg MM,Goudkoppies Wastewater Treatment Works,7/17/2024,Positive,Negative,
ENV-COV-24-1466,Gauteng,Johannesburg MM,Motsoaledi,7/17/2024,Negative,Negative,
ENV-COV-24-1467,Gauteng,Johannesburg MM,Klipsruit Yard (Before tunnel),7/17/2024,Negative,Negative,
ENV-COV-24-1468,Gauteng,Johannesburg MM,Klipspruit Veggies (After tunnel),7/17/2024,Negative,Negative,
ENV-COV-24-1469,Gauteng,Johannesburg MM,Bushkoppies Inlet,7/17/2024,Positive,Positive,
ENV-COV-24-1470,Gauteng,Johannesburg MM,Bushkoppies Final,7/17/2024,Positive,Positive,
ENV-COV-24-1471,Limpopo,Vhembe DM,Nancefield,7/15/2024,Negative,Negative,
ENV-COV-24-1472,Limpopo,Vhembe DM,Musina WWTW (in town),7/15/2024,Negative,Negative,
ENV-COV-24-1473,Mpumalanga,Ehlanzeni DM,Komatipoort Sewage plant,7/15/2024,Negative,Negative,
ENV-COV-24-1474,Free State,Mangaung MM,Bloemspruit Wastewater Treatment Works,7/16/2024,Negative,Positive,
ENV-COV-24-1475,Free State,Mangaung MM,Sterkwater Wastewater Treatment Works,7/16/2024,Positive,Negative,
ENV-COV-24-1476,Western Cape,Cape Town MM,Borcherds Quarry Wastewater Treatment Works,7/16/2024,Positive,Positive,
ENV-COV-24-1477,Western Cape,Cape Town MM,Zandvleit Wastewater Treatment Works,7/16/2024,Positive,Positive,
ENV-COV-24-1478,Eastern Cape,Buffalo City MM,Mdantsane Wastewater Treatment Works,7/16/2024,Negative,Negative,
ENV-COV-24-1479,Eastern Cape,Buffalo City MM,East Bank Wastewater Treatment Works,7/17/2024,Negative,Negative,
ENV-COV-24-1480,Mpumalanga,Ehlanzeni DM,Kingstonvale,7/15/2024,Negative,Positive,
ENV-COV-24-1481,Gauteng,Ekurhuleni MM,Sasol Garage,7/18/2024,Negative,Negative,
ENV-COV-24-1482,Gauteng,Ekurhuleni MM,Moloreng,7/18/2024,Negative,Positive,
ENV-COV-24-1483,Gauteng,Ekurhuleni MM,Namane Drive,7/18/2024,Negative,Positive,
ENV-COV-24-1484,Gauteng,Ekurhuleni MM,Tembisa Hospital East and West,7/15/2024,Negative,Negative,
ENV-COV-24-1485,Gauteng,Ekurhuleni MM,Tembisa Hospital Downstream,7/18/2024,Positive,Positive,
ENV-COV-24-1486,Gauteng,Ekurhuleni MM,Tembisa Mall,7/18/2024,Negative,Negative,
ENV-COV-24-1487,Gauteng,Ekurhuleni MM,Midstream,7/18/2024,Positive,Negative,
ENV-COV-24-1488,Gauteng,Ekurhuleni MM,Olifantsfontein,7/18/2024,Negative,Negative,
ENV-COV-24-1489,Gauteng,Ekurhuleni MM,OR Tambo International Airport,7/18/2024,Negative,Negative,
ENV-COV-24-1490,North West,Bojanala Platinum DM,Rustenburg Wastewater Treatment Works,7/17/2024,Negative,Negative,
ENV-COV-24-1491,Gauteng,Tshwane MM,Daspoort Wastewater Treatment Works,7/19/2024,Negative,Negative,
ENV-COV-24-1492,Gauteng,Tshwane MM,SAPS Training College,7/19/2024,Negative,Negative,
ENV-COV-24-1493,Gauteng,Tshwane MM,Kalafong Hospital,7/19/2024,Negative,Negative,
ENV-COV-24-1494,Gauteng,Tshwane MM,Atteridgeville Train Station,7/19/2024,Positive,Negative,
ENV-COV-24-1495,Gauteng,Tshwane MM,Vergenoeg,7/19/2024,Negative,Negative,
ENV-COV-24-1496,Gauteng,Tshwane MM,Laudium,7/19/2024,Positive,Negative,
ENV-COV-24-1497,Gauteng,Tshwane MM,Groenkloof,7/19/2024,Positive,Negative,
ENV-COV-24-1498,Gauteng,Ekurhuleni MM,Hartebeesfontein Waterworks,7/16/2024,Negative,Negative,
ENV-COV-24-1499,KwaZulu-Natal,Umkhanyakude DM,Manguzi Wastewater Treatment Plant,7/17/2024,Negative,Negative,
ENV-COV-24-1500,KwaZulu-Natal,Umkhanyakude DM,Jozini Wastewater Treatment Plant,7/16/2024,Negative,Negative,
ENV-COV-24-1501,Eastern Cape,Buffalo City MM,Mdantsane Wastewater Treatment Works,7/18/2024,Negative,Negative,
ENV-COV-24-1502,Gauteng,Ekurhuleni MM,Midstream,7/22/2024,Negative,Negative,
ENV-COV-24-1503,Gauteng,Ekurhuleni MM,Tembisa Mall,7/22/2024,Negative,Negative,
ENV-COV-24-1504,Gauteng,Ekurhuleni MM,Tembisa Hospital Downstream,7/22/2024,Negative,Negative,
ENV-COV-24-1505,Gauteng,Ekurhuleni MM,Olifantsfontein,7/22/2024,Negative,Negative,
ENV-COV-24-1506,Gauteng,Ekurhuleni MM,Tembisa Hospital East and West,7/22/2024,Negative,Negative,
ENV-COV-24-1507,Gauteng,Ekurhuleni MM,Namane Drive,7/22/2024,Negative,Negative,
ENV-COV-24-1508,Gauteng,Ekurhuleni MM,Moloreng,7/22/2024,Positive,Negative,
ENV-COV-24-1509,Gauteng,Ekurhuleni MM,Sasol Garage,7/22/2024,Positive,Negative,
ENV-COV-24-1510,Gauteng,Ekurhuleni MM,OR Tambo International Airport,7/22/2024,Positive,Negative,
ENV-COV-24-1511,Gauteng,Tshwane MM,Daspoort Wastewater Treatment Works,7/23/2024,Positive,Negative,
ENV-COV-24-1512,Gauteng,Tshwane MM,SAPS Training College,7/23/2024,Positive,Negative,
ENV-COV-24-1513,Gauteng,Tshwane MM,Kalafong Hospital,7/23/2024,Positive,Negative,
ENV-COV-24-1514,Gauteng,Tshwane MM,Atteridgeville Train Station,7/23/2024,Negative,Negative,
ENV-COV-24-1515,Gauteng,Tshwane MM,Vergenoeg,7/23/2024,Positive,Negative,
ENV-COV-24-1516,Gauteng,Tshwane MM,Laudium,7/23/2024,Negative,Negative,
ENV-COV-24-1517,Gauteng,Tshwane MM,Groenkloof,7/23/2024,Negative,Negative,
ENV-COV-24-1518,Gauteng,Johannesburg MM,Goudkoppies Wastewater Treatment Works,7/24/2024,Failed,Failed,
ENV-COV-24-1519,KwaZulu-Natal,Ethekwini MM,Northern Wastewater Treatment Works (KZN),7/22/2024,Negative,Negative,
ENV-COV-24-1520,KwaZulu-Natal,Ethekwini MM,Central Wastewater Treatment Works (KZN),7/22/2024,Positive,Negative,
ENV-COV-24-1521,Gauteng,Ekurhuleni MM,Hartebeesfontein Waterworks,7/23/2024,Positive,Negative,
ENV-COV-24-1522,Gauteng,Johannesburg MM,Northern Wastewater Treatment Works (GP),7/23/2024,Negative,Negative,
ENV-COV-24-1523,Gauteng,Johannesburg MM,Bushkoppies Inlet,7/24/2024,Negative,Negative,
ENV-COV-24-1524,Gauteng,Johannesburg MM,Bushkoppies Final,7/24/2024,Positive,Negative,
ENV-COV-24-1525,Gauteng,Johannesburg MM,Klipsruit Yard (Before tunnel),7/24/2024,Positive,Negative,
ENV-COV-24-1526,Gauteng,Johannesburg MM,Klipspruit Veggies (After tunnel),7/24/2024,Negative,Negative,
ENV-COV-24-1527,Gauteng,Johannesburg MM,Motsoaledi,7/24/2024,Negative,Negative,
ENV-COV-24-1528,Western Cape,Cape Town MM,Borcherds Quarry Wastewater Treatment Works,7/23/2024,Positive,Negative,
ENV-COV-24-1529,Western Cape,Cape Town MM,Zandvleit Wastewater Treatment Works,7/23/2024,Positive,Negative,
ENV-COV-24-1530,Free State,Mangaung MM,Bloemspruit Wastewater Treatment Works,7/23/2024,Positive,Negative,
ENV-COV-24-1531,Free State,Mangaung MM,Sterkwater Wastewater Treatment Works,7/23/2024,Positive,Negative,
ENV-COV-24-1532,Limpopo,Vhembe DM,Musina WWTW (in town),7/22/2024,Positive,Negative,
ENV-COV-24-1533,Limpopo,Vhembe DM,Nancefield,7/22/2024,Positive,Negative,
ENV-COV-24-1534,Mpumalanga,Ehlanzeni DM,Komatipoort Sewage plant,7/22/2024,Negative,Negative,
ENV-COV-24-1535,Mpumalanga,Ehlanzeni DM,Kingstonvale,7/22/2024,Negative,Negative,
ENV-COV-24-1536,Eastern Cape,Buffalo City MM,East Bank Wastewater Treatment Works,7/23/2024,Negative,Negative,
ENV-COV-24-1537,Eastern Cape,Buffalo City MM,Mdantsane Wastewater Treatment Works,7/23/2024,Negative,Negative,
ENV-COV-24-1538,Gauteng,Ekurhuleni MM,ERWAT Vlakplaat Wastewater Treatment Works,7/23/2024,Positive,Negative,
ENV-COV-24-1539,Gauteng,Ekurhuleni MM,Midstream,7/25/2024,Positive,Negative,
ENV-COV-24-1540,Gauteng,Ekurhuleni MM,Olifantsfontein,7/25/2024,Positive,Negative,
ENV-COV-24-1541,Gauteng,Ekurhuleni MM,Tembisa Mall,7/25/2024,Negative,Negative,
ENV-COV-24-1542,Gauteng,Ekurhuleni MM,Tembisa Hospital Downstream,7/25/2024,Negative,Negative,
ENV-COV-24-1543,Gauteng,Ekurhuleni MM,Tembisa Hospital East and West,7/25/2024,Negative,Negative,
ENV-COV-24-1544,Gauteng,Ekurhuleni MM,Namane Drive,7/25/2024,Positive,Negative,
ENV-COV-24-1545,Gauteng,Ekurhuleni MM,Moloreng,7/25/2024,Negative,Negative,
ENV-COV-24-1546,Gauteng,Ekurhuleni MM,Sasol Garage,7/25/2024,Negative,Negative,
ENV-COV-24-1547,Gauteng,Ekurhuleni MM,OR Tambo International Airport,7/25/2024,Negative,Negative,
ENV-COV-24-1548,North West,Bojanala Platinum DM,Boitekong,7/24/2024,Positive,Negative,
ENV-COV-24-1549,North West,Bojanala Platinum DM,Rustenburg Wastewater Treatment Works,7/24/2024,Negative,Negative,
ENV-COV-24-1550,Gauteng,Tshwane MM,Daspoort Wastewater Treatment Works,7/26/2024,Positive,Negative,
ENV-COV-24-1551,Gauteng,Tshwane MM,SAPS Training College,7/26/2024,Negative,Positive,
ENV-COV-24-1552,Gauteng,Tshwane MM,Kalafong Hospital,7/26/2024,Negative,Negative,
ENV-COV-24-1553,Gauteng,Tshwane MM,Atteridgeville Train Station,7/26/2024,Positive,Negative,
ENV-COV-24-1554,Gauteng,Tshwane MM,Vergenoeg,7/26/2024,Positive,Negative,
ENV-COV-24-1555,Gauteng,Tshwane MM,Groenkloof,7/26/2024,Negative,Negative,
ENV-COV-24-1556,Gauteng,Ekurhuleni MM,Sasol Garage,7/29/2024,Positive,Positive,
ENV-COV-24-1557,Gauteng,Ekurhuleni MM,Moloreng,7/29/2024,Positive,Positive,
ENV-COV-24-1558,Gauteng,Ekurhuleni MM,Namane Drive,7/29/2024,Negative,Negative,
ENV-COV-24-1559,Gauteng,Ekurhuleni MM,Tembisa Hospital East and West,7/29/2024,Positive,Positive,
ENV-COV-24-1560,Gauteng,Ekurhuleni MM,Tembisa Hospital Downstream,7/29/2024,Negative,Negative,
ENV-COV-24-1561,Gauteng,Ekurhuleni MM,Tembisa Mall,7/29/2024,Negative,Negative,
ENV-COV-24-1562,Gauteng,Ekurhuleni MM,Midstream,7/29/2024,Positive,Positive,
ENV-COV-24-1563,Gauteng,Ekurhuleni MM,Olifantsfontein,7/29/2024,Negative,Positive,
ENV-COV-24-1564,Eastern Cape,Buffalo City MM,Mdantsane Wastewater Treatment Works,7/25/2024,Negative,Negative,
ENV-COV-24-1565,KwaZulu-Natal,Umkhanyakude DM,Jozini Wastewater Treatment Plant,7/23/2024,Negative,Positive,
ENV-COV-24-1566,KwaZulu-Natal,Umkhanyakude DM,Manguzi Wastewater Treatment Plant,7/24/2024,Negative,Negative,
ENV-COV-24-1567,Gauteng,Tshwane MM,Rooiwal Wastewater Treatment Works,7/17/2024,Positive,Positive,
ENV-COV-24-1568,Gauteng,Tshwane MM,Rooiwal Wastewater Treatment Works,7/24/2024,Negative,Negative,
ENV-COV-24-1569,Gauteng,Ekurhuleni MM,OR Tambo International Airport,7/29/2024,Negative,Negative,
ENV-COV-24-1570,Gauteng,Tshwane MM,Daspoort Wastewater Treatment Works,7/30/2024,Negative,Negative,
ENV-COV-24-1571,Gauteng,Tshwane MM,SAPS Training College,7/30/2024,Positive,Negative,
ENV-COV-24-1572,Gauteng,Tshwane MM,Kalafong Hospital,7/30/2024,Negative,Negative,
ENV-COV-24-1573,Gauteng,Tshwane MM,Atteridgeville Train Station,7/30/2024,Positive,Negative,
ENV-COV-24-1574,Gauteng,Tshwane MM,Vergenoeg,7/30/2024,Negative,Negative,
ENV-COV-24-1575,Gauteng,Tshwane MM,Laudium,7/30/2024,Positive,Positive,
ENV-COV-24-1576,Gauteng,Tshwane MM,Groenkloof,7/30/2024,Negative,Negative,
ENV-COV-24-1577,Gauteng,Johannesburg MM,Northern Wastewater Treatment Works (GP),7/30/2024,Positive,Positive,
ENV-COV-24-1578,KwaZulu-Natal,Ethekwini MM,Central Wastewater Treatment Works (KZN),7/29/2024,Negative,Negative,
ENV-COV-24-1579,KwaZulu-Natal,Ethekwini MM,Northern Wastewater Treatment Works (KZN),7/29/2024,Positive,Negative,
ENV-COV-24-1580,Gauteng,Ekurhuleni MM,Hartebeesfontein Waterworks,7/30/2024,Negative,Negative,
ENV-COV-24-1581,Gauteng,Ekurhuleni MM,ERWAT Vlakplaat Wastewater Treatment Works,7/30/2024,Positive,Negative,
ENV-COV-24-1582,Gauteng,Johannesburg MM,Bushkoppies Inlet,7/31/2024,Positive,Negative,
ENV-COV-24-1583,Gauteng,Johannesburg MM,Bushkoppies Final,7/31/2024,Negative,Negative,
ENV-COV-24-1584,Gauteng,Johannesburg MM,Klipsruit Yard (Before tunnel),7/31/2024,Positive,Positive,
ENV-COV-24-1585,Gauteng,Johannesburg MM,Klipspruit Veggies (After tunnel),7/31/2024,Positive,Positive,
ENV-COV-24-1586,Gauteng,Johannesburg MM,Motsoaledi,7/31/2024,Positive,Positive,
ENV-COV-24-1587,Gauteng,Johannesburg MM,Goudkoppies Wastewater Treatment Works,7/31/2024,Negative,Positive,
ENV-COV-24-1588,Limpopo,Vhembe DM,Musina WWTW (in town),7/29/2024,Negative,Negative,
ENV-COV-24-1589,Limpopo,Vhembe DM,Nancefield,7/29/2024,Negative,Negative,
ENV-COV-24-1590,Mpumalanga,Ehlanzeni DM,Komatipoort Sewage plant,7/29/2024,Positive,Negative,
ENV-COV-24-1591,Mpumalanga,Ehlanzeni DM,Kingstonvale,7/29/2024,Negative,Negative,
ENV-COV-24-1592,Free State,Mangaung MM,Bloemspruit Wastewater Treatment Works,7/30/2024,Negative,Negative,
ENV-COV-24-1593,Free State,Mangaung MM,Sterkwater Wastewater Treatment Works,7/30/2024,Negative,Negative,
ENV-COV-24-1594,Eastern Cape,Buffalo City MM,Mdantsane Wastewater Treatment Works,7/30/2024,Negative,Positive,
ENV-COV-24-1595,Eastern Cape,Buffalo City MM,East Bank Wastewater Treatment Works,7/30/2024,Positive,Positive,
ENV-COV-24-1596,Western Cape,Cape Town MM,Zandvleit Wastewater Treatment Works,7/30/2024,Negative,Negative,
ENV-COV-24-1597,Western Cape,Cape Town MM,Borcherds Quarry Wastewater Treatment Works,7/30/2024,Positive,Positive,
ENV-COV-24-1598,Gauteng,Tshwane MM,Rooiwal Wastewater Treatment Works,7/31/2024,Negative,Positive,
ENV-COV-24-1599,Gauteng,Ekurhuleni MM,Sasol Garage,8/1/2024,Positive,Positive,
ENV-COV-24-1600,Gauteng,Ekurhuleni MM,Moloreng,8/1/2024,Negative,Negative,
ENV-COV-24-1601,Gauteng,Ekurhuleni MM,Namane Drive,8/1/2024,Positive,Negative,
ENV-COV-24-1602,Gauteng,Ekurhuleni MM,Tembisa Hospital East and West,8/1/2024,Negative,Negative,
ENV-COV-24-1603,Gauteng,Ekurhuleni MM,Tembisa Hospital Downstream,8/1/2024,Positive,Positive,
ENV-COV-24-1604,Gauteng,Ekurhuleni MM,Tembisa Mall,8/1/2024,Negative,Positive,
ENV-COV-24-1605,Gauteng,Ekurhuleni MM,Midstream,8/1/2024,Negative,Negative,
ENV-COV-24-1606,Gauteng,Ekurhuleni MM,Olifantsfontein,8/1/2024,Positive,Negative,
ENV-COV-24-1607,Gauteng,Ekurhuleni MM,OR Tambo International Airport,8/1/2024,Negative,Negative,
ENV-COV-24-1608,North West,Bojanala Platinum DM,Boitekong,7/31/2024,Negative,Positive,
ENV-COV-24-1609,North West,Bojanala Platinum DM,Rustenburg Wastewater Treatment Works,7/31/2024,Negative,Negative,
ENV-COV-24-1610,Gauteng,Tshwane MM,Daspoort Wastewater Treatment Works,8/2/2024,Positive,Negative,
ENV-COV-24-1611,Gauteng,Tshwane MM,SAPS Training College,8/2/2024,Negative,Negative,
ENV-COV-24-1612,Gauteng,Tshwane MM,Kalafong Hospital,8/2/2024,Negative,Negative,
ENV-COV-24-1613,Gauteng,Tshwane MM,Atteridgeville Train Station,8/2/2024,Negative,Negative,
ENV-COV-24-1614,Gauteng,Tshwane MM,Vergenoeg,8/2/2024,Negative,Negative,
ENV-COV-24-1615,Gauteng,Tshwane MM,Laudium,8/2/2024,Negative,Negative,
ENV-COV-24-1616,Gauteng,Tshwane MM,Groenkloof,8/2/2024,Negative,Negative,
ENV-COV-24-1617,Eastern Cape,Buffalo City MM,Mdantsane Wastewater Treatment Works,8/1/2024,Negative,Negative,
ENV-COV-24-1618,KwaZulu-Natal,Umkhanyakude DM,Manguzi Wastewater Treatment Plant,7/31/2024,Negative,Negative,
ENV-COV-24-1619,KwaZulu-Natal,Umkhanyakude DM,Jozini Wastewater Treatment Plant,7/30/2024,Negative,Negative,
ENV-COV-24-1620,Gauteng,Ekurhuleni MM,Sasol Garage,8/5/2024,Positive,Negative,
ENV-COV-24-1621,Gauteng,Ekurhuleni MM,Moloreng,8/5/2024,Negative,Negative,
ENV-COV-24-1622,Gauteng,Ekurhuleni MM,Namane Drive,8/5/2024,Negative,Negative,
ENV-COV-24-1623,Gauteng,Ekurhuleni MM,Tembisa Hospital East and West,8/5/2024,Negative,Negative,
ENV-COV-24-1624,Gauteng,Ekurhuleni MM,Tembisa Hospital Downstream,8/5/2024,Negative,Negative,
ENV-COV-24-1625,Gauteng,Ekurhuleni MM,Tembisa Mall,8/5/2024,Negative,Negative,
ENV-COV-24-1626,Gauteng,Ekurhuleni MM,Midstream,8/5/2024,Negative,Negative,
ENV-COV-24-1627,Gauteng,Ekurhuleni MM,Olifantsfontein,8/5/2024,Positive,Negative,
ENV-COV-24-1628,Gauteng,Ekurhuleni MM,OR Tambo International Airport,8/5/2024,Negative,Negative,
ENV-COV-24-1629,Gauteng,Tshwane MM,Daspoort Wastewater Treatment Works,8/6/2024,Negative,Negative,
ENV-COV-24-1630,Gauteng,Tshwane MM,SAPS Training College,8/6/2024,Negative,Negative,
ENV-COV-24-1631,Gauteng,Tshwane MM,Kalafong Hospital,8/6/2024,Negative,Negative,
ENV-COV-24-1632,Gauteng,Tshwane MM,Atteridgeville Train Station,8/6/2024,Negative,Negative,
ENV-COV-24-1633,Gauteng,Tshwane MM,Vergenoeg,8/6/2024,Negative,Negative,
ENV-COV-24-1634,Gauteng,Tshwane MM,Laudium,8/6/2024,Positive,Negative,
ENV-COV-24-1635,Gauteng,Tshwane MM,Groenkloof,8/6/2024,Negative,Negative,
ENV-COV-24-1636,Gauteng,Johannesburg MM,Northern Wastewater Treatment Works (GP),8/6/2024,Negative,Negative,
ENV-COV-24-1637,KwaZulu-Natal,Ethekwini MM,Northern Wastewater Treatment Works (KZN),8/5/2024,Negative,Negative,
ENV-COV-24-1638,KwaZulu-Natal,Ethekwini MM,Central Wastewater Treatment Works (KZN),8/5/2024,Positive,Negative,
ENV-COV-24-1639,Gauteng,Johannesburg MM,Bushkoppies Inlet,8/7/2024,Positive,Negative,
ENV-COV-24-1640,Gauteng,Johannesburg MM,Bushkoppies Final,8/7/2024,Positive,Negative,
ENV-COV-24-1641,Gauteng,Johannesburg MM,Klipsruit Yard (Before tunnel),8/7/2024,Negative,Negative,
ENV-COV-24-1642,Gauteng,Johannesburg MM,Klipspruit Veggies (After tunnel),8/7/2024,Negative,Negative,
ENV-COV-24-1643,Gauteng,Johannesburg MM,Motsoaledi,8/7/2024,Negative,Negative,
ENV-COV-24-1644,Gauteng,Ekurhuleni MM,ERWAT Vlakplaat Wastewater Treatment Works,8/6/2024,Negative,Negative,
ENV-COV-24-1645,Eastern Cape,Buffalo City MM,Mdantsane Wastewater Treatment Works,8/6/2024,Negative,Negative,
ENV-COV-24-1646,Eastern Cape,Buffalo City MM,East Bank Wastewater Treatment Works,8/6/2024,Negative,Negative,
ENV-COV-24-1647,Free State,Mangaung MM,Sterkwater Wastewater Treatment Works,8/6/2024,Negative,Positive,
ENV-COV-24-1648,Free State,Mangaung MM,Bloemspruit Wastewater Treatment Works,8/6/2024,Positive,Negative,
ENV-COV-24-1649,Mpumalanga,Ehlanzeni DM,Komatipoort Sewage plant,8/5/2024,Negative,Positive,
ENV-COV-24-1650,Western Cape,Cape Town MM,Zandvleit Wastewater Treatment Works,8/6/2024,Positive,Negative,
ENV-COV-24-1651,Western Cape,Cape Town MM,Borcherds Quarry Wastewater Treatment Works,8/6/2024,Positive,Negative,
ENV-COV-24-1652,Limpopo,Vhembe DM,Musina WWTW (in town),8/5/2024,Negative,Negative,
ENV-COV-24-1653,Limpopo,Vhembe DM,Nancefield,8/5/2024,Positive,Negative,
ENV-COV-24-1654,Gauteng,Johannesburg MM,Goudkoppies Wastewater Treatment Works,8/7/2024,Positive,Negative,
ENV-COV-24-1655,Gauteng,Ekurhuleni MM,Sasol Garage,8/8/2024,Negative,Negative,
ENV-COV-24-1656,Gauteng,Ekurhuleni MM,Moloreng,8/8/2024,Negative,Negative,
ENV-COV-24-1657,Gauteng,Ekurhuleni MM,Namane Drive,8/8/2024,Negative,Negative,
ENV-COV-24-1658,Gauteng,Ekurhuleni MM,Tembisa Hospital East and West,8/8/2024,Negative,Negative,
ENV-COV-24-1659,Gauteng,Ekurhuleni MM,Tembisa Hospital Downstream,8/8/2024,Positive,Negative,
ENV-COV-24-1660,Gauteng,Ekurhuleni MM,Tembisa Mall,8/8/2024,Positive,Negative,
ENV-COV-24-1661,Gauteng,Ekurhuleni MM,Midstream,8/8/2024,Negative,Negative,
ENV-COV-24-1662,Gauteng,Ekurhuleni MM,Olifantsfontein,8/8/2024,Negative,Negative,
ENV-COV-24-1663,Gauteng,Ekurhuleni MM,OR Tambo International Airport,8/8/2024,Negative,Negative,
ENV-COV-24-1664,Gauteng,Ekurhuleni MM,Hartebeesfontein Waterworks,8/6/2024,Positive,Positive,
ENV-COV-24-1665,Northern Cape,Frances Baard DM,Homevale Kimberley,8/7/2024,Negative,Positive,
ENV-COV-24-1666,North West,Bojanala Platinum DM,Rustenburg Wastewater Treatment Works,8/7/2024,Positive,Negative,
ENV-COV-24-1667,North West,Bojanala Platinum DM,Boitekong,8/7/2024,Negative,Positive,
ENV-COV-24-1668,Gauteng,Tshwane MM,Rooiwal Wastewater Treatment Works,8/7/2024,Positive,Negative,
ENV-COV-24-1669,Gauteng,Ekurhuleni MM,Sasol Garage,8/12/2024,Negative,Negative,
ENV-COV-24-1670,Gauteng,Ekurhuleni MM,Moloreng,8/12/2024,Positive,Negative,
ENV-COV-24-1671,Gauteng,Ekurhuleni MM,Namane Drive,8/12/2024,Negative,Negative,
ENV-COV-24-1672,Gauteng,Ekurhuleni MM,Tembisa Hospital East and West,8/12/2024,Negative,Negative,
ENV-COV-24-1673,Gauteng,Ekurhuleni MM,Tembisa Hospital Downstream,8/12/2024,Positive,Negative,
ENV-COV-24-1674,Gauteng,Ekurhuleni MM,Tembisa Mall,8/12/2024,Negative,Negative,
ENV-COV-24-1675,Gauteng,Ekurhuleni MM,Midstream,8/12/2024,Negative,Negative,
ENV-COV-24-1676,Gauteng,Ekurhuleni MM,Olifantsfontein,8/12/2024,Positive,Negative,
ENV-COV-24-1677,Gauteng,Ekurhuleni MM,OR Tambo International Airport,8/12/2024,Negative,Negative,
ENV-COV-24-1678,Eastern Cape,Nelson Mandela Bay MM,Brickfield Pre-treatment Works,7/18/2024,Positive,Negative,
ENV-COV-24-1679,Gauteng,Tshwane MM,Daspoort Wastewater Treatment Works,8/13/2024,Negative,Negative,
ENV-COV-24-1680,Gauteng,Tshwane MM,SAPS Training College,8/13/2024,Negative,Negative,
ENV-COV-24-1681,Gauteng,Tshwane MM,Kalafong Hospital,8/13/2024,Negative,Negative,
ENV-COV-24-1682,Gauteng,Tshwane MM,Atteridgeville Train Station,8/13/2024,Negative,Negative,
ENV-COV-24-1683,Gauteng,Tshwane MM,Vergenoeg,8/13/2024,Positive,Negative,
ENV-COV-24-1684,Gauteng,Tshwane MM,Laudium,8/13/2024,Negative,Negative,
ENV-COV-24-1685,Gauteng,Tshwane MM,Groenkloof,8/13/2024,Negative,Negative,
ENV-COV-24-1686,Gauteng,Johannesburg MM,Northern Wastewater Treatment Works (GP),8/13/2024,Positive,Negative,
ENV-COV-24-1687,KwaZulu-Natal,Ethekwini MM,Central Wastewater Treatment Works (KZN),8/12/2024,Positive,Positive,
ENV-COV-24-1688,KwaZulu-Natal,Ethekwini MM,Northern Wastewater Treatment Works (KZN),8/12/2024,Negative,Negative,
ENV-COV-24-1689,Mpumalanga,Ehlanzeni DM,Komatipoort Sewage plant,8/12/2024,Negative,Negative,
ENV-COV-24-1690,KwaZulu-Natal,Umkhanyakude DM,Jozini Wastewater Treatment Plant,8/3/2024,Positive,Negative,
ENV-COV-24-1691,KwaZulu-Natal,Umkhanyakude DM,Manguzi Wastewater Treatment Plant,8/7/2024,Positive,Negative,
ENV-COV-24-1692,Gauteng,Ekurhuleni MM,ERWAT Vlakplaat Wastewater Treatment Works,8/13/2024,Positive,Negative,
ENV-COV-24-1693,Gauteng,Johannesburg MM,Bushkoppies Inlet,8/14/2024,Positive,Negative,
ENV-COV-24-1694,Gauteng,Johannesburg MM,Bushkoppies Final,8/14/2024,Positive,Positive,
ENV-COV-24-1695,Gauteng,Johannesburg MM,Klipsruit Yard (Before tunnel),8/14/2024,Negative,Negative,
ENV-COV-24-1696,Gauteng,Johannesburg MM,Klipspruit Veggies (After tunnel),8/14/2024,Negative,Negative,
ENV-COV-24-1697,Gauteng,Johannesburg MM,Motsoaledi,8/14/2024,Negative,Negative,
ENV-COV-24-1698,Gauteng,Johannesburg MM,Goudkoppies Wastewater Treatment Works,8/14/2024,Positive,Positive,
ENV-COV-24-1699,Gauteng,Ekurhuleni MM,Hartebeesfontein Waterworks,8/13/2024,Negative,Negative,
ENV-COV-24-1700,Eastern Cape,Buffalo City MM,East Bank Wastewater Treatment Works,8/13/2024,Negative,Positive,
ENV-COV-24-1701,Eastern Cape,Buffalo City MM,Mdantsane Wastewater Treatment Works,8/13/2024,Negative,Positive,
ENV-COV-24-1702,Limpopo,Vhembe DM,Nancefield,8/13/2024,Positive,Negative,
ENV-COV-24-1703,Limpopo,Vhembe DM,Musina WWTW (in town),8/13/2024,Negative,Negative,
ENV-COV-24-1704,Western Cape,Cape Town MM,Borcherds Quarry Wastewater Treatment Works,8/13/2024,Positive,Positive,
ENV-COV-24-1705,Western Cape,Cape Town MM,Zandvleit Wastewater Treatment Works,8/13/2024,Negative,Positive,
ENV-COV-24-1706,Gauteng,Tshwane MM,Rooiwal Wastewater Treatment Works,8/14/2024,Negative,Positive,
ENV-COV-24-1707,Gauteng,Ekurhuleni MM,Sasol Garage,8/15/2024,Negative,Negative,
ENV-COV-24-1708,Gauteng,Ekurhuleni MM,Moloreng,8/15/2024,Negative,Negative,
ENV-COV-24-1709,Gauteng,Ekurhuleni MM,Namane Drive,8/15/2024,Negative,Negative,
ENV-COV-24-1710,Gauteng,Ekurhuleni MM,Tembisa Hospital East and West,8/15/2024,Negative,Negative,
ENV-COV-24-1711,Gauteng,Ekurhuleni MM,Tembisa Hospital Downstream,8/15/2024,Positive,Negative,
ENV-COV-24-1712,Gauteng,Ekurhuleni MM,Tembisa Mall,8/15/2024,Negative,Negative,
ENV-COV-24-1713,Gauteng,Ekurhuleni MM,Midstream,8/15/2024,Negative,Negative,
ENV-COV-24-1714,Gauteng,Ekurhuleni MM,Olifantsfontein,8/15/2024,Negative,Positive,
ENV-COV-24-1715,Gauteng,Ekurhuleni MM,OR Tambo International Airport,8/15/2024,Negative,Negative,
ENV-COV-24-1716,North West,Bojanala Platinum DM,Rustenburg Wastewater Treatment Works,8/14/2024,Negative,Negative,
ENV-COV-24-1717,North West,Bojanala Platinum DM,Boitekong,8/14/2024,Positive,Positive,
ENV-COV-24-1718,Free State,Mangaung MM,Bloemspruit Wastewater Treatment Works,8/13/2024,Negative,Positive,
ENV-COV-24-1719,Free State,Mangaung MM,Sterkwater Wastewater Treatment Works,8/13/2024,Positive,Negative,
ENV-COV-24-1720,Northern Cape,Frances Baard DM,Homevale Kimberley,8/14/2024,Positive,Positive,
ENV-COV-24-1721,Gauteng,Tshwane MM,Daspoort Wastewater Treatment Works,8/16/2024,Negative,Negative,
ENV-COV-24-1722,Gauteng,Tshwane MM,SAPS Training College,8/16/2024,Negative,Negative,
ENV-COV-24-1723,Gauteng,Tshwane MM,Kalafong Hospital,8/16/2024,Positive,Negative,
ENV-COV-24-1724,Gauteng,Tshwane MM,Atteridgeville Train Station,8/16/2024,Negative,Negative,
ENV-COV-24-1725,Gauteng,Tshwane MM,Vergenoeg,8/16/2024,Negative,Negative,
ENV-COV-24-1726,Gauteng,Tshwane MM,Laudium,8/16/2024,Negative,Negative,
ENV-COV-24-1727,Gauteng,Tshwane MM,Groenkloof,8/16/2024,Negative,Negative,
ENV-COV-24-1728,Gauteng,Ekurhuleni MM,Sasol Garage,8/19/2024,Positive,Negative,
ENV-COV-24-1729,Gauteng,Ekurhuleni MM,Moloreng,8/19/2024,Negative,Negative,
ENV-COV-24-1730,Gauteng,Ekurhuleni MM,Namane Drive,8/19/2024,Negative,Negative,
ENV-COV-24-1731,Gauteng,Ekurhuleni MM,Tembisa Hospital East and West,8/19/2024,Negative,Negative,
ENV-COV-24-1732,Gauteng,Ekurhuleni MM,Tembisa Hospital Downstream,8/19/2024,Positive,Negative,
ENV-COV-24-1733,Gauteng,Ekurhuleni MM,Tembisa Mall,8/19/2024,Positive,Negative,
ENV-COV-24-1734,Gauteng,Ekurhuleni MM,Midstream,8/19/2024,Negative,Negative,
ENV-COV-24-1735,Gauteng,Ekurhuleni MM,Olifantsfontein,8/19/2024,Positive,Negative,
ENV-COV-24-1736,Gauteng,Ekurhuleni MM,OR Tambo International Airport,8/19/2024,Negative,Negative,
ENV-COV-24-1737,KwaZulu-Natal,Umkhanyakude DM,Jozini Wastewater Treatment Plant,8/13/2024,Positive,Negative,
ENV-COV-24-1738,KwaZulu-Natal,Umkhanyakude DM,Manguzi Wastewater Treatment Plant,8/14/2024,Negative,Negative,
ENV-COV-24-1739,Eastern Cape,Buffalo City MM,Mdantsane Wastewater Treatment Works,8/15/2024,Positive,Negative,
ENV-COV-24-1740,Eastern Cape,Nelson Mandela Bay MM,Kwanobuhle Wastewater Treatment Works,8/12/2024,Positive,Negative,
ENV-COV-24-1741,Gauteng,Tshwane MM,Daspoort Wastewater Treatment Works,8/20/2024,Negative,Negative,
ENV-COV-24-1742,Gauteng,Tshwane MM,SAPS Training College,8/20/2024,Negative,Negative,
ENV-COV-24-1743,Gauteng,Tshwane MM,Kalafong Hospital,8/20/2024,Negative,Negative,
ENV-COV-24-1744,Gauteng,Tshwane MM,Atteridgeville Train Station,8/20/2024,Negative,Negative,
ENV-COV-24-1745,Gauteng,Tshwane MM,Vergenoeg,8/20/2024,Positive,Negative,
ENV-COV-24-1746,Gauteng,Tshwane MM,Laudium,8/20/2024,Negative,Negative,
ENV-COV-24-1747,Gauteng,Tshwane MM,Groenkloof,8/20/2024,Negative,Negative,
ENV-COV-24-1748,Gauteng,Johannesburg MM,Northern Wastewater Treatment Works (GP),8/20/2024,Negative,Positive,
ENV-COV-24-1749,Mpumalanga,Ehlanzeni DM,Komatipoort Sewage plant,8/19/2024,Negative,Negative,
ENV-COV-24-1750,KwaZulu-Natal,Ethekwini MM,Northern Wastewater Treatment Works (KZN),8/19/2024,Positive,Negative,
ENV-COV-24-1751,KwaZulu-Natal,Ethekwini MM,Central Wastewater Treatment Works (KZN),8/19/2024,Negative,Negative,
ENV-COV-24-1752,Eastern Cape,Buffalo City MM,East Bank Wastewater Treatment Works,8/20/2024,Negative,Negative,
ENV-COV-24-1753,Limpopo,Vhembe DM,Nancefield,8/20/2024,Positive,Negative,
ENV-COV-24-1754,Limpopo,Vhembe DM,Musina WWTW (in town),8/20/2024,Negative,Negative,
ENV-COV-24-1755,Gauteng,Tshwane MM,Rooiwal Wastewater Treatment Works,8/21/2024,Positive,Positive,
ENV-COV-24-1756,Eastern Cape,Buffalo City MM,Mdantsane Wastewater Treatment Works,8/20/2024,Negative,Positive,
ENV-COV-24-1757,Free State,Mangaung MM,Bloemspruit Wastewater Treatment Works,8/20/2024,Negative,Negative,
ENV-COV-24-1758,Free State,Mangaung MM,Sterkwater Wastewater Treatment Works,8/20/2024,Positive,Negative,
ENV-COV-24-1760,Gauteng,Johannesburg MM,Bushkoppies Inlet,8/21/2024,Negative,Negative,
ENV-COV-24-1761,Gauteng,Johannesburg MM,Klipspruit Veggies (After tunnel),8/21/2024,Negative,Negative,
ENV-COV-24-1762,Gauteng,Johannesburg MM,Bushkoppies Final,8/21/2024,Negative,Negative,
ENV-COV-24-1763,Gauteng,Johannesburg MM,Motsoaledi,8/21/2024,Negative,Negative,
ENV-COV-24-1764,Gauteng,Johannesburg MM,Klipsruit Yard (Before tunnel),8/21/2024,Negative,Negative,
ENV-COV-24-1765,Gauteng,Johannesburg MM,Goudkoppies Wastewater Treatment Works,8/21/2024,Positive,Negative,
ENV-COV-24-1766,Western Cape,Cape Town MM,Borcherds Quarry Wastewater Treatment Works,8/20/2024,Positive,Negative,
ENV-COV-24-1767,Western Cape,Cape Town MM,Zandvleit Wastewater Treatment Works,8/20/2024,Positive,Negative,
ENV-COV-24-1768,Gauteng,Ekurhuleni MM,Hartebeesfontein Waterworks,8/20/2024,Positive,Positive,
ENV-COV-24-1769,North West,Bojanala Platinum DM,Rustenburg Wastewater Treatment Works,8/21/2024,Negative,Negative,
ENV-COV-24-1770,North West,Bojanala Platinum DM,Boitekong,8/21/2024,Positive,Negative,
ENV-COV-24-1771,Gauteng,Ekurhuleni MM,Midstream,8/22/2024,Negative,Negative,
ENV-COV-24-1772,Gauteng,Ekurhuleni MM,Olifantsfontein,8/22/2024,Negative,Negative,
ENV-COV-24-1773,Gauteng,Ekurhuleni MM,Tembisa Mall,8/22/2024,Positive,Negative,
ENV-COV-24-1774,Gauteng,Ekurhuleni MM,Tembisa Hospital Downstream,8/22/2024,Negative,Positive,
ENV-COV-24-1775,Gauteng,Ekurhuleni MM,Tembisa Hospital East and West,8/22/2024,Negative,Negative,
ENV-COV-24-1776,Gauteng,Ekurhuleni MM,Namane Drive,8/22/2024,Negative,Negative,
ENV-COV-24-1777,Gauteng,Ekurhuleni MM,Moloreng,8/22/2024,Negative,Negative,
ENV-COV-24-1778,Gauteng,Ekurhuleni MM,Sasol Garage,8/22/2024,Positive,Negative,
ENV-COV-24-1779,Gauteng,Ekurhuleni MM,OR Tambo International Airport,8/22/2024,Negative,Negative,
ENV-COV-24-1780,Gauteng,Tshwane MM,Daspoort Wastewater Treatment Works,8/23/2024,Negative,Positive,
ENV-COV-24-1781,Gauteng,Tshwane MM,SAPS Training College,8/23/2024,Negative,Negative,
ENV-COV-24-1782,Gauteng,Tshwane MM,Kalafong Hospital,8/23/2024,Negative,Positive,
ENV-COV-24-1783,Gauteng,Tshwane MM,Atteridgeville Train Station,8/23/2024,Negative,Negative,
ENV-COV-24-1784,Gauteng,Tshwane MM,Vergenoeg,8/23/2024,Negative,Negative,
ENV-COV-24-1785,Gauteng,Tshwane MM,Laudium,8/23/2024,Negative,Negative,
ENV-COV-24-1786,Gauteng,Tshwane MM,Groenkloof,8/23/2024,Negative,Negative,
ENV-COV-24-1787,Eastern Cape,Buffalo City MM,Mdantsane Wastewater Treatment Works,8/22/2024,Positive,Negative,
ENV-COV-24-1788,KwaZulu-Natal,Umkhanyakude DM,Jozini Wastewater Treatment Plant,8/20/2024,Positive,Negative,
ENV-COV-24-1789,KwaZulu-Natal,Umkhanyakude DM,Manguzi Wastewater Treatment Plant,8/21/2024,Positive,Negative,
ENV-COV-24-1790,Gauteng,Ekurhuleni MM,Sasol Garage,8/26/2024,Negative,Negative,
ENV-COV-24-1791,Gauteng,Ekurhuleni MM,Moloreng,8/26/2024,Negative,Negative,
ENV-COV-24-1792,Gauteng,Ekurhuleni MM,Namane Drive,8/26/2024,Negative,Negative,
ENV-COV-24-1793,Gauteng,Ekurhuleni MM,Tembisa Hospital East and West,8/26/2024,Negative,Negative,
ENV-COV-24-1794,Gauteng,Ekurhuleni MM,Tembisa Hospital Downstream,8/26/2024,Positive,Negative,
ENV-COV-24-1795,Gauteng,Ekurhuleni MM,Tembisa Mall,8/26/2024,Negative,Negative,
ENV-COV-24-1796,Gauteng,Ekurhuleni MM,Midstream,8/26/2024,Negative,Negative,
ENV-COV-24-1797,Gauteng,Ekurhuleni MM,Olifantsfontein,8/26/2024,Positive,Positive,
ENV-COV-24-1798,Gauteng,Ekurhuleni MM,OR Tambo International Airport,8/26/2024,Negative,Positive,
ENV-COV-24-1799,Gauteng,Ekurhuleni MM,ERWAT Vlakplaat Wastewater Treatment Works,8/20/2024,Positive,Positive,
ENV-COV-24-1800,Gauteng,Tshwane MM,Daspoort Wastewater Treatment Works,8/27/2024,Positive,Positive,
ENV-COV-24-1801,Gauteng,Tshwane MM,SAPS Training College,8/27/2024,Negative,Negative,
ENV-COV-24-1802,Gauteng,Tshwane MM,Kalafong Hospital,8/27/2024,Negative,Positive,
ENV-COV-24-1803,Gauteng,Tshwane MM,Atteridgeville Train Station,8/27/2024,Negative,Negative,
ENV-COV-24-1804,Gauteng,Tshwane MM,Vergenoeg,8/27/2024,Negative,Negative,
ENV-COV-24-1805,Gauteng,Tshwane MM,Laudium,8/27/2024,Negative,Negative,
ENV-COV-24-1806,Gauteng,Tshwane MM,Groenkloof,8/27/2024,Negative,Negative,
ENV-COV-24-1807,Gauteng,Johannesburg MM,Northern Wastewater Treatment Works (GP),8/27/2024,Negative,Positive,
ENV-COV-24-1808,Mpumalanga,Ehlanzeni DM,Komatipoort Sewage plant,8/26/2024,Positive,Negative,
ENV-COV-24-1809,KwaZulu-Natal,Ethekwini MM,Central Wastewater Treatment Works (KZN),8/26/2024,Positive,Positive,
ENV-COV-24-1810,KwaZulu-Natal,Ethekwini MM,Northern Wastewater Treatment Works (KZN),8/26/2024,Positive,Negative,
ENV-COV-24-1811,Gauteng,Ekurhuleni MM,ERWAT Vlakplaat Wastewater Treatment Works,8/27/2024,Positive,Negative,
ENV-COV-24-1812,Gauteng,Ekurhuleni MM,Hartebeesfontein Waterworks,8/27/2024,Negative,Positive,
ENV-COV-24-1813,Gauteng,Johannesburg MM,Bushkoppies Inlet,8/28/2024,Positive,Negative,
ENV-COV-24-1814,Gauteng,Johannesburg MM,Bushkoppies Final,8/28/2024,Negative,Negative,
ENV-COV-24-1815,Gauteng,Johannesburg MM,Klipsruit Yard (Before tunnel),8/28/2024,Negative,Negative,
ENV-COV-24-1816,Gauteng,Johannesburg MM,Klipspruit Veggies (After tunnel),8/28/2024,Negative,Negative,
ENV-COV-24-1817,Gauteng,Johannesburg MM,Motsoaledi,8/28/2024,Negative,Positive,
ENV-COV-24-1818,Gauteng,Johannesburg MM,Goudkoppies Wastewater Treatment Works,8/28/2024,Negative,Negative,
ENV-COV-24-1819,Western Cape,Cape Town MM,Zandvleit Wastewater Treatment Works,8/27/2024,Positive,Positive,
ENV-COV-24-1820,Limpopo,Vhembe DM,Musina WWTW (in town),8/27/2024,Negative,Negative,
ENV-COV-24-1821,Limpopo,Vhembe DM,Nancefield,8/27/2024,Positive,Negative,
ENV-COV-24-1822,Free State,Mangaung MM,Bloemspruit Wastewater Treatment Works,8/27/2024,Positive,Negative,
ENV-COV-24-1823,Free State,Mangaung MM,Sterkwater Wastewater Treatment Works,8/27/2024,Positive,Positive,
ENV-COV-24-1824,Western Cape,Cape Town MM,Borcherds Quarry Wastewater Treatment Works,8/27/2024,Negative,Negative,
ENV-COV-24-1825,Gauteng,Ekurhuleni MM,Sasol Garage,8/29/2024,Positive,Negative,
ENV-COV-24-1826,Gauteng,Ekurhuleni MM,Moloreng,8/29/2024,Negative,Negative,
ENV-COV-24-1827,Gauteng,Ekurhuleni MM,Namane Drive,8/29/2024,Negative,Negative,
ENV-COV-24-1828,Gauteng,Ekurhuleni MM,Tembisa Hospital East and West,8/29/2024,Negative,Negative,
ENV-COV-24-1829,Gauteng,Ekurhuleni MM,Tembisa Hospital Downstream,8/29/2024,Positive,Negative,
ENV-COV-24-1830,Gauteng,Ekurhuleni MM,Tembisa Mall,8/29/2024,Negative,Negative,
ENV-COV-24-1831,Gauteng,Ekurhuleni MM,Midstream,8/29/2024,Negative,Negative,
ENV-COV-24-1832,Gauteng,Ekurhuleni MM,Olifantsfontein,8/29/2024,Positive,Positive,
ENV-COV-24-1833,Gauteng,Ekurhuleni MM,OR Tambo International Airport,8/29/2024,Negative,Negative,
ENV-COV-24-1834,North West,Bojanala Platinum DM,Boitekong,8/28/2024,Positive,Negative,
ENV-COV-24-1835,North West,Bojanala Platinum DM,Rustenburg Wastewater Treatment Works,8/28/2024,Negative,Negative,
ENV-COV-24-1836,Eastern Cape,Buffalo City MM,East Bank Wastewater Treatment Works,8/27/2024,Negative,Positive,
ENV-COV-24-1837,Eastern Cape,Buffalo City MM,Mdantsane Wastewater Treatment Works,8/27/2024,Positive,Negative,
ENV-COV-24-1838,Gauteng,Tshwane MM,Daspoort Wastewater Treatment Works,8/30/2024,Positive,Negative,
ENV-COV-24-1839,Gauteng,Tshwane MM,SAPS Training College,8/30/2024,Negative,Negative,
ENV-COV-24-1840,Gauteng,Tshwane MM,Kalafong Hospital,8/30/2024,Negative,Positive,
ENV-COV-24-1841,Gauteng,Tshwane MM,Atteridgeville Train Station,8/30/2024,Negative,Negative,
ENV-COV-24-1842,Gauteng,Tshwane MM,Vergenoeg,8/30/2024,Negative,Negative,
ENV-COV-24-1843,Gauteng,Tshwane MM,Laudium,8/30/2024,Negative,Negative,
ENV-COV-24-1844,Gauteng,Tshwane MM,Groenkloof,8/30/2024,Negative,Negative,
ENV-COV-24-1845,KwaZulu-Natal,Umkhanyakude DM,Jozini Wastewater Treatment Plant,8/27/2024,Negative,Negative,
ENV-COV-24-1846,KwaZulu-Natal,Umkhanyakude DM,Manguzi Wastewater Treatment Plant,8/28/2024,Positive,Negative,
ENV-COV-24-1847,Eastern Cape,Buffalo City MM,Mdantsane Wastewater Treatment Works,8/29/2024,Positive,Positive,
ENV-COV-24-1848,Gauteng,Ekurhuleni MM,Midstream,9/2/2024,Negative,Negative,
ENV-COV-24-1849,Gauteng,Ekurhuleni MM,Olifantsfontein,9/2/2024,Positive,Positive,
ENV-COV-24-1850,Gauteng,Ekurhuleni MM,Tembisa Mall,9/2/2024,Positive,Negative,
ENV-COV-24-1851,Gauteng,Ekurhuleni MM,Tembisa Hospital Downstream,9/2/2024,Positive,Positive,
ENV-COV-24-1852,Gauteng,Ekurhuleni MM,Tembisa Hospital East and West,9/2/2024,Negative,Negative,
ENV-COV-24-1853,Gauteng,Ekurhuleni MM,Namane Drive,9/2/2024,Negative,Negative,
ENV-COV-24-1854,Gauteng,Ekurhuleni MM,Moloreng,9/2/2024,Negative,Negative,
ENV-COV-24-1855,Gauteng,Ekurhuleni MM,Sasol Garage,9/2/2024,Negative,Negative,
ENV-COV-24-1856,Gauteng,Ekurhuleni MM,OR Tambo International Airport,9/2/2024,Negative,Negative,
ENV-COV-24-1857,Gauteng,Tshwane MM,Daspoort Wastewater Treatment Works,9/3/2024,Positive,Negative,
ENV-COV-24-1858,Gauteng,Tshwane MM,SAPS Training College,9/3/2024,Negative,Negative,
ENV-COV-24-1859,Gauteng,Tshwane MM,Kalafong Hospital,9/3/2024,Negative,Positive,
ENV-COV-24-1860,Gauteng,Tshwane MM,Atteridgeville Train Station,9/3/2024,Negative,Negative,
ENV-COV-24-1861,Gauteng,Tshwane MM,Vergenoeg,9/3/2024,Negative,Negative,
ENV-COV-24-1862,Gauteng,Tshwane MM,Laudium,9/3/2024,Positive,Negative,
ENV-COV-24-1863,Gauteng,Tshwane MM,Groenkloof,9/3/2024,Negative,Negative,
ENV-COV-24-1864,Gauteng,Johannesburg MM,Goudkoppies Wastewater Treatment Works,9/4/2024,Negative,Negative,
ENV-COV-24-1865,Gauteng,Ekurhuleni MM,ERWAT Vlakplaat Wastewater Treatment Works,9/3/2024,Positive,Negative,
ENV-COV-24-1866,Mpumalanga,Ehlanzeni DM,Komatipoort Sewage plant,9/2/2024,Negative,Negative,
ENV-COV-24-1867,Northern Cape,Frances Baard DM,Homevale Kimberley,8/28/2024,Positive,Positive,
ENV-COV-24-1868,KwaZulu-Natal,Ethekwini MM,Central Wastewater Treatment Works (KZN),9/2/2024,Positive,Positive,
ENV-COV-24-1869,KwaZulu-Natal,Ethekwini MM,Northern Wastewater Treatment Works (KZN),9/2/2024,Positive,Negative,
ENV-COV-24-1870,Gauteng,Johannesburg MM,Northern Wastewater Treatment Works (GP),9/3/2024,Positive,Positive,
ENV-COV-24-1871,Gauteng,Johannesburg MM,Bushkoppies Inlet,9/4/2024,Positive,Positive,
ENV-COV-24-1872,Gauteng,Johannesburg MM,Bushkoppies Final,9/4/2024,Positive,Negative,
ENV-COV-24-1873,Gauteng,Johannesburg MM,Klipsruit Yard (Before tunnel),9/4/2024,Negative,Negative,
ENV-COV-24-1874,Gauteng,Johannesburg MM,Klipspruit Veggies (After tunnel),9/4/2024,Positive,Negative,
ENV-COV-24-1875,Gauteng,Johannesburg MM,Motsoaledi,9/4/2024,Negative,Negative,
ENV-COV-24-1876,Gauteng,Tshwane MM,Rooiwal Wastewater Treatment Works,8/28/2024,Positive,Positive,
ENV-COV-24-1877,Eastern Cape,Buffalo City MM,Mdantsane Wastewater Treatment Works,9/3/2024,Negative,Positive,
ENV-COV-24-1878,Eastern Cape,Buffalo City MM,East Bank Wastewater Treatment Works,9/3/2024,Positive,Positive,
ENV-COV-24-1879,Limpopo,Vhembe DM,Musina WWTW (in town),9/3/2024,Positive,Negative,
ENV-COV-24-1880,Limpopo,Vhembe DM,Nancefield,9/3/2024,Positive,Negative,
ENV-COV-24-1881,Free State,Mangaung MM,Bloemspruit Wastewater Treatment Works,9/3/2024,Positive,Positive,
ENV-COV-24-1882,Free State,Mangaung MM,Sterkwater Wastewater Treatment Works,9/3/2024,Positive,Positive,
ENV-COV-24-1883,Western Cape,Cape Town MM,Zandvleit Wastewater Treatment Works,9/3/2024,Positive,Positive,
ENV-COV-24-1884,Western Cape,Cape Town MM,Borcherds Quarry Wastewater Treatment Works,9/4/2024,Negative,Negative,
ENV-COV-24-1885,Gauteng,Ekurhuleni MM,Sasol Garage,9/5/2024,Negative,Negative,
ENV-COV-24-1886,Gauteng,Ekurhuleni MM,Moloreng,9/5/2024,Negative,Negative,
ENV-COV-24-1887,Gauteng,Ekurhuleni MM,Namane Drive,9/5/2024,Negative,Negative,
ENV-COV-24-1888,Gauteng,Ekurhuleni MM,Tembisa Hospital East and West,9/5/2024,Negative,Negative,
ENV-COV-24-1889,Gauteng,Ekurhuleni MM,Tembisa Hospital Downstream,9/5/2024,Positive,Positive,
ENV-COV-24-1890,Gauteng,Ekurhuleni MM,Tembisa Mall,9/5/2024,Positive,Negative,
ENV-COV-24-1891,Gauteng,Ekurhuleni MM,Midstream,9/5/2024,Negative,Negative,
ENV-COV-24-1892,Gauteng,Ekurhuleni MM,Olifantsfontein,9/5/2024,Positive,Positive,
ENV-COV-24-1893,Gauteng,Ekurhuleni MM,OR Tambo International Airport,9/5/2024,Negative,Negative,
ENV-COV-24-1894,Northern Cape,Frances Baard DM,Homevale Kimberley,9/4/2024,Negative,Positive,
ENV-COV-24-1895,North West,Bojanala Platinum DM,Boitekong,9/4/2024,Negative,Positive,
ENV-COV-24-1896,North West,Bojanala Platinum DM,Rustenburg Wastewater Treatment Works,9/4/2024,Negative,Negative,
ENV-COV-24-1897,Gauteng,Tshwane MM,Daspoort Wastewater Treatment Works,9/6/2024,Positive,Positive,
ENV-COV-24-1898,Gauteng,Tshwane MM,SAPS Training College,9/6/2024,Negative,Negative,
ENV-COV-24-1899,Gauteng,Tshwane MM,Kalafong Hospital,9/6/2024,Negative,Positive,
ENV-COV-24-1900,Gauteng,Tshwane MM,Atteridgeville Train Station,9/6/2024,Negative,Negative,
ENV-COV-24-1901,Gauteng,Tshwane MM,Vergenoeg,9/6/2024,Negative,Negative,
ENV-COV-24-1902,Gauteng,Tshwane MM,Laudium,9/6/2024,Negative,Negative,
ENV-COV-24-1903,Gauteng,Tshwane MM,Groenkloof,9/6/2024,Negative,Negative,
ENV-COV-24-1904,Gauteng,Tshwane MM,Rooiwal Wastewater Treatment Works,9/4/2024,Negative,Positive,
ENV-COV-24-1905,Gauteng,Ekurhuleni MM,Hartebeesfontein Waterworks,9/3/2024,Negative,Positive,
ENV-COV-24-1906,KwaZulu-Natal,Umkhanyakude DM,Jozini Wastewater Treatment Plant,9/3/2024,Positive,Negative,
ENV-COV-24-1907,Eastern Cape,Buffalo City MM,Mdantsane Wastewater Treatment Works,9/5/2024,Negative,Positive,
ENV-COV-24-1908,KwaZulu-Natal,Umkhanyakude DM,Manguzi Wastewater Treatment Plant,9/4/2024,Negative,Negative,
ENV-COV-24-1909,Gauteng,Ekurhuleni MM,Sasol Garage,9/9/2024,Negative,Negative,
ENV-COV-24-1910,Gauteng,Ekurhuleni MM,Moloreng,9/9/2024,Negative,Negative,
ENV-COV-24-1911,Gauteng,Ekurhuleni MM,Namane Drive,9/9/2024,Negative,Negative,
ENV-COV-24-1912,Gauteng,Ekurhuleni MM,Tembisa Hospital East and West,9/9/2024,Negative,Negative,
ENV-COV-24-1913,Gauteng,Ekurhuleni MM,Tembisa Hospital Downstream,9/9/2024,Positive,Negative,
ENV-COV-24-1914,Gauteng,Ekurhuleni MM,Tembisa Mall,9/9/2024,Positive,Negative,
ENV-COV-24-1915,Gauteng,Ekurhuleni MM,Midstream,9/9/2024,Negative,Negative,
ENV-COV-24-1916,Gauteng,Ekurhuleni MM,Olifantsfontein,9/9/2024,Positive,Positive,
ENV-COV-24-1917,Gauteng,Ekurhuleni MM,OR Tambo International Airport,9/9/2024,Negative,Negative,
ENV-COV-24-1918,Gauteng,Tshwane MM,Daspoort Wastewater Treatment Works,9/10/2024,Positive,Negative,
ENV-COV-24-1919,Gauteng,Tshwane MM,SAPS Training College,9/10/2024,Positive,Positive,
ENV-COV-24-1920,Gauteng,Tshwane MM,Kalafong Hospital,9/10/2024,Negative,Negative,
ENV-COV-24-1921,Gauteng,Tshwane MM,Atteridgeville Train Station,9/10/2024,Negative,Negative,
ENV-COV-24-1922,Gauteng,Tshwane MM,Vergenoeg,9/10/2024,Negative,Negative,
ENV-COV-24-1923,Gauteng,Tshwane MM,Laudium,9/10/2024,Negative,Negative,
ENV-COV-24-1924,Gauteng,Tshwane MM,Groenkloof,9/10/2024,Positive,Negative,
ENV-COV-24-1925,Gauteng,Johannesburg MM,Northern Wastewater Treatment Works (GP),9/10/2024,Positive,Positive,
ENV-COV-24-1926,KwaZulu-Natal,Ethekwini MM,Northern Wastewater Treatment Works (KZN),9/9/2024,Negative,Negative,
ENV-COV-24-1927,KwaZulu-Natal,Ethekwini MM,Central Wastewater Treatment Works (KZN),9/9/2024,Positive,Positive,
ENV-COV-24-1928,Gauteng,Johannesburg MM,Bushkoppies Inlet,9/11/2024,Positive,Positive,
ENV-COV-24-1929,Gauteng,Johannesburg MM,Bushkoppies Final,9/11/2024,Positive,Negative,
ENV-COV-24-1930,Gauteng,Johannesburg MM,Klipsruit Yard (Before tunnel),9/11/2024,Positive,Negative,
ENV-COV-24-1931,Gauteng,Johannesburg MM,Klipspruit Veggies (After tunnel),9/11/2024,Negative,Negative,
ENV-COV-24-1932,Gauteng,Johannesburg MM,Motsoaledi,9/11/2024,Negative,Positive,
ENV-COV-24-1933,Gauteng,Johannesburg MM,Goudkoppies Wastewater Treatment Works,9/11/2024,Negative,Negative,
ENV-COV-24-1934,Mpumalanga,Ehlanzeni DM,Komatipoort Sewage plant,9/9/2024,Positive,Positive,
ENV-COV-24-1935,Gauteng,Ekurhuleni MM,ERWAT Vlakplaat Wastewater Treatment Works,9/10/2024,Positive,Negative,
ENV-COV-24-1936,Gauteng,Ekurhuleni MM,Hartebeesfontein Waterworks,9/10/2024,Negative,Positive,
ENV-COV-24-1937,Free State,Mangaung MM,Bloemspruit Wastewater Treatment Works,9/10/2024,Negative,Negative,
ENV-COV-24-1938,Free State,Mangaung MM,Sterkwater Wastewater Treatment Works,9/10/2024,Positive,Positive,
ENV-COV-24-1939,Western Cape,Cape Town MM,Zandvleit Wastewater Treatment Works,9/10/2024,Positive,Negative,
ENV-COV-24-1940,Gauteng,Ekurhuleni MM,Sasol Garage,9/12/2024,Positive,Negative,
ENV-COV-24-1941,Gauteng,Ekurhuleni MM,Moloreng,9/12/2024,Positive,Negative,
ENV-COV-24-1942,Gauteng,Ekurhuleni MM,Namane Drive,9/12/2024,Positive,Negative,
ENV-COV-24-1943,Gauteng,Ekurhuleni MM,Tembisa Hospital East and West,9/12/2024,Negative,Positive,
ENV-COV-24-1944,Gauteng,Ekurhuleni MM,Tembisa Mall,9/12/2024,Negative,Negative,
ENV-COV-24-1945,Gauteng,Ekurhuleni MM,Midstream,9/12/2024,Positive,Negative,
ENV-COV-24-1946,Gauteng,Ekurhuleni MM,Olifantsfontein,9/12/2024,Positive,Positive,
ENV-COV-24-1947,Gauteng,Ekurhuleni MM,OR Tambo International Airport,9/12/2024,Negative,Negative,
ENV-COV-24-1948,Gauteng,Tshwane MM,Daspoort Wastewater Treatment Works,9/13/2024,Positive,Positive,
ENV-COV-24-1949,Eastern Cape,Buffalo City MM,East Bank Wastewater Treatment Works,9/10/2024,Negative,Positive,
ENV-COV-24-1950,Gauteng,Tshwane MM,Rooiwal Wastewater Treatment Works,9/11/2024,Negative,Negative,
ENV-COV-24-1951,North West,Bojanala Platinum DM,Rustenburg Wastewater Treatment Works,9/11/2024,Negative,Negative,
ENV-COV-24-1952,North West,Bojanala Platinum DM,Boitekong,9/11/2024,Positive,Negative,
ENV-COV-24-1953,Eastern Cape,Nelson Mandela Bay MM,Kwanobuhle Wastewater Treatment Works,9/9/2024,Positive,Positive,
ENV-COV-24-1954,Eastern Cape,Nelson Mandela Bay MM,Brickfield Pre-treatment Works,9/9/2024,Positive,Positive,
ENV-COV-24-1955,Gauteng,Tshwane MM,SAPS Training College,9/13/2024,Positive,Negative,
ENV-COV-24-1956,Gauteng,Tshwane MM,Kalafong Hospital,9/13/2024,Negative,Negative,
ENV-COV-24-1957,Gauteng,Tshwane MM,Atteridgeville Train Station,9/13/2024,Negative,Negative,
ENV-COV-24-1958,Gauteng,Tshwane MM,Vergenoeg,9/13/2024,Negative,Negative,
ENV-COV-24-1959,Gauteng,Tshwane MM,Laudium,9/13/2024,Negative,Negative,
ENV-COV-24-1960,Gauteng,Tshwane MM,Groenkloof,9/13/2024,Negative,Negative,
ENV-COV-24-1961,KwaZulu-Natal,Umkhanyakude DM,Manguzi Wastewater Treatment Plant,9/11/2024,Negative,Negative,
ENV-COV-24-1962,KwaZulu-Natal,Umkhanyakude DM,Jozini Wastewater Treatment Plant,9/10/2024,Failed,Failed,
ENV-COV-24-1963,Eastern Cape,Buffalo City MM,Mdantsane Wastewater Treatment Works,9/12/2024,Negative,Positive,
ENV-COV-24-1964,Eastern Cape,Buffalo City MM,Mdantsane Wastewater Treatment Works,9/10/2024,Negative,Negative,
ENV-COV-24-1965,Gauteng,Ekurhuleni MM,Sasol Garage,9/16/2024,Negative,Negative,
ENV-COV-24-1966,Gauteng,Ekurhuleni MM,Moloreng,9/16/2024,Positive,Negative,
ENV-COV-24-1967,Gauteng,Ekurhuleni MM,Namane Drive,9/16/2024,Negative,Negative,
ENV-COV-24-1968,Gauteng,Ekurhuleni MM,Tembisa Hospital East and West,9/16/2024,Negative,Negative,
ENV-COV-24-1969,Gauteng,Ekurhuleni MM,Tembisa Mall,9/16/2024,Negative,Negative,
ENV-COV-24-1970,Gauteng,Ekurhuleni MM,Midstream,9/16/2024,Negative,Negative,
ENV-COV-24-1971,Gauteng,Ekurhuleni MM,Olifantsfontein,9/16/2024,Failed,Failed,
ENV-COV-24-1972,Gauteng,Ekurhuleni MM,OR Tambo International Airport,9/16/2024,Negative,Positive,
ENV-COV-24-1973,Gauteng,Ekurhuleni MM,Hartebeesfontein Waterworks,9/17/2024,Negative,Positive,
ENV-COV-24-1974,Gauteng,Tshwane MM,Daspoort Wastewater Treatment Works,9/17/2024,Positive,Negative,
ENV-COV-24-1975,Gauteng,Tshwane MM,SAPS Training College,9/17/2024,Negative,Negative,
ENV-COV-24-1976,Gauteng,Tshwane MM,Kalafong Hospital,9/17/2024,Positive,Negative,
ENV-COV-24-1977,Gauteng,Tshwane MM,Atteridgeville Train Station,9/17/2024,Negative,Negative,
ENV-COV-24-1978,Gauteng,Tshwane MM,Vergenoeg,9/17/2024,Failed,Failed,
ENV-COV-24-1979,Gauteng,Tshwane MM,Laudium,9/17/2024,Negative,Negative,
ENV-COV-24-1980,Gauteng,Tshwane MM,Groenkloof,9/17/2024,Negative,Negative,
ENV-COV-24-1981,Gauteng,Johannesburg MM,Northern Wastewater Treatment Works (GP),9/17/2024,Negative,Negative,
ENV-COV-24-1982,Gauteng,Johannesburg MM,Bushkoppies Inlet,9/18/2024,Negative,Positive,
ENV-COV-24-1983,Gauteng,Johannesburg MM,Bushkoppies Final,9/18/2024,Negative,Positive,
ENV-COV-24-1984,Gauteng,Johannesburg MM,Klipsruit Yard (Before tunnel),9/18/2024,Negative,Negative,
ENV-COV-24-1985,Gauteng,Johannesburg MM,Klipspruit Veggies (After tunnel),9/18/2024,Positive,Negative,
ENV-COV-24-1986,Gauteng,Johannesburg MM,Motsoaledi,9/18/2024,Positive,Negative,
ENV-COV-24-1987,Gauteng,Johannesburg MM,Goudkoppies Wastewater Treatment Works,9/18/2024,Negative,Positive,
ENV-COV-24-1988,Eastern Cape,Buffalo City MM,East Bank Wastewater Treatment Works,9/17/2024,Failed,Failed,
ENV-COV-24-1989,Eastern Cape,Buffalo City MM,Mdantsane Wastewater Treatment Works,9/24/2024,Positive,Negative,
ENV-COV-24-1990,Free State,Mangaung MM,Bloemspruit Wastewater Treatment Works,9/17/2024,Negative,Negative,
ENV-COV-24-1991,Free State,Mangaung MM,Sterkwater Wastewater Treatment Works,9/17/2024,Positive,Positive,
ENV-COV-24-1992,Mpumalanga,Ehlanzeni DM,Komatipoort Sewage plant,9/16/2024,Positive,Positive,
ENV-COV-24-1993,Western Cape,Cape Town MM,Zandvleit Wastewater Treatment Works,9/17/2024,,Positive,
ENV-COV-24-1994,Western Cape,Cape Town MM,Borcherds Quarry Wastewater Treatment Works,9/17/2024,Negative,Negative,
ENV-COV-24-1995,Gauteng,Ekurhuleni MM,Sasol Garage,9/19/2024,Negative,Negative,
ENV-COV-24-1996,Gauteng,Ekurhuleni MM,Moloreng,9/19/2024,Negative,Negative,
ENV-COV-24-1997,Gauteng,Ekurhuleni MM,Namane Drive,9/19/2024,Negative,Negative,
ENV-COV-24-1998,Gauteng,Ekurhuleni MM,Tembisa Hospital East and West,9/19/2024,Negative,Negative,
ENV-COV-24-1999,Gauteng,Ekurhuleni MM,Tembisa Mall,9/19/2024,Negative,Negative,
ENV-COV-24-2000,Gauteng,Ekurhuleni MM,Midstream,9/19/2024,Negative,Negative,
ENV-COV-24-2001,Gauteng,Ekurhuleni MM,Olifantsfontein,9/19/2024,Positive,Negative,
ENV-COV-24-2002,Gauteng,Ekurhuleni MM,OR Tambo International Airport,9/19/2024,Positive,Negative,
ENV-COV-24-2003,Gauteng,Ekurhuleni MM,ERWAT Vlakplaat Wastewater Treatment Works,9/17/2024,Negative,Positive,
ENV-COV-24-2004,Gauteng,Tshwane MM,Rooiwal Wastewater Treatment Works,9/18/2024,Negative,Negative,
ENV-COV-24-2005,North West,Bojanala Platinum DM,Rustenburg Wastewater Treatment Works,9/18/2024,Negative,Negative,
ENV-COV-24-2006,North West,Bojanala Platinum DM,Boitekong,9/18/2024,Negative,Negative,
ENV-COV-24-2007,Northern Cape,Frances Baard DM,Homevale Kimberley,9/18/2024,Negative,Negative,
ENV-COV-24-2008,Gauteng,Tshwane MM,Daspoort Wastewater Treatment Works,9/20/2024,Positive,Negative,
ENV-COV-24-2009,Gauteng,Tshwane MM,SAPS Training College,9/20/2024,Negative,Negative,
ENV-COV-24-2010,Gauteng,Tshwane MM,Kalafong Hospital,9/20/2024,Negative,Negative,
ENV-COV-24-2011,Gauteng,Tshwane MM,Atteridgeville Train Station,9/20/2024,Negative,Negative,
ENV-COV-24-2012,Gauteng,Tshwane MM,Vergenoeg,9/20/2024,Negative,Positive,
ENV-COV-24-2013,Gauteng,Tshwane MM,Laudium,9/20/2024,Positive,Negative,
ENV-COV-24-2014,Gauteng,Tshwane MM,Groenkloof,9/20/2024,Negative,Negative,
ENV-COV-24-2015,Eastern Cape,Buffalo City MM,Mdantsane Wastewater Treatment Works,9/12/2024,Negative,Positive,
ENV-COV-24-2016,KwaZulu-Natal,Umkhanyakude DM,Manguzi Wastewater Treatment Plant,9/18/2024,Negative,Negative,
ENV-COV-24-2017,KwaZulu-Natal,Umkhanyakude DM,Jozini Wastewater Treatment Plant,9/17/2024,Negative,Negative,
ENV-COV-24-2018,Gauteng,Ekurhuleni MM,Sasol Garage,9/23/2024,Negative,Negative,
ENV-COV-24-2019,Gauteng,Ekurhuleni MM,Moloreng,9/23/2024,Negative,Negative,
ENV-COV-24-2020,Gauteng,Ekurhuleni MM,Namane Drive,9/23/2024,Negative,Negative,
ENV-COV-24-2021,Gauteng,Ekurhuleni MM,Tembisa Hospital East and West,9/23/2024,Negative,Negative,
ENV-COV-24-2022,Gauteng,Ekurhuleni MM,Tembisa Mall,9/23/2024,Positive,Negative,
ENV-COV-24-2023,Gauteng,Ekurhuleni MM,Midstream,9/23/2024,Negative,Positive,
ENV-COV-24-2024,Gauteng,Tshwane MM,Daspoort Wastewater Treatment Works,9/27/2024,Positive,Positive,
ENV-COV-24-2025,Gauteng,Ekurhuleni MM,OR Tambo International Airport,9/23/2024,Negative,Negative,
ENV-COV-24-2026,Gauteng,Johannesburg MM,Bushkoppies Inlet,9/25/2024,Negative,Positive,
ENV-COV-24-2027,Gauteng,Johannesburg MM,Bushkoppies Final,9/25/2024,Positive,Positive,
ENV-COV-24-2028,Gauteng,Johannesburg MM,Klipsruit Yard (Before tunnel),9/25/2024,Negative,Negative,
ENV-COV-24-2029,Gauteng,Johannesburg MM,Klipspruit Veggies (After tunnel),9/25/2024,Negative,Negative,
ENV-COV-24-2030,Gauteng,Johannesburg MM,Motsoaledi,9/25/2024,Negative,Negative,
ENV-COV-24-2031,Gauteng,Johannesburg MM,Goudkoppies Wastewater Treatment Works,9/25/2024,Negative,Negative,
ENV-COV-24-2032,Gauteng,Ekurhuleni MM,ERWAT Vlakplaat Wastewater Treatment Works,9/25/2024,Positive,Negative,
ENV-COV-24-2033,Mpumalanga,Ehlanzeni DM,Komatipoort Sewage plant,9/23/2024,Negative,Negative,
ENV-COV-24-2034,KwaZulu-Natal,Ethekwini MM,Central Wastewater Treatment Works (KZN),9/23/2024,Positive,Positive,
ENV-COV-24-2035,KwaZulu-Natal,Ethekwini MM,Northern Wastewater Treatment Works (KZN),9/23/2024,Negative,Negative,
ENV-COV-24-2036,Mpumalanga,Ehlanzeni DM,Kingstonvale,9/23/2024,Negative,Negative,
ENV-COV-24-2037,Free State,Mangaung MM,Bloemspruit Wastewater Treatment Works,9/25/2024,Positive,Positive,
ENV-COV-24-2038,Free State,Mangaung MM,Sterkwater Wastewater Treatment Works,9/24/2024,Positive,Positive,
ENV-COV-24-2039,Gauteng,Ekurhuleni MM,Midstream,9/26/2024,Negative,Negative,
ENV-COV-24-2040,Gauteng,Ekurhuleni MM,Olifantsfontein,9/26/2024,Negative,Negative,
ENV-COV-24-2041,Gauteng,Ekurhuleni MM,Tembisa Mall,9/26/2024,Positive,Negative,
ENV-COV-24-2042,Gauteng,Ekurhuleni MM,Tembisa Hospital East and West,9/26/2024,Negative,Negative,
ENV-COV-24-2043,Gauteng,Ekurhuleni MM,Namane Drive,9/26/2024,Negative,Negative,
ENV-COV-24-2044,Gauteng,Ekurhuleni MM,Moloreng,9/26/2024,Positive,Negative,
ENV-COV-24-2045,Gauteng,Ekurhuleni MM,Sasol Garage,9/26/2024,Negative,Negative,
ENV-COV-24-2046,Gauteng,Ekurhuleni MM,OR Tambo International Airport,9/26/2024,Positive,Negative,
ENV-COV-24-2047,Limpopo,Vhembe DM,Nancefield,9/25/2024,Negative,Negative,
ENV-COV-24-2048,Limpopo,Vhembe DM,Musina WWTW (in town),9/25/2024,Negative,Negative,
ENV-COV-24-2049,Eastern Cape,Buffalo City MM,Mdantsane Wastewater Treatment Works,9/26/2024,Negative,Negative,
ENV-COV-24-2050,Western Cape,Cape Town MM,Borcherds Quarry Wastewater Treatment Works,9/25/2024,Negative,Negative,
ENV-COV-24-2051,North West,Bojanala Platinum DM,Boitekong,9/26/2024,Negative,Negative,
ENV-COV-24-2052,North West,Bojanala Platinum DM,Rustenburg Wastewater Treatment Works,9/25/2024,Negative,Negative,
ENV-COV-24-2053,Western Cape,Cape Town MM,Zandvleit Wastewater Treatment Works,9/26/2024,Negative,Positive,
ENV-COV-24-2054,Gauteng,Tshwane MM,Daspoort Wastewater Treatment Works,9/27/2024,Positive,Negative,
ENV-COV-24-2055,Gauteng,Tshwane MM,SAPS Training College,9/27/2024,Negative,Negative,
ENV-COV-24-2056,Gauteng,Tshwane MM,Kalafong Hospital,9/27/2024,Positive,Negative,
ENV-COV-24-2057,Gauteng,Tshwane MM,Atteridgeville Train Station,9/27/2024,Negative,Negative,
ENV-COV-24-2058,Gauteng,Tshwane MM,Vergenoeg,9/27/2024,Negative,Negative,
ENV-COV-24-2059,Gauteng,Tshwane MM,Laudium,9/27/2024,Positive,Positive,
ENV-COV-24-2060,Gauteng,Tshwane MM,Groenkloof,9/27/2024,Positive,Positive,
ENV-COV-24-2061,Gauteng,Ekurhuleni MM,Sasol Garage,9/30/2024,Negative,Negative,
ENV-COV-24-2062,Gauteng,Ekurhuleni MM,Moloreng,9/30/2024,Negative,Negative,
ENV-COV-24-2063,Gauteng,Ekurhuleni MM,Namane Drive,9/30/2024,Negative,Negative,
ENV-COV-24-2064,Gauteng,Ekurhuleni MM,Tembisa Hospital East and West,9/30/2024,Negative,Negative,
ENV-COV-24-2065,Gauteng,Ekurhuleni MM,Tembisa Mall,9/30/2024,Negative,Negative,
ENV-COV-24-2066,Gauteng,Ekurhuleni MM,Midstream,9/30/2024,Negative,Negative,
ENV-COV-24-2067,Gauteng,Ekurhuleni MM,Olifantsfontein,9/30/2024,Positive,Negative,
ENV-COV-24-2068,Gauteng,Ekurhuleni MM,OR Tambo International Airport,9/30/2024,Negative,Negative,
ENV-COV-24-2069,Gauteng,Tshwane MM,Daspoort Wastewater Treatment Works,10/1/2024,Negative,Negative,
ENV-COV-24-2070,Gauteng,Tshwane MM,SAPS Training College,10/1/2024,Negative,Negative,
ENV-COV-24-2071,Gauteng,Tshwane MM,Kalafong Hospital,10/1/2024,Negative,Negative,
ENV-COV-24-2072,Gauteng,Tshwane MM,Atteridgeville Train Station,10/1/2024,Negative,Negative,
ENV-COV-24-2073,Gauteng,Tshwane MM,Vergenoeg,10/1/2024,Negative,Negative,
ENV-COV-24-2074,Gauteng,Tshwane MM,Laudium,10/1/2024,Negative,Negative,
ENV-COV-24-2075,Gauteng,Tshwane MM,Groenkloof,10/1/2024,Negative,Negative,
ENV-COV-24-2076,KwaZulu-Natal,Umkhanyakude DM,Manguzi Wastewater Treatment Plant,9/25/2024,Negative,Positive,
ENV-COV-24-2077,KwaZulu-Natal,Umkhanyakude DM,Jozini Wastewater Treatment Plant,9/25/2024,Negative,Negative,
ENV-COV-24-2078,KwaZulu-Natal,Ethekwini MM,Northern Wastewater Treatment Works (KZN),9/30/2024,Negative,Negative,
ENV-COV-24-2079,Gauteng,Ekurhuleni MM,Hartebeesfontein Waterworks,10/1/2024,Negative,Negative,
ENV-COV-24-2080,Gauteng,Johannesburg MM,Northern Wastewater Treatment Works (GP),10/1/2024,Negative,Positive,
ENV-COV-24-2081,Gauteng,Johannesburg MM,Bushkoppies Inlet,10/2/2024,Positive,Negative,
ENV-COV-24-2082,Gauteng,Johannesburg MM,Bushkoppies Final,10/2/2024,Negative,Positive,
ENV-COV-24-2083,Gauteng,Johannesburg MM,Klipsruit Yard (Before tunnel),10/2/2024,Negative,Negative,
ENV-COV-24-2084,Gauteng,Johannesburg MM,Klipspruit Veggies (After tunnel),10/2/2024,Negative,Positive,
ENV-COV-24-2085,Gauteng,Johannesburg MM,Motsoaledi,10/2/2024,Negative,Negative,
ENV-COV-24-2086,Gauteng,Johannesburg MM,Goudkoppies Wastewater Treatment Works,10/2/2024,Negative,Positive,
ENV-COV-24-2087,Gauteng,Johannesburg MM,Northern Wastewater Treatment Works (GP),9/25/2024,Negative,Positive,
ENV-COV-24-2088,Gauteng,Tshwane MM,Rooiwal Wastewater Treatment Works,9/18/2024,Positive,Negative,
ENV-COV-24-2089,Mpumalanga,Ehlanzeni DM,Kingstonvale,9/23/2024,Negative,Negative,
ENV-COV-24-2090,Eastern Cape,Buffalo City MM,Mdantsane Wastewater Treatment Works,9/17/2024,Negative,Positive,
ENV-COV-24-2091,Eastern Cape,Buffalo City MM,East Bank Wastewater Treatment Works,9/30/2024,Positive,Positive,
ENV-COV-24-2092,Free State,Mangaung MM,Sterkwater Wastewater Treatment Works,10/1/2024,Positive,Positive,
ENV-COV-24-2093,Free State,Mangaung MM,Bloemspruit Wastewater Treatment Works,10/1/2024,Negative,Negative,
ENV-COV-24-2094,Western Cape,Cape Town MM,Borcherds Quarry Wastewater Treatment Works,10/1/2024,Negative,Negative,
ENV-COV-24-2095,Western Cape,Cape Town MM,Zandvleit Wastewater Treatment Works,10/1/2024,Negative,Negative,
ENV-COV-24-2096,Mpumalanga,Ehlanzeni DM,Komatipoort Sewage plant,9/30/2024,Positive,Negative,
ENV-COV-24-2097,Eastern Cape,Buffalo City MM,East Bank Wastewater Treatment Works,10/1/2024,Negative,Positive,
ENV-COV-24-2098,Eastern Cape,Buffalo City MM,Mdantsane Wastewater Treatment Works,10/1/2024,Negative,Negative,
ENV-COV-24-2099,Gauteng,Tshwane MM,Rooiwal Wastewater Treatment Works,10/1/2024,Negative,Negative,
ENV-COV-24-2100,Gauteng,Ekurhuleni MM,ERWAT Vlakplaat Wastewater Treatment Works,10/1/2024,Positive,Positive,
ENV-COV-24-2101,Gauteng,Ekurhuleni MM,Sasol Garage,10/3/2024,Positive,Negative,
ENV-COV-24-2102,Gauteng,Ekurhuleni MM,Moloreng,10/3/2024,Negative,Negative,
ENV-COV-24-2103,Gauteng,Ekurhuleni MM,Namane Drive,10/3/2024,Negative,Negative,
ENV-COV-24-2104,Gauteng,Ekurhuleni MM,Tembisa Hospital East and West,10/3/2024,Negative,Negative,
ENV-COV-24-2105,Gauteng,Ekurhuleni MM,Tembisa Mall,10/3/2024,Negative,Negative,
ENV-COV-24-2106,Gauteng,Ekurhuleni MM,Midstream,10/3/2024,Negative,Negative,
ENV-COV-24-2107,Gauteng,Ekurhuleni MM,Olifantsfontein,10/3/2024,Positive,Positive,
ENV-COV-24-2108,Gauteng,Ekurhuleni MM,OR Tambo International Airport,10/3/2024,Negative,Negative,
ENV-COV-24-2109,North West,Bojanala Platinum DM,Rustenburg Wastewater Treatment Works,10/2/2024,Positive,Negative,
ENV-COV-24-2110,North West,Bojanala Platinum DM,Boitekong,10/2/2024,Positive,Negative,
ENV-COV-24-2111,Northern Cape,Frances Baard DM,Homevale Kimberley,10/2/2024,Negative,Negative,
ENV-COV-24-2112,Gauteng,Tshwane MM,Daspoort Wastewater Treatment Works,10/4/2024,Negative,Negative,
ENV-COV-24-2113,Gauteng,Tshwane MM,SAPS Training College,10/4/2024,Negative,Negative,
ENV-COV-24-2114,Gauteng,Tshwane MM,Kalafong Hospital,10/4/2024,Negative,Negative,
ENV-COV-24-2115,Gauteng,Tshwane MM,Atteridgeville Train Station,10/4/2024,Negative,Negative,
ENV-COV-24-2116,Gauteng,Tshwane MM,Vergenoeg,10/4/2024,Negative,Negative,
ENV-COV-24-2117,Gauteng,Tshwane MM,Laudium,10/4/2024,Negative,Negative,
ENV-COV-24-2118,Gauteng,Tshwane MM,Groenkloof,10/4/2024,Negative,Negative,
ENV-COV-24-2119,Eastern Cape,Buffalo City MM,Mdantsane Wastewater Treatment Works,10/3/2024,Negative,Negative,
ENV-COV-24-2120,Gauteng,Ekurhuleni MM,OR Tambo International Airport,10/7/2024,Negative,Negative,
ENV-COV-24-2121,Gauteng,Ekurhuleni MM,Olifantsfontein,10/7/2024,Negative,Negative,
ENV-COV-24-2122,Gauteng,Ekurhuleni MM,Midstream,10/7/2024,Negative,Negative,
ENV-COV-24-2123,Gauteng,Ekurhuleni MM,Tembisa Mall,10/7/2024,Negative,Negative,
ENV-COV-24-2124,Gauteng,Ekurhuleni MM,Tembisa Hospital East and West,10/7/2024,Negative,Negative,
ENV-COV-24-2125,Gauteng,Ekurhuleni MM,Namane Drive,10/7/2024,Negative,Negative,
ENV-COV-24-2126,Gauteng,Ekurhuleni MM,Moloreng,10/7/2024,Negative,Negative,
ENV-COV-24-2127,Gauteng,Ekurhuleni MM,Sasol Garage,10/7/2024,Negative,Negative,
ENV-COV-24-2128,KwaZulu-Natal,Umkhanyakude DM,Jozini Wastewater Treatment Plant,10/1/2024,Negative,Negative,
ENV-COV-24-2129,KwaZulu-Natal,Umkhanyakude DM,Manguzi Wastewater Treatment Plant,10/2/2024,Negative,Negative,
ENV-COV-24-2130,Gauteng,Tshwane MM,Daspoort Wastewater Treatment Works,10/8/2024,Negative,Negative,
ENV-COV-24-2131,Gauteng,Tshwane MM,SAPS Training College,10/8/2024,Negative,Negative,
ENV-COV-24-2132,Gauteng,Tshwane MM,Kalafong Hospital,10/8/2024,Positive,Negative,
ENV-COV-24-2133,Gauteng,Tshwane MM,Atteridgeville Train Station,10/8/2024,Negative,Negative,
ENV-COV-24-2134,Gauteng,Tshwane MM,Vergenoeg,10/8/2024,Negative,Negative,
ENV-COV-24-2135,Gauteng,Tshwane MM,Laudium,10/8/2024,Negative,Negative,
ENV-COV-24-2136,Gauteng,Tshwane MM,Groenkloof,10/8/2024,Negative,Negative,
ENV-COV-24-2137,Gauteng,Johannesburg MM,Northern Wastewater Treatment Works (GP),10/8/2024,Negative,Negative,
ENV-COV-24-2138,Gauteng,Tshwane MM,Rooiwal Wastewater Treatment Works,10/8/2024,Negative,Positive,
ENV-COV-24-2139,Gauteng,Ekurhuleni MM,ERWAT Vlakplaat Wastewater Treatment Works,10/8/2024,Negative,Negative,
ENV-COV-24-2140,KwaZulu-Natal,Ethekwini MM,Northern Wastewater Treatment Works (KZN),10/7/2024,Negative,Negative,
ENV-COV-24-2141,KwaZulu-Natal,Ethekwini MM,Central Wastewater Treatment Works (KZN),10/7/2024,Negative,Negative,
ENV-COV-24-2142,Gauteng,Johannesburg MM,Bushkoppies Inlet,10/9/2024,Negative,Negative,
ENV-COV-24-2143,Gauteng,Johannesburg MM,Bushkoppies Final,10/9/2024,Positive,Negative,
ENV-COV-24-2144,Gauteng,Johannesburg MM,Klipsruit Yard (Before tunnel),10/9/2024,Negative,Negative,
ENV-COV-24-2145,Gauteng,Johannesburg MM,Klipspruit Veggies (After tunnel),10/9/2024,Negative,Negative,
ENV-COV-24-2146,Gauteng,Johannesburg MM,Motsoaledi,10/9/2024,Negative,Negative,
ENV-COV-24-2147,Gauteng,Johannesburg MM,Goudkoppies Wastewater Treatment Works,10/9/2024,Negative,Negative,
ENV-COV-24-2148,Eastern Cape,Buffalo City MM,East Bank Wastewater Treatment Works,10/8/2024,Negative,Negative,
ENV-COV-24-2149,Eastern Cape,Buffalo City MM,Mdantsane Wastewater Treatment Works,10/8/2024,Negative,Negative,
ENV-COV-24-2150,Mpumalanga,Ehlanzeni DM,Komatipoort Sewage plant,10/7/2024,Negative,Negative,
ENV-COV-24-2151,Mpumalanga,Ehlanzeni DM,Kingstonvale,10/7/2024,Negative,Negative,
ENV-COV-24-2152,Free State,Mangaung MM,Bloemspruit Wastewater Treatment Works,10/9/2024,Negative,Negative,
ENV-COV-24-2153,Western Cape,Cape Town MM,Borcherds Quarry Wastewater Treatment Works,10/8/2024,Negative,Negative,
ENV-COV-24-2154,Western Cape,Cape Town MM,Zandvleit Wastewater Treatment Works,10/8/2024,Negative,Negative,
ENV-COV-24-2156,Gauteng,Ekurhuleni MM,Sasol Garage,10/10/2024,Negative,Negative,
ENV-COV-24-2157,Gauteng,Ekurhuleni MM,Moloreng,10/10/2024,Negative,Negative,
ENV-COV-24-2158,Gauteng,Ekurhuleni MM,Namane Drive,10/10/2024,Negative,Negative,
ENV-COV-24-2159,Gauteng,Ekurhuleni MM,Tembisa Hospital East and West,10/10/2024,Negative,Negative,
ENV-COV-24-2160,Gauteng,Ekurhuleni MM,Tembisa Hospital Downstream,10/10/2024,Negative,Negative,
ENV-COV-24-2161,Gauteng,Ekurhuleni MM,Tembisa Mall,10/10/2024,Negative,Negative,
ENV-COV-24-2162,Gauteng,Ekurhuleni MM,Midstream,10/10/2024,Negative,Negative,
ENV-COV-24-2163,Gauteng,Ekurhuleni MM,Olifantsfontein,10/10/2024,Negative,Negative,
ENV-COV-24-2164,Free State,Mangaung MM,Sterkwater Wastewater Treatment Works,10/8/2024,Negative,Negative,
ENV-COV-24-2165,North West,Bojanala Platinum DM,Rustenburg Wastewater Treatment Works,10/9/2024,Negative,Negative,
ENV-COV-24-2166,North West,Bojanala Platinum DM,Boitekong,10/9/2024,Negative,Negative,
ENV-COV-24-2167,Gauteng,Ekurhuleni MM,OR Tambo International Airport,10/10/2024,Negative,Negative,
ENV-COV-24-2168,Gauteng,Tshwane MM,Daspoort Wastewater Treatment Works,10/11/2024,Negative,Negative,
ENV-COV-24-2169,Gauteng,Tshwane MM,SAPS Training College,10/11/2024,Negative,Negative,
ENV-COV-24-2170,Gauteng,Tshwane MM,Kalafong Hospital,10/11/2024,Negative,Negative,
ENV-COV-24-2171,Gauteng,Tshwane MM,Atteridgeville Train Station,10/11/2024,Negative,Negative,
ENV-COV-24-2172,Gauteng,Tshwane MM,Vergenoeg,10/11/2024,Negative,Negative,
ENV-COV-24-2173,Gauteng,Tshwane MM,Laudium,10/11/2024,Negative,Negative,
ENV-COV-24-2174,Gauteng,Tshwane MM,Groenkloof,10/11/2024,Negative,Negative,
ENV-COV-24-2175,Gauteng,Ekurhuleni MM,Hartebeesfontein Waterworks,10/8/2024,Negative,Negative,
ENV-COV-24-2176,KwaZulu-Natal,Umkhanyakude DM,Jozini Wastewater Treatment Plant,10/8/2024,Negative,Negative,
ENV-COV-24-2177,Northern Cape,Frances Baard DM,Homevale Kimberley,10/9/2024,Negative,Negative,
ENV-COV-24-2178,Eastern Cape,Buffalo City MM,Mdantsane Wastewater Treatment Works,10/10/2024,Positive,Negative,
ENV-COV-24-2179,Gauteng,Ekurhuleni MM,OR Tambo International Airport,10/14/2024,Negative,Negative,
ENV-COV-24-2180,Gauteng,Ekurhuleni MM,Olifantsfontein,10/14/2024,Positive,Negative,
ENV-COV-24-2181,Gauteng,Ekurhuleni MM,Midstream,10/14/2024,Negative,Negative,
ENV-COV-24-2182,Gauteng,Tshwane MM,Daspoort Wastewater Treatment Works,10/15/2024,,,
ENV-COV-24-2183,Gauteng,Ekurhuleni MM,Tembisa Mall,10/14/2024,Negative,Negative,
ENV-COV-24-2184,Gauteng,Ekurhuleni MM,Tembisa Hospital East and West,10/14/2024,Negative,Negative,
ENV-COV-24-2185,Gauteng,Ekurhuleni MM,Namane Drive,10/14/2024,Negative,Negative,
ENV-COV-24-2186,Gauteng,Ekurhuleni MM,Moloreng,10/14/2024,Positive,Negative,
ENV-COV-24-2187,Gauteng,Ekurhuleni MM,Sasol Garage,10/14/2024,Positive,Negative,
ENV-COV-24-2188,Gauteng,Tshwane MM,SAPS Training College,10/15/2024,Positive,Negative,
ENV-COV-24-2189,Gauteng,Tshwane MM,Kalafong Hospital,10/15/2024,Positive,Negative,
ENV-COV-24-2190,Gauteng,Tshwane MM,Atteridgeville Train Station,10/15/2024,Positive,Negative,
ENV-COV-24-2191,Gauteng,Tshwane MM,Vergenoeg,10/15/2024,Positive,Negative,
ENV-COV-24-2192,Gauteng,Tshwane MM,Laudium,10/15/2024,Negative,Negative,
ENV-COV-24-2193,Gauteng,Tshwane MM,Groenkloof,10/15/2024,Negative,Negative,
ENV-COV-24-2194,Gauteng,Johannesburg MM,Northern Wastewater Treatment Works (GP),10/15/2024,Positive,Negative,
ENV-COV-24-2195,KwaZulu-Natal,Ethekwini MM,Central Wastewater Treatment Works (KZN),10/14/2024,Positive,Negative,
ENV-COV-24-2196,KwaZulu-Natal,Ethekwini MM,Northern Wastewater Treatment Works (KZN),10/14/2024,Positive,Negative,
ENV-COV-24-2197,Gauteng,Ekurhuleni MM,ERWAT Vlakplaat Wastewater Treatment Works,10/15/2024,Positive,Positive,
ENV-COV-24-2198,Gauteng,Ekurhuleni MM,Hartebeesfontein Waterworks,10/15/2024,Positive,Positive,
ENV-COV-24-2199,Gauteng,Johannesburg MM,Goudkoppies Wastewater Treatment Works,10/16/2024,Positive,Positive,
ENV-COV-24-2200,Gauteng,Johannesburg MM,Motsoaledi,10/16/2024,Negative,Negative,
ENV-COV-24-2201,Gauteng,Johannesburg MM,Klipsruit Yard (Before tunnel),10/16/2024,Negative,Negative,
ENV-COV-24-2202,Gauteng,Tshwane MM,Rooiwal Wastewater Treatment Works,10/16/2024,Negative,Negative,
ENV-COV-24-2203,Gauteng,Johannesburg MM,Klipspruit Veggies (After tunnel),10/16/2024,Positive,Negative,
ENV-COV-24-2204,Gauteng,Johannesburg MM,Bushkoppies Inlet,10/16/2024,Positive,Negative,
ENV-COV-24-2205,Gauteng,Johannesburg MM,Bushkoppies Final,10/16/2024,Positive,Positive,
ENV-COV-24-2206,Free State,Mangaung MM,Bloemspruit Wastewater Treatment Works,10/15/2024,Positive,Positive,
ENV-COV-24-2207,Gauteng,Ekurhuleni MM,Midstream,10/17/2024,Negative,Negative,
ENV-COV-24-2208,Gauteng,Ekurhuleni MM,Olifantsfontein,10/17/2024,Positive,Negative,
ENV-COV-24-2209,Gauteng,Ekurhuleni MM,Tembisa Mall,10/17/2024,Positive,Negative,
ENV-COV-24-2210,Gauteng,Ekurhuleni MM,Tembisa Hospital Downstream,10/17/2024,Positive,Negative,
ENV-COV-24-2211,Gauteng,Ekurhuleni MM,Tembisa Hospital East and West,10/17/2024,Negative,Negative,
ENV-COV-24-2212,Gauteng,Ekurhuleni MM,Namane Drive,10/17/2024,Negative,Negative,
ENV-COV-24-2213,Gauteng,Ekurhuleni MM,Moloreng,10/17/2024,Positive,Negative,
ENV-COV-24-2214,Gauteng,Ekurhuleni MM,Sasol Garage,10/17/2024,Positive,Negative,
ENV-COV-24-2215,Free State,Mangaung MM,Sterkwater Wastewater Treatment Works,10/15/2024,Positive,Positive,
ENV-COV-24-2216,Northern Cape,Frances Baard DM,Homevale Kimberley,10/16/2024,Positive,Positive,
ENV-COV-24-2217,Western Cape,Cape Town MM,Zandvleit Wastewater Treatment Works,10/15/2024,Positive,Negative,
ENV-COV-24-2218,Western Cape,Cape Town MM,Borcherds Quarry Wastewater Treatment Works,10/15/2024,Positive,Positive,
ENV-COV-24-2219,Limpopo,Vhembe DM,Musina WWTW (in town),10/15/2024,Negative,Negative,
ENV-COV-24-2220,Limpopo,Vhembe DM,Nancefield,10/15/2024,Positive,Negative,
ENV-COV-24-2221,North West,Bojanala Platinum DM,Rustenburg Wastewater Treatment Works,10/16/2024,Positive,Negative,
ENV-COV-24-2222,North West,Bojanala Platinum DM,Boitekong,10/16/2024,Positive,Negative,
ENV-COV-24-2223,Eastern Cape,Buffalo City MM,Mdantsane Wastewater Treatment Works,10/15/2024,Positive,Positive,
ENV-COV-24-2224,Eastern Cape,Buffalo City MM,East Bank Wastewater Treatment Works,10/15/2024,Negative,Positive,
ENV-COV-24-2225,Gauteng,Ekurhuleni MM,OR Tambo International Airport,10/17/2024,Negative,Negative,
ENV-COV-24-2226,Gauteng,Tshwane MM,Daspoort Wastewater Treatment Works,10/18/2024,Positive,Negative,
ENV-COV-24-2227,Gauteng,Tshwane MM,SAPS Training College,10/18/2024,Positive,Negative,
ENV-COV-24-2228,Gauteng,Tshwane MM,Kalafong Hospital,10/18/2024,Negative,Negative,
ENV-COV-24-2229,Gauteng,Tshwane MM,Atteridgeville Train Station,10/18/2024,Negative,Negative,
ENV-COV-24-2230,Gauteng,Tshwane MM,Vergenoeg,10/18/2024,Positive,Negative,
ENV-COV-24-2231,Gauteng,Tshwane MM,Laudium,10/18/2024,Positive,Negative,
ENV-COV-24-2232,Gauteng,Tshwane MM,Groenkloof,10/18/2024,Negative,Negative,
ENV-COV-24-2233,Gauteng,Ekurhuleni MM,Sasol Garage,10/21/2024,Positive,Positive,
ENV-COV-24-2234,Gauteng,Ekurhuleni MM,Moloreng,10/21/2024,Negative,Negative,
ENV-COV-24-2235,Gauteng,Ekurhuleni MM,Namane Drive,10/21/2024,Negative,Negative,
ENV-COV-24-2236,Gauteng,Ekurhuleni MM,Tembisa Hospital East and West,10/21/2024,Negative,Negative,
ENV-COV-24-2237,Gauteng,Ekurhuleni MM,Tembisa Hospital Downstream,10/21/2024,Positive,Positive,
ENV-COV-24-2238,Gauteng,Ekurhuleni MM,Tembisa Mall,10/21/2024,Positive,Positive,
ENV-COV-24-2239,Gauteng,Ekurhuleni MM,Midstream,10/21/2024,Negative,Negative,
ENV-COV-24-2240,Gauteng,Ekurhuleni MM,Olifantsfontein,10/21/2024,Positive,Positive,
ENV-COV-24-2241,Gauteng,Ekurhuleni MM,OR Tambo International Airport,10/21/2024,Negative,Negative,
ENV-COV-24-2242,KwaZulu-Natal,Umkhanyakude DM,Jozini Wastewater Treatment Plant,10/15/2024,Positive,Negative,
ENV-COV-24-2243,KwaZulu-Natal,Umkhanyakude DM,Manguzi Wastewater Treatment Plant,10/16/2024,Negative,Negative,
ENV-COV-24-2244,Gauteng,Tshwane MM,SAPS Training College,10/22/2024,Positive,Negative,
ENV-COV-24-2245,Gauteng,Tshwane MM,Kalafong Hospital,10/22/2024,Negative,Negative,
ENV-COV-24-2246,Gauteng,Tshwane MM,Atteridgeville Train Station,10/22/2024,Negative,Negative,
ENV-COV-24-2247,Gauteng,Tshwane MM,Vergenoeg,10/22/2024,Positive,Negative,
ENV-COV-24-2248,Gauteng,Tshwane MM,Laudium,10/22/2024,Positive,Negative,
ENV-COV-24-2249,Gauteng,Tshwane MM,Groenkloof,10/22/2024,Positive,Negative,
ENV-COV-24-2250,Gauteng,Johannesburg MM,Northern Wastewater Treatment Works (GP),10/22/2024,Positive,Positive,
ENV-COV-24-2251,Gauteng,Ekurhuleni MM,Hartebeesfontein Waterworks,10/22/2024,Positive,Positive,
ENV-COV-24-2252,Gauteng,Ekurhuleni MM,ERWAT Vlakplaat Wastewater Treatment Works,10/22/2024,Positive,Negative,
ENV-COV-24-2253,Gauteng,Johannesburg MM,Bushkoppies Final,10/23/2024,Positive,Positive,
ENV-COV-24-2254,Gauteng,Johannesburg MM,Bushkoppies Inlet,10/23/2024,Positive,Positive,
ENV-COV-24-2255,Gauteng,Johannesburg MM,Klipsruit Yard (Before tunnel),10/23/2024,Negative,Negative,
ENV-COV-24-2256,Gauteng,Johannesburg MM,Klipspruit Veggies (After tunnel),10/23/2024,Negative,Negative,
ENV-COV-24-2257,Gauteng,Johannesburg MM,Motsoaledi,10/23/2024,Negative,Negative,
ENV-COV-24-2258,Free State,Mangaung MM,Bloemspruit Wastewater Treatment Works,10/22/2024,Positive,Negative,
ENV-COV-24-2259,Mpumalanga,Ehlanzeni DM,Komatipoort Sewage plant,10/18/2024,Positive,Negative,
ENV-COV-24-2260,Free State,Mangaung MM,Sterkwater Wastewater Treatment Works,10/22/2024,Positive,Positive,
ENV-COV-24-2261,Mpumalanga,Ehlanzeni DM,Kingstonvale,10/21/2024,Positive,Negative,
ENV-COV-24-2262,Gauteng,Johannesburg MM,Goudkoppies Wastewater Treatment Works,10/23/2024,Positive,Negative,
ENV-COV-24-2263,Gauteng,Ekurhuleni MM,Sasol Garage,10/24/2024,Negative,Positive,
ENV-COV-24-2264,Gauteng,Ekurhuleni MM,Moloreng,10/24/2024,Positive,Negative,
ENV-COV-24-2265,Gauteng,Ekurhuleni MM,Namane Drive,10/24/2024,Negative,Negative,
ENV-COV-24-2266,Gauteng,Ekurhuleni MM,Tembisa Hospital East and West,10/24/2024,Negative,Negative,
ENV-COV-24-2267,Gauteng,Ekurhuleni MM,Tembisa Hospital Downstream,10/24/2024,Positive,Positive,
ENV-COV-24-2268,Gauteng,Ekurhuleni MM,Tembisa Mall,10/24/2024,Positive,Negative,
ENV-COV-24-2269,Gauteng,Ekurhuleni MM,Midstream,10/24/2024,Negative,Negative,
ENV-COV-24-2270,Gauteng,Ekurhuleni MM,Olifantsfontein,10/24/2024,Positive,Positive,
ENV-COV-24-2271,Gauteng,Ekurhuleni MM,OR Tambo International Airport,10/24/2024,Negative,Negative,
ENV-COV-24-2272,Gauteng,Tshwane MM,Daspoort Wastewater Treatment Works,10/22/2024,Positive,Negative,
ENV-COV-24-2273,KwaZulu-Natal,Ethekwini MM,Northern Wastewater Treatment Works (KZN),10/23/2024,Positive,Negative,
ENV-COV-24-2274,KwaZulu-Natal,Ethekwini MM,Central Wastewater Treatment Works (KZN),10/23/2024,Positive,Positive,
ENV-COV-24-2275,Eastern Cape,Buffalo City MM,Mdantsane Wastewater Treatment Works,10/22/2024,Positive,Positive,
ENV-COV-24-2276,Eastern Cape,Buffalo City MM,East Bank Wastewater Treatment Works,10/22/2024,Positive,Positive,
ENV-COV-24-2277,North West,Bojanala Platinum DM,Rustenburg Wastewater Treatment Works,10/23/2024,Positive,Positive,
ENV-COV-24-2278,North West,Bojanala Platinum DM,Boitekong,10/23/2024,Positive,Negative,
ENV-COV-24-2279,Western Cape,Cape Town MM,Zandvleit Wastewater Treatment Works,10/22/2024,Positive,Negative,
ENV-COV-24-2280,Western Cape,Cape Town MM,Borcherds Quarry Wastewater Treatment Works,10/22/2024,Positive,Positive,
ENV-COV-24-2281,Gauteng,Tshwane MM,Daspoort Wastewater Treatment Works,10/25/2024,Positive,Positive,
ENV-COV-24-2282,Gauteng,Tshwane MM,SAPS Training College,10/25/2024,Negative,Negative,
ENV-COV-24-2283,Gauteng,Tshwane MM,Kalafong Hospital,10/25/2024,Negative,Negative,
ENV-COV-24-2284,Gauteng,Tshwane MM,Atteridgeville Train Station,10/25/2024,Negative,Negative,
ENV-COV-24-2285,Gauteng,Tshwane MM,Vergenoeg,10/25/2024,Positive,Negative,
ENV-COV-24-2286,Gauteng,Tshwane MM,Laudium,10/25/2024,Positive,Negative,
ENV-COV-24-2287,Gauteng,Tshwane MM,Groenkloof,10/25/2024,Negative,Negative,
ENV-COV-24-2288,Gauteng,Tshwane MM,Rooiwal Wastewater Treatment Works,10/23/2024,Positive,Negative,
ENV-COV-24-2289,KwaZulu-Natal,Umkhanyakude DM,Jozini Wastewater Treatment Plant,10/22/2024,Negative,Negative,
ENV-COV-24-2290,KwaZulu-Natal,Umkhanyakude DM,Manguzi Wastewater Treatment Plant,10/23/2024,Negative,Negative,
ENV-COV-24-2291,Gauteng,Ekurhuleni MM,Sasol Garage,10/28/2024,Positive,Negative,
ENV-COV-24-2292,Gauteng,Ekurhuleni MM,Moloreng,10/28/2024,Negative,Negative,
ENV-COV-24-2293,Gauteng,Ekurhuleni MM,Namane Drive,10/28/2024,Positive,Negative,
ENV-COV-24-2294,Gauteng,Ekurhuleni MM,Tembisa Hospital East and West,10/28/2024,Negative,Negative,
ENV-COV-24-2295,Gauteng,Ekurhuleni MM,Tembisa Hospital Downstream,10/28/2024,Negative,Negative,
ENV-COV-24-2296,Gauteng,Ekurhuleni MM,Tembisa Mall,10/28/2024,Negative,Negative,
ENV-COV-24-2297,Gauteng,Ekurhuleni MM,Midstream,10/28/2024,Negative,Negative,
ENV-COV-24-2298,Gauteng,Ekurhuleni MM,Olifantsfontein,10/28/2024,Negative,Negative,
ENV-COV-24-2299,Gauteng,Ekurhuleni MM,OR Tambo International Airport,10/28/2024,Negative,Negative,
ENV-COV-24-2300,Gauteng,Tshwane MM,Daspoort Wastewater Treatment Works,10/29/2024,Negative,Negative,
ENV-COV-24-2301,Gauteng,Tshwane MM,SAPS Training College,10/29/2024,Negative,Negative,
ENV-COV-24-2302,Gauteng,Tshwane MM,Kalafong Hospital,10/29/2024,Negative,Negative,
ENV-COV-24-2303,Gauteng,Tshwane MM,Atteridgeville Train Station,10/29/2024,Negative,Negative,
ENV-COV-24-2304,Gauteng,Tshwane MM,Vergenoeg,10/29/2024,Negative,Negative,
ENV-COV-24-2305,Gauteng,Tshwane MM,Laudium,10/29/2024,Positive,Negative,
ENV-COV-24-2306,Gauteng,Tshwane MM,Groenkloof,10/29/2024,Positive,Negative,
ENV-COV-24-2307,Gauteng,Johannesburg MM,Northern Wastewater Treatment Works (GP),10/29/2024,Negative,Negative,
ENV-COV-24-2308,Gauteng,Ekurhuleni MM,Hartebeesfontein Waterworks,10/29/2024,Positive,Positive,
ENV-COV-24-2309,KwaZulu-Natal,Ethekwini MM,Central Wastewater Treatment Works (KZN),10/28/2024,Negative,Negative,
ENV-COV-24-2310,KwaZulu-Natal,Ethekwini MM,Northern Wastewater Treatment Works (KZN),10/28/2024,Negative,Negative,
ENV-COV-24-2311,Gauteng,Ekurhuleni MM,ERWAT Vlakplaat Wastewater Treatment Works,10/29/2024,Negative,Negative,
ENV-COV-24-2312,Gauteng,Johannesburg MM,Bushkoppies Final,10/30/2024,Negative,Negative,
ENV-COV-24-2313,Gauteng,Johannesburg MM,Bushkoppies Inlet,10/30/2024,Negative,Negative,
ENV-COV-24-2314,Gauteng,Johannesburg MM,Klipsruit Yard (Before tunnel),10/30/2024,Negative,Positive,
env-cov-24-2315,Gauteng,Johannesburg MM,Klipspruit Veggies (After tunnel),10/30/2024,Positive,Negative,
ENV-COV-24-2316,Gauteng,Johannesburg MM,Motsoaledi,10/30/2024,Negative,Negative,
ENV-COV-24-2317,Gauteng,Johannesburg MM,Goudkoppies Wastewater Treatment Works,10/30/2024,Positive,Positive,
ENV-COV-24-2318,Eastern Cape,Buffalo City MM,Mdantsane Wastewater Treatment Works,10/29/2024,Positive,Positive,
ENV-COV-24-2319,Mpumalanga,Ehlanzeni DM,Komatipoort Sewage plant,10/28/2024,Positive,Negative,
ENV-COV-24-2320,Eastern Cape,Buffalo City MM,East Bank Wastewater Treatment Works,10/29/2024,Positive,Positive,
ENV-COV-24-2321,Free State,Mangaung MM,Bloemspruit Wastewater Treatment Works,10/29/2024,Positive,Negative,
ENV-COV-24-2322,Free State,Mangaung MM,Sterkwater Wastewater Treatment Works,10/29/2024,Positive,Negative,
ENV-COV-24-2323,Mpumalanga,Ehlanzeni DM,Kingstonvale,10/28/2024,Positive,Positive,
ENV-COV-24-2324,Western Cape,Cape Town MM,Zandvleit Wastewater Treatment Works,10/29/2024,Positive,Positive,
ENV-COV-24-2325,Western Cape,Cape Town MM,Borcherds Quarry Wastewater Treatment Works,10/29/2024,Positive,Negative,
ENV-COV-24-2326,Gauteng,Ekurhuleni MM,Sasol Garage,10/31/2024,Positive,Negative,
ENV-COV-24-2327,Gauteng,Ekurhuleni MM,Moloreng,10/31/2024,Positive,Negative,
ENV-COV-24-2328,Gauteng,Ekurhuleni MM,Namane Drive,10/31/2024,Negative,Negative,
ENV-COV-24-2329,Gauteng,Ekurhuleni MM,Tembisa Hospital East and West,10/31/2024,Negative,Positive,
ENV-COV-24-2330,Gauteng,Ekurhuleni MM,Tembisa Hospital Downstream,10/31/2024,Positive,Positive,
ENV-COV-24-2331,Gauteng,Ekurhuleni MM,Tembisa Mall,10/31/2024,Negative,Negative,
ENV-COV-24-2332,Gauteng,Ekurhuleni MM,Olifantsfontein,10/31/2024,Positive,Positive,
ENV-COV-24-2333,Gauteng,Ekurhuleni MM,Midstream,10/31/2024,Positive,Positive,
ENV-COV-24-2334,Gauteng,Tshwane MM,Daspoort Wastewater Treatment Works,11/1/2024,Positive,Negative,
ENV-COV-24-2335,Limpopo,Vhembe DM,Nancefield,10/30/2024,Positive,Negative,
ENV-COV-24-2336,Limpopo,Vhembe DM,Musina WWTW (in town),10/30/2024,Positive,Negative,
ENV-COV-24-2337,North West,Bojanala Platinum DM,Rustenburg Wastewater Treatment Works,10/30/2024,Negative,Positive,
ENV-COV-24-2338,North West,Bojanala Platinum DM,Boitekong,10/30/2024,Positive,Positive,
ENV-COV-24-2339,Gauteng,Tshwane MM,SAPS Training College,11/1/2024,Negative,Negative,
ENV-COV-24-2340,Gauteng,Tshwane MM,Kalafong Hospital,11/1/2024,Negative,Negative,
ENV-COV-24-2341,Gauteng,Tshwane MM,Atteridgeville Train Station,11/1/2024,Positive,Negative,
ENV-COV-24-2342,Gauteng,Tshwane MM,Vergenoeg,11/1/2024,Positive,Negative,
ENV-COV-24-2343,Gauteng,Tshwane MM,Laudium,11/1/2024,Positive,Negative,
ENV-COV-24-2344,Gauteng,Tshwane MM,Groenkloof,11/1/2024,Negative,Negative,
ENV-COV-24-2345,Gauteng,Tshwane MM,Rooiwal Wastewater Treatment Works,10/30/2024,Positive,Negative,
ENV-COV-24-2346,KwaZulu-Natal,Umkhanyakude DM,Jozini Wastewater Treatment Plant,10/29/2024,Positive,,
ENV-COV-24-2347,Gauteng,Ekurhuleni MM,Sasol Garage,11/4/2024,Failed,Failed,
ENV-COV-24-2348,Gauteng,Ekurhuleni MM,Moloreng,11/4/2024,Positive,Negative,
ENV-COV-24-2349,Gauteng,Ekurhuleni MM,Namane Drive,11/4/2024,Negative,Negative,
ENV-COV-24-2350,Gauteng,Ekurhuleni MM,Tembisa Hospital East and West,11/4/2024,Positive,Negative,
ENV-COV-24-2351,Gauteng,Ekurhuleni MM,Tembisa Hospital Downstream,11/4/2024,Positive,Negative,
ENV-COV-24-2352,Gauteng,Ekurhuleni MM,Tembisa Mall,11/4/2024,Positive,Negative,
ENV-COV-24-2353,Gauteng,Ekurhuleni MM,Midstream,11/4/2024,Positive,Negative,
ENV-COV-24-2354,Gauteng,Ekurhuleni MM,Olifantsfontein,11/4/2024,Failed,Failed,
ENV-COV-24-2355,Gauteng,Ekurhuleni MM,OR Tambo International Airport,11/4/2024,Failed,Failed,
ENV-COV-24-2356,Gauteng,Tshwane MM,Daspoort Wastewater Treatment Works,11/5/2024,Positive,Positive,
ENV-COV-24-2357,Gauteng,Tshwane MM,SAPS Training College,11/5/2024,Positive,Positive,
ENV-COV-24-2358,Gauteng,Tshwane MM,Kalafong Hospital,11/5/2024,Positive,Positive,
ENV-COV-24-2359,Gauteng,Tshwane MM,Atteridgeville Train Station,11/5/2024,Positive,Negative,
ENV-COV-24-2360,Gauteng,Tshwane MM,Vergenoeg,11/5/2024,Positive,Negative,
ENV-COV-24-2361,Gauteng,Tshwane MM,Groenkloof,11/5/2024,Negative,Negative,
ENV-COV-24-2362,Gauteng,Johannesburg MM,Northern Wastewater Treatment Works (GP),11/5/2024,Positive,Positive,
ENV-COV-24-2363,Gauteng,Johannesburg MM,Bushkoppies Inlet,11/6/2024,Positive,Positive,
ENV-COV-24-2364,KwaZulu-Natal,Ethekwini MM,Central Wastewater Treatment Works (KZN),11/4/2024,Positive,Negative,
ENV-COV-24-2365,Gauteng,Ekurhuleni MM,ERWAT Vlakplaat Wastewater Treatment Works,11/5/2024,Failed,Failed,
ENV-COV-24-2366,Gauteng,Ekurhuleni MM,Hartebeesfontein Waterworks,11/5/2024,Positive,Positive,
ENV-COV-24-2367,Gauteng,Johannesburg MM,Bushkoppies Final,11/6/2024,Positive,Positive,
ENV-COV-24-2368,Gauteng,Johannesburg MM,Klipsruit Yard (Before tunnel),11/6/2024,Failed,Failed,
ENV-COV-24-2369,Gauteng,Johannesburg MM,Klipspruit Veggies (After tunnel),11/6/2024,Negative,Negative,
ENV-COV-24-2370,Gauteng,Johannesburg MM,Motsoaledi,11/6/2024,Positive,Negative,
ENV-COV-24-2371,Gauteng,Johannesburg MM,Goudkoppies Wastewater Treatment Works,11/6/2024,Negative,Negative,
ENV-COV-24-2372,Gauteng,Tshwane MM,Rooiwal Wastewater Treatment Works,11/6/2024,Positive,Positive,
ENV-COV-24-2373,Mpumalanga,Ehlanzeni DM,Komatipoort Sewage plant,11/4/2024,Positive,Negative,
ENV-COV-24-2374,Limpopo,Vhembe DM,Nancefield,11/5/2024,Positive,Negative,
ENV-COV-24-2375,Limpopo,Vhembe DM,Musina WWTW (in town),11/5/2024,Positive,Negative,
ENV-COV-24-2376,Western Cape,Cape Town MM,Zandvleit Wastewater Treatment Works,11/6/2024,Negative,Negative,
ENV-COV-24-2377,Western Cape,Cape Town MM,Borcherds Quarry Wastewater Treatment Works,11/5/2024,Positive,Positive,
ENV-COV-24-2378,Free State,Mangaung MM,Bloemspruit Wastewater Treatment Works,11/5/2024,Positive,Negative,
ENV-COV-24-2379,Free State,Mangaung MM,Sterkwater Wastewater Treatment Works,11/5/2024,Positive,Positive,
ENV-COV-24-2380,Mpumalanga,Ehlanzeni DM,Kingstonvale,11/4/2024,Positive,Positive,
ENV-COV-24-2381,Eastern Cape,Buffalo City MM,Mdantsane Wastewater Treatment Works,11/5/2024,Positive,Positive,
ENV-COV-24-2382,Eastern Cape,Buffalo City MM,East Bank Wastewater Treatment Works,11/5/2024,Positive,Positive,
ENV-COV-24-2383,Gauteng,Ekurhuleni MM,Sasol Garage,11/7/2024,Positive,Positive,
ENV-COV-24-2384,Gauteng,Ekurhuleni MM,Moloreng,11/7/2024,Positive,Negative,
ENV-COV-24-2385,Gauteng,Ekurhuleni MM,Namane Drive,11/7/2024,Positive,Negative,
ENV-COV-24-2386,Gauteng,Ekurhuleni MM,Tembisa Hospital East and West,11/7/2024,Positive,Negative,
ENV-COV-24-2387,Gauteng,Ekurhuleni MM,Tembisa Hospital Downstream,11/7/2024,Positive,Negative,
ENV-COV-24-2388,Gauteng,Ekurhuleni MM,Tembisa Mall,11/7/2024,Positive,Negative,
ENV-COV-24-2389,Gauteng,Ekurhuleni MM,Midstream,11/7/2024,Positive,Negative,
ENV-COV-24-2390,Gauteng,Ekurhuleni MM,Olifantsfontein,11/7/2024,Positive,Negative,
ENV-COV-24-2391,Gauteng,Ekurhuleni MM,OR Tambo International Airport,11/7/2024,Positive,Negative,
ENV-COV-24-2392,Gauteng,Tshwane MM,Daspoort Wastewater Treatment Works,11/8/2024,Negative,Negative,
ENV-COV-24-2393,Northern Cape,Frances Baard DM,Homevale Kimberley,11/6/2024,Positive,Negative,
ENV-COV-24-2394,North West,Bojanala Platinum DM,Rustenburg Wastewater Treatment Works,11/6/2024,Negative,Negative,
ENV-COV-24-2395,Gauteng,Tshwane MM,SAPS Training College,11/8/2024,Negative,Negative,
ENV-COV-24-2396,Gauteng,Tshwane MM,Kalafong Hospital,11/8/2024,Negative,Negative,
ENV-COV-24-2397,Gauteng,Tshwane MM,Atteridgeville Train Station,11/8/2024,Positive,Negative,
ENV-COV-24-2398,Gauteng,Tshwane MM,Vergenoeg,11/8/2024,Positive,Negative,
ENV-COV-24-2399,Gauteng,Tshwane MM,Laudium,11/8/2024,Positive,Negative,
ENV-COV-24-2400,Gauteng,Tshwane MM,Groenkloof,11/8/2024,Negative,Negative,
ENV-COV-24-2401,KwaZulu-Natal,Umkhanyakude DM,Manguzi Wastewater Treatment Plant,11/6/2024,Negative,Negative,
ENV-COV-24-2402,KwaZulu-Natal,Umkhanyakude DM,Jozini Wastewater Treatment Plant,11/5/2024,Negative,Positive,
ENV-COV-24-2403,Gauteng,Ekurhuleni MM,Sasol Garage,11/11/2024,Positive,Negative,
ENV-COV-24-2404,Gauteng,Ekurhuleni MM,Moloreng,11/11/2024,Positive,Negative,
ENV-COV-24-2405,Gauteng,Ekurhuleni MM,Namane Drive,11/11/2024,Negative,Negative,
ENV-COV-24-2406,Gauteng,Ekurhuleni MM,Tembisa Hospital East and West,11/11/2024,Negative,Negative,
ENV-COV-24-2407,Gauteng,Ekurhuleni MM,Tembisa Hospital Downstream,11/11/2024,Positive,Negative,
ENV-COV-24-2408,Gauteng,Ekurhuleni MM,Tembisa Mall,11/11/2024,Negative,Negative,
ENV-COV-24-2409,Gauteng,Ekurhuleni MM,Midstream,11/11/2024,Negative,Negative,
ENV-COV-24-2410,Gauteng,Ekurhuleni MM,Olifantsfontein,11/11/2024,Positive,Negative,
ENV-COV-24-2411,Gauteng,Ekurhuleni MM,OR Tambo International Airport,11/11/2024,Negative,Negative,
ENV-COV-24-2412,Gauteng,Tshwane MM,Daspoort Wastewater Treatment Works,11/12/2024,Positive,Negative,
ENV-COV-24-2413,Gauteng,Tshwane MM,SAPS Training College,11/12/2024,Negative,Negative,
ENV-COV-24-2414,Gauteng,Tshwane MM,Kalafong Hospital,11/12/2024,Positive,Negative,
ENV-COV-24-2415,Gauteng,Tshwane MM,Atteridgeville Train Station,11/12/2024,Negative,Negative,
ENV-COV-24-2416,Gauteng,Tshwane MM,Vergenoeg,11/12/2024,Positive,Negative,
ENV-COV-24-2417,Gauteng,Tshwane MM,Laudium,11/12/2024,Positive,Negative,
ENV-COV-24-2418,Gauteng,Tshwane MM,Groenkloof,11/12/2024,Negative,Negative,
ENV-COV-24-2419,Gauteng,Johannesburg MM,Northern Wastewater Treatment Works (GP),11/12/2024,Negative,Positive,
ENV-COV-24-2420,Gauteng,Ekurhuleni MM,ERWAT Vlakplaat Wastewater Treatment Works,11/12/2024,Positive,Negative,
ENV-COV-24-2421,Gauteng,Ekurhuleni MM,Hartebeesfontein Waterworks,11/12/2024,Positive,Negative,
ENV-COV-24-2422,Gauteng,Johannesburg MM,Bushkoppies Inlet,11/13/2024,Positive,Negative,
ENV-COV-24-2423,Gauteng,Johannesburg MM,Bushkoppies Final,11/13/2024,Positive,Negative,
ENV-COV-24-2424,Gauteng,Johannesburg MM,Klipsruit Yard (Before tunnel),11/13/2024,Negative,Negative,
ENV-COV-24-2425,Gauteng,Johannesburg MM,Klipspruit Veggies (After tunnel),11/13/2024,Negative,Negative,
ENV-COV-24-2426,Gauteng,Johannesburg MM,Motsoaledi,11/13/2024,Negative,Negative,
ENV-COV-24-2427,Gauteng,Johannesburg MM,Goudkoppies Wastewater Treatment Works,11/13/2024,Positive,Negative,
ENV-COV-24-2428,Limpopo,Vhembe DM,Musina WWTW (in town),11/12/2024,Positive,Negative,
ENV-COV-24-2429,Western Cape,Cape Town MM,Zandvleit Wastewater Treatment Works,11/12/2024,Positive,Positive,
ENV-COV-24-2430,Western Cape,Cape Town MM,Borcherds Quarry Wastewater Treatment Works,11/12/2024,Positive,Negative,
ENV-COV-24-2431,Limpopo,Vhembe DM,Nancefield,11/12/2024,Negative,Negative,
ENV-COV-24-2432,Free State,Mangaung MM,Sterkwater Wastewater Treatment Works,11/12/2024,Positive,Positive,
ENV-COV-24-2433,Free State,Mangaung MM,Bloemspruit Wastewater Treatment Works,11/12/2024,Positive,Positive,
ENV-COV-24-2434,Eastern Cape,Buffalo City MM,Mdantsane Wastewater Treatment Works,11/12/2024,Negative,Positive,
ENV-COV-24-2435,Eastern Cape,Buffalo City MM,East Bank Wastewater Treatment Works,11/12/2024,Negative,Negative,
ENV-COV-24-2436,Gauteng,Ekurhuleni MM,Sasol Garage,11/14/2024,Positive,Negative,
ENV-COV-24-2437,Gauteng,Ekurhuleni MM,Moloreng,11/14/2024,Positive,Negative,
ENV-COV-24-2438,Gauteng,Ekurhuleni MM,Namane Drive,11/14/2024,Negative,Negative,
ENV-COV-24-2439,Gauteng,Ekurhuleni MM,Tembisa Hospital East and West,11/14/2024,Negative,Positive,
ENV-COV-24-2440,Gauteng,Ekurhuleni MM,Tembisa Hospital Downstream,11/14/2024,Negative,Positive,
ENV-COV-24-2441,Gauteng,Ekurhuleni MM,Tembisa Mall,11/14/2024,Negative,Positive,
ENV-COV-24-2442,Gauteng,Ekurhuleni MM,Midstream,11/14/2024,Negative,Negative,
ENV-COV-24-2443,Gauteng,Ekurhuleni MM,Olifantsfontein,11/14/2024,Positive,Negative,
ENV-COV-24-2444,Gauteng,Ekurhuleni MM,OR Tambo International Airport,11/14/2024,Negative,Negative,
ENV-COV-24-2445,Northern Cape,Frances Baard DM,Homevale Kimberley,11/13/2024,Positive,Negative,
ENV-COV-24-2446,North West,Bojanala Platinum DM,Rustenburg Wastewater Treatment Works,11/13/2024,Negative,Negative,
ENV-COV-24-2447,North West,Bojanala Platinum DM,Boitekong,11/13/2024,Positive,Negative,
ENV-COV-24-2448,Gauteng,Tshwane MM,Daspoort Wastewater Treatment Works,11/15/2024,Positive,Positive,
ENV-COV-24-2449,Gauteng,Tshwane MM,SAPS Training College,11/15/2024,Negative,Negative,
ENV-COV-24-2450,Gauteng,Tshwane MM,Kalafong Hospital,11/15/2024,Negative,Negative,
ENV-COV-24-2451,Gauteng,Tshwane MM,Atteridgeville Train Station,11/15/2024,Negative,Negative,
ENV-COV-24-2452,Gauteng,Tshwane MM,Vergenoeg,11/15/2024,Positive,Negative,
ENV-COV-24-2453,Gauteng,Tshwane MM,Laudium,11/15/2024,Positive,Positive,
ENV-COV-24-2454,Gauteng,Tshwane MM,Groenkloof,11/15/2024,Negative,Negative,
ENV-COV-24-2455,KwaZulu-Natal,Umkhanyakude DM,Manguzi Wastewater Treatment Plant,11/13/2024,Positive,Negative,
ENV-COV-24-2456,KwaZulu-Natal,Umkhanyakude DM,Jozini Wastewater Treatment Plant,11/12/2024,Negative,Positive,
ENV-COV-24-2457,Mpumalanga,Ehlanzeni DM,Kingstonvale,11/11/2024,Positive,Negative,
ENV-COV-24-2458,Gauteng,Tshwane MM,Rooiwal Wastewater Treatment Works,11/13/2024,Positive,Negative,
ENV-COV-24-2459,Gauteng,Ekurhuleni MM,Sasol Garage,11/18/2024,Positive,Negative,
ENV-COV-24-2460,Gauteng,Ekurhuleni MM,Moloreng,11/18/2024,Positive,Negative,
ENV-COV-24-2461,Gauteng,Ekurhuleni MM,Namane Drive,11/18/2024,Negative,Negative,
ENV-COV-24-2462,Gauteng,Ekurhuleni MM,Tembisa Hospital East and West,11/18/2024,Negative,Negative,
ENV-COV-24-2463,Gauteng,Ekurhuleni MM,Tembisa Hospital Downstream,11/18/2024,Negative,Negative,
ENV-COV-24-2464,Gauteng,Ekurhuleni MM,Tembisa Mall,11/18/2024,Negative,Negative,
ENV-COV-24-2465,Gauteng,Ekurhuleni MM,Midstream,11/18/2024,Negative,Negative,
ENV-COV-24-2466,Gauteng,Ekurhuleni MM,Olifantsfontein,11/18/2024,Failed,Failed,
ENV-COV-24-2467,Gauteng,Ekurhuleni MM,OR Tambo International Airport,11/18/2024,Negative,Negative,
ENV-COV-24-2468,Gauteng,Tshwane MM,Daspoort Wastewater Treatment Works,11/19/2024,Negative,Negative,
ENV-COV-24-2469,Gauteng,Tshwane MM,SAPS Training College,11/19/2024,Negative,Negative,
ENV-COV-24-2470,Gauteng,Tshwane MM,Kalafong Hospital,11/19/2024,Negative,Negative,
ENV-COV-24-2471,Gauteng,Tshwane MM,Atteridgeville Train Station,11/19/2024,Positive,Negative,
ENV-COV-24-2472,Gauteng,Tshwane MM,Vergenoeg,11/19/2024,Negative,Negative,
ENV-COV-24-2473,Gauteng,Tshwane MM,Laudium,11/19/2024,Negative,Negative,
ENV-COV-24-2474,Gauteng,Tshwane MM,Groenkloof,11/19/2024,Failed,Failed,
ENV-COV-24-2475,Gauteng,Johannesburg MM,Northern Wastewater Treatment Works (GP),11/19/2024,Negative,Negative,
ENV-COV-24-2476,KwaZulu-Natal,Ethekwini MM,Northern Wastewater Treatment Works (KZN),11/18/2024,Failed,Failed,
ENV-COV-24-2477,KwaZulu-Natal,Ethekwini MM,Central Wastewater Treatment Works (KZN),11/18/2024,Negative,Negative,
ENV-COV-24-2478,Mpumalanga,Ehlanzeni DM,Komatipoort Sewage plant,11/11/2024,Negative,Negative,
ENV-COV-24-2479,Gauteng,Ekurhuleni MM,Hartebeesfontein Waterworks,11/19/2024,Negative,Negative,
ENV-COV-24-2480,Gauteng,Johannesburg MM,Bushkoppies Inlet,11/20/2024,Positive,Negative,
ENV-COV-24-2481,Gauteng,Johannesburg MM,Bushkoppies Final,11/20/2024,Negative,Negative,
ENV-COV-24-2482,Gauteng,Johannesburg MM,Klipsruit Yard (Before tunnel),11/20/2024,Negative,Negative,
ENV-COV-24-2483,Gauteng,Johannesburg MM,Klipspruit Veggies (After tunnel),11/20/2024,Positive,Negative,
ENV-COV-24-2484,Gauteng,Johannesburg MM,Motsoaledi,11/20/2024,Negative,Negative,
ENV-COV-24-2485,Gauteng,Johannesburg MM,Goudkoppies Wastewater Treatment Works,11/20/2024,Positive,Negative,
ENV-COV-24-2486,Gauteng,Ekurhuleni MM,ERWAT Vlakplaat Wastewater Treatment Works,11/19/2024,Positive,Negative,
ENV-COV-24-2487,Free State,Mangaung MM,Bloemspruit Wastewater Treatment Works,11/19/2024,Positive,Positive,
ENV-COV-24-2488,Free State,Mangaung MM,Sterkwater Wastewater Treatment Works,11/19/2024,Positive,Negative,
ENV-COV-24-2489,Eastern Cape,Buffalo City MM,Mdantsane Wastewater Treatment Works,11/19/2024,Negative,Positive,
ENV-COV-24-2490,Eastern Cape,Buffalo City MM,East Bank Wastewater Treatment Works,11/19/2024,Positive,Positive,
ENV-COV-24-2491,Mpumalanga,Ehlanzeni DM,Komatipoort Sewage plant,11/20/2024,Positive,Negative,
ENV-COV-24-2492,Mpumalanga,Ehlanzeni DM,Kingstonvale,11/18/2024,Positive,Negative,
ENV-COV-24-2493,Western Cape,Cape Town MM,Zandvleit Wastewater Treatment Works,11/19/2024,Positive,Positive,
ENV-COV-24-2494,Western Cape,Cape Town MM,Borcherds Quarry Wastewater Treatment Works,11/19/2024,Positive,Positive,
ENV-COV-24-2495,Gauteng,Tshwane MM,Rooiwal Wastewater Treatment Works,11/20/2024,Positive,Negative,
ENV-COV-24-2496,Limpopo,Vhembe DM,Musina WWTW (in town),11/19/2024,Negative,Negative,
ENV-COV-24-2497,Limpopo,Vhembe DM,Nancefield,11/19/2024,Failed,Failed,
ENV-COV-24-2498,North West,Bojanala Platinum DM,Rustenburg Wastewater Treatment Works,11/20/2024,Positive,Negative,
ENV-COV-24-2499,North West,Bojanala Platinum DM,Boitekong,11/20/2024,Positive,Negative,
ENV-COV-24-2500,Gauteng,Ekurhuleni MM,Sasol Garage,11/21/2024,Positive,Negative,
ENV-COV-24-2501,Gauteng,Ekurhuleni MM,Moloreng,11/21/2024,Positive,Positive,
ENV-COV-24-2502,Gauteng,Ekurhuleni MM,Namane Drive,11/21/2024,Negative,Negative,
ENV-COV-24-2503,Gauteng,Ekurhuleni MM,Tembisa Hospital East and West,11/21/2024,Negative,Negative,
ENV-COV-24-2504,Gauteng,Ekurhuleni MM,Tembisa Hospital Downstream,11/21/2024,Negative,Positive,
ENV-COV-24-2505,Gauteng,Ekurhuleni MM,Tembisa Mall,11/21/2024,Negative,Negative,
ENV-COV-24-2506,Gauteng,Ekurhuleni MM,Midstream,11/21/2024,Positive,Negative,
ENV-COV-24-2507,Gauteng,Ekurhuleni MM,Olifantsfontein,11/21/2024,Positive,Negative,
ENV-COV-24-2508,Gauteng,Ekurhuleni MM,OR Tambo International Airport,11/21/2024,Negative,Negative,
ENV-COV-24-2509,Gauteng,Tshwane MM,Daspoort Wastewater Treatment Works,11/22/2024,Positive,Negative,
ENV-COV-24-2510,Gauteng,Tshwane MM,SAPS Training College,11/22/2024,Negative,Negative,
ENV-COV-24-2511,Gauteng,Tshwane MM,Kalafong Hospital,11/22/2024,Negative,Negative,
ENV-COV-24-2512,Gauteng,Tshwane MM,Atteridgeville Train Station,11/22/2024,Failed,Failed,
ENV-COV-24-2513,Gauteng,Tshwane MM,Vergenoeg,11/22/2024,Positive,Negative,
ENV-COV-24-2514,Gauteng,Tshwane MM,Laudium,11/22/2024,Negative,Negative,
ENV-COV-24-2515,Gauteng,Tshwane MM,Groenkloof,11/22/2024,Negative,Negative,
ENV-COV-24-2516,KwaZulu-Natal,Umkhanyakude DM,Jozini Wastewater Treatment Plant,11/19/2024,Negative,Positive,
ENV-COV-24-2517,KwaZulu-Natal,Umkhanyakude DM,Manguzi Wastewater Treatment Plant,11/20/2024,Negative,Negative,
ENV-COV-24-2518,Gauteng,Ekurhuleni MM,Sasol Garage,11/25/2024,Positive,Negative,
ENV-COV-24-2519,Gauteng,Ekurhuleni MM,Namane Drive,11/25/2024,Negative,Negative,
ENV-COV-24-2520,Gauteng,Ekurhuleni MM,Tembisa Hospital East and West,11/25/2024,Negative,Negative,
ENV-COV-24-2521,Gauteng,Ekurhuleni MM,Tembisa Hospital Downstream,11/25/2024,Positive,Positive,
ENV-COV-24-2522,Gauteng,Ekurhuleni MM,Tembisa Mall,11/25/2024,Positive,Negative,
ENV-COV-24-2523,Gauteng,Ekurhuleni MM,Midstream,11/25/2024,Positive,Negative,
ENV-COV-24-2524,Gauteng,Ekurhuleni MM,Olifantsfontein,11/25/2024,Positive,Positive,
ENV-COV-24-2525,Gauteng,Ekurhuleni MM,OR Tambo International Airport,11/25/2024,Negative,Negative,
ENV-COV-24-2526,Gauteng,Tshwane MM,Daspoort Wastewater Treatment Works,11/26/2024,Positive,Negative,
ENV-COV-24-2527,Gauteng,Tshwane MM,SAPS Training College,11/26/2024,Positive,Negative,
ENV-COV-24-2528,Gauteng,Tshwane MM,Kalafong Hospital,11/26/2024,Positive,Negative,
ENV-COV-24-2529,Gauteng,Tshwane MM,Atteridgeville Train Station,11/26/2024,Negative,Negative,
ENV-COV-24-2530,Gauteng,Tshwane MM,Vergenoeg,11/26/2024,Positive,Negative,
ENV-COV-24-2531,Gauteng,Tshwane MM,Laudium,11/26/2024,Negative,Negative,
ENV-COV-24-2532,Gauteng,Tshwane MM,Groenkloof,11/26/2024,Negative,Negative,
ENV-COV-24-2533,Gauteng,Johannesburg MM,Northern Wastewater Treatment Works (GP),11/26/2024,Positive,Positive,
ENV-COV-24-2534,Gauteng,Johannesburg MM,Bushkoppies Inlet,11/27/2024,Positive,Negative,
ENV-COV-24-2535,Gauteng,Johannesburg MM,Bushkoppies Final,11/27/2024,Positive,Positive,
ENV-COV-24-2536,Gauteng,Johannesburg MM,Klipsruit Yard (Before tunnel),11/27/2024,Negative,Negative,
ENV-COV-24-2537,Gauteng,Johannesburg MM,Klipspruit Veggies (After tunnel),11/27/2024,Negative,Negative,
ENV-COV-24-2538,Gauteng,Johannesburg MM,Motsoaledi,11/27/2024,Negative,Negative,
ENV-COV-24-2539,Gauteng,Johannesburg MM,Goudkoppies Wastewater Treatment Works,11/27/2024,Positive,Positive,
ENV-COV-24-2540,Mpumalanga,Ehlanzeni DM,Komatipoort Sewage plant,11/25/2024,Negative,Negative,
ENV-COV-24-2541,KwaZulu-Natal,Ethekwini MM,Northern Wastewater Treatment Works (KZN),11/25/2024,Positive,Negative,
ENV-COV-24-2542,KwaZulu-Natal,Ethekwini MM,Central Wastewater Treatment Works (KZN),11/25/2024,Positive,Positive,
ENV-COV-24-2543,Gauteng,Ekurhuleni MM,Hartebeesfontein Waterworks,11/26/2024,Positive,Positive,
ENV-COV-24-2544,Gauteng,Ekurhuleni MM,ERWAT Vlakplaat Wastewater Treatment Works,11/26/2024,Positive,Negative,
ENV-COV-24-2545,Western Cape,Cape Town MM,Zandvleit Wastewater Treatment Works,11/26/2024,Positive,Positive,
ENV-COV-24-2546,Mpumalanga,Ehlanzeni DM,Kingstonvale,11/25/2024,Negative,Negative,
ENV-COV-24-2547,Free State,Mangaung MM,Sterkwater Wastewater Treatment Works,11/26/2024,Positive,Negative,
ENV-COV-24-2548,Western Cape,Cape Town MM,Borcherds Quarry Wastewater Treatment Works,11/26/2024,Positive,Negative,
ENV-COV-24-2549,North West,Bojanala Platinum DM,Boitekong,11/27/2024,Positive,Positive,
ENV-COV-24-2550,North West,Bojanala Platinum DM,Rustenburg Wastewater Treatment Works,11/27/2024,Positive,Negative,
ENV-COV-24-2551,Eastern Cape,Buffalo City MM,Mdantsane Wastewater Treatment Works,11/26/2024,Positive,Positive,
ENV-COV-24-2552,Eastern Cape,Buffalo City MM,East Bank Wastewater Treatment Works,11/26/2024,Negative,Positive,
ENV-COV-24-2553,Free State,Mangaung MM,Bloemspruit Wastewater Treatment Works,11/26/2024,Positive,Positive,
ENV-COV-24-2554,Limpopo,Vhembe DM,Musina WWTW (in town),11/26/2024,Positive,Negative,
ENV-COV-24-2555,Gauteng,Tshwane MM,Daspoort Wastewater Treatment Works,11/29/2024,Positive,Negative,
ENV-COV-24-2556,Limpopo,Vhembe DM,Nancefield,11/26/2024,Positive,Negative,
ENV-COV-24-2557,Gauteng,Ekurhuleni MM,Sasol Garage,11/28/2024,Negative,Negative,
ENV-COV-24-2558,Gauteng,Ekurhuleni MM,Moloreng,11/28/2024,Positive,Negative,
ENV-COV-24-2559,Gauteng,Ekurhuleni MM,Namane Drive,11/28/2024,Positive,Negative,
ENV-COV-24-2560,Gauteng,Ekurhuleni MM,Tembisa Hospital East and West,11/28/2024,Negative,Negative,
ENV-COV-24-2561,Gauteng,Ekurhuleni MM,Tembisa Hospital Downstream,11/28/2024,Positive,Negative,
ENV-COV-24-2562,Gauteng,Ekurhuleni MM,Tembisa Mall,11/28/2024,Positive,Negative,
ENV-COV-24-2563,Gauteng,Ekurhuleni MM,Midstream,11/28/2024,Positive,Negative,
ENV-COV-24-2564,Gauteng,Ekurhuleni MM,Olifantsfontein,11/28/2024,Positive,Negative,
ENV-COV-24-2565,Gauteng,Ekurhuleni MM,OR Tambo International Airport,11/28/2024,Negative,Negative,
ENV-COV-24-2566,Gauteng,Tshwane MM,SAPS Training College,11/29/2024,Negative,Negative,
ENV-COV-24-2567,Gauteng,Tshwane MM,Kalafong Hospital,11/29/2024,Negative,Negative,
ENV-COV-24-2568,Gauteng,Tshwane MM,Atteridgeville Train Station,11/29/2024,Negative,Negative,
ENV-COV-24-2569,Gauteng,Tshwane MM,Vergenoeg,11/29/2024,Positive,Negative,
ENV-COV-24-2570,Gauteng,Tshwane MM,Laudium,11/29/2024,Negative,Negative,
ENV-COV-24-2571,Gauteng,Tshwane MM,Groenkloof,11/29/2024,Negative,Negative,
ENV-COV-24-2572,KwaZulu-Natal,Umkhanyakude DM,Manguzi Wastewater Treatment Plant,11/27/2024,Negative,Negative,
ENV-COV-24-2573,Gauteng,Ekurhuleni MM,Sasol Garage,12/2/2024,Positive,Negative,
ENV-COV-24-2574,Gauteng,Ekurhuleni MM,Namane Drive,12/2/2024,Negative,Negative,
ENV-COV-24-2575,Gauteng,Ekurhuleni MM,Tembisa Hospital East and West,12/2/2024,Negative,Negative,
ENV-COV-24-2576,Gauteng,Ekurhuleni MM,Midstream,12/2/2024,Negative,Negative,
ENV-COV-24-2577,Gauteng,Ekurhuleni MM,Olifantsfontein,12/2/2024,Negative,Negative,
ENV-COV-24-2578,Gauteng,Ekurhuleni MM,Tembisa Mall,12/2/2024,Positive,Negative,
ENV-COV-24-2579,Gauteng,Ekurhuleni MM,Tembisa Hospital Downstream,12/2/2024,Positive,Positive,
ENV-COV-24-2580,Gauteng,Ekurhuleni MM,OR Tambo International Airport,12/2/2024,Negative,Negative,
ENV-COV-24-2581,Gauteng,Tshwane MM,Daspoort Wastewater Treatment Works,12/3/2024,Positive,Negative,
ENV-COV-24-2582,Gauteng,Ekurhuleni MM,Airline 1,11/27/2024,Negative,Negative,
ENV-COV-24-2583,Gauteng,Ekurhuleni MM,Airline 2,11/27/2024,Negative,Negative,
ENV-COV-24-2584,Gauteng,Ekurhuleni MM,Airline 3,11/27/2024,Negative,Negative,
ENV-COV-24-2585,Gauteng,Tshwane MM,SAPS Training College,12/3/2024,Negative,Negative,
ENV-COV-24-2586,Gauteng,Tshwane MM,Kalafong Hospital,12/3/2024,Negative,Negative,
ENV-COV-24-2587,Gauteng,Tshwane MM,Atteridgeville Train Station,12/3/2024,Positive,Negative,
ENV-COV-24-2588,Gauteng,Tshwane MM,Vergenoeg,12/3/2024,Positive,Negative,
ENV-COV-24-2589,Gauteng,Tshwane MM,Laudium,12/3/2024,Positive,Positive,
ENV-COV-24-2590,Gauteng,Tshwane MM,Groenkloof,12/3/2024,Positive,Negative,
ENV-COV-24-2591,Gauteng,Johannesburg MM,Northern Wastewater Treatment Works (GP),12/3/2024,Positive,Positive,
ENV-COV-24-2592,KwaZulu-Natal,Ethekwini MM,Northern Wastewater Treatment Works (KZN),12/2/2024,Positive,Positive,
ENV-COV-24-2593,KwaZulu-Natal,Ethekwini MM,Central Wastewater Treatment Works (KZN),12/2/2024,Positive,Positive,
ENV-COV-24-2594,Gauteng,Johannesburg MM,Bushkoppies Inlet,12/4/2024,Negative,Negative,
ENV-COV-24-2595,Gauteng,Johannesburg MM,Bushkoppies Final,12/4/2024,Positive,Positive,
ENV-COV-24-2596,Gauteng,Johannesburg MM,Klipsruit Yard (Before tunnel),12/4/2024,Positive,Negative,
ENV-COV-24-2597,Gauteng,Johannesburg MM,Klipspruit Veggies (After tunnel),12/4/2024,Positive,Negative,
ENV-COV-24-2598,Gauteng,Johannesburg MM,Motsoaledi,12/4/2024,Negative,Negative,
ENV-COV-24-2599,Gauteng,Johannesburg MM,Goudkoppies Wastewater Treatment Works,12/4/2024,Positive,Negative,
ENV-COV-24-2600,Gauteng,Ekurhuleni MM,Sasol Garage,12/5/2024,Negative,Negative,
ENV-COV-24-2601,Gauteng,Ekurhuleni MM,Namane Drive,12/5/2024,Negative,Negative,
ENV-COV-24-2602,Gauteng,Ekurhuleni MM,Tembisa Hospital East and West,12/5/2024,Positive,Negative,
ENV-COV-24-2603,Gauteng,Ekurhuleni MM,Tembisa Mall,12/5/2024,Positive,Positive,
ENV-COV-24-2604,Gauteng,Ekurhuleni MM,Midstream,12/5/2024,Positive,Negative,
ENV-COV-24-2605,Gauteng,Ekurhuleni MM,Olifantsfontein,12/5/2024,Negative,Negative,
ENV-COV-24-2606,Gauteng,Ekurhuleni MM,OR Tambo International Airport,12/5/2024,Negative,Negative,
ENV-COV-24-2607,Gauteng,Tshwane MM,Daspoort Wastewater Treatment Works,12/6/2024,Positive,Negative,
ENV-COV-24-2608,Gauteng,Tshwane MM,SAPS Training College,12/6/2024,Positive,Negative,
ENV-COV-24-2609,Limpopo,Vhembe DM,Musina WWTW (in town),12/3/2024,Positive,Negative,
ENV-COV-24-2610,Limpopo,Vhembe DM,Nancefield,12/3/2024,Negative,Negative,
ENV-COV-24-2611,Free State,Mangaung MM,Bloemspruit Wastewater Treatment Works,12/3/2024,Positive,Negative,
ENV-COV-24-2612,Mpumalanga,Ehlanzeni DM,Kingstonvale,12/2/2024,Positive,Negative,
ENV-COV-24-2613,Western Cape,Cape Town MM,Borcherds Quarry Wastewater Treatment Works,12/3/2024,Negative,Negative,
ENV-COV-24-2614,Free State,Mangaung MM,Sterkwater Wastewater Treatment Works,12/3/2024,Positive,Positive,
ENV-COV-24-2615,Western Cape,Cape Town MM,Zandvleit Wastewater Treatment Works,12/3/2024,Positive,Negative,
ENV-COV-24-2616,Gauteng,Ekurhuleni MM,Hartebeesfontein Waterworks,12/3/2024,Positive,Positive,
ENV-COV-24-2617,Gauteng,Tshwane MM,Kalafong Hospital,12/6/2024,Positive,Positive,
ENV-COV-24-2618,Gauteng,Tshwane MM,Atteridgeville Train Station,12/6/2024,Positive,Negative,
ENV-COV-24-2619,Gauteng,Tshwane MM,Vergenoeg,12/6/2024,Positive,Negative,
ENV-COV-24-2620,Gauteng,Tshwane MM,Laudium,12/6/2024,Positive,Negative,
ENV-COV-24-2621,Gauteng,Tshwane MM,Groenkloof,12/6/2024,Negative,Negative,
ENV-COV-24-2622,KwaZulu-Natal,Umkhanyakude DM,Manguzi Wastewater Treatment Plant,12/4/2024,Positive,Positive,
ENV-COV-24-2623,KwaZulu-Natal,Umkhanyakude DM,Jozini Wastewater Treatment Plant,12/3/2024,Positive,Negative,
ENV-COV-24-2624,Mpumalanga,Ehlanzeni DM,Komatipoort Sewage plant,12/2/2024,Positive,Negative,
ENV-COV-24-2625,North West,Bojanala Platinum DM,Boitekong,12/4/2024,Positive,Positive,
ENV-COV-24-2626,North West,Bojanala Platinum DM,Rustenburg Wastewater Treatment Works,12/4/2024,Negative,Negative,
ENV-COV-24-2627,Gauteng,Ekurhuleni MM,Sasol Garage,12/9/2024,Positive,Negative,
ENV-COV-24-2628,Gauteng,Ekurhuleni MM,Moloreng,12/9/2024,Negative,Negative,
ENV-COV-24-2629,Gauteng,Ekurhuleni MM,Namane Drive,12/9/2024,Negative,Negative,
ENV-COV-24-2630,Gauteng,Ekurhuleni MM,Tembisa Hospital East and West,12/9/2024,Negative,Negative,
ENV-COV-24-2631,Gauteng,Ekurhuleni MM,Tembisa Hospital Downstream,12/9/2024,Negative,Negative,
ENV-COV-24-2632,Gauteng,Ekurhuleni MM,Tembisa Mall,12/9/2024,Negative,Negative,
ENV-COV-24-2633,Gauteng,Ekurhuleni MM,Midstream,12/9/2024,Negative,Negative,
ENV-COV-24-2634,Gauteng,Ekurhuleni MM,Olifantsfontein,12/9/2024,Negative,Negative,
ENV-COV-24-2635,Gauteng,Ekurhuleni MM,OR Tambo International Airport,12/9/2024,Negative,Negative,
ENV-COV-24-2636,Gauteng,Ekurhuleni MM,Airline 3,12/3/2024,Negative,Negative,
ENV-COV-24-2637,Gauteng,Ekurhuleni MM,Airline 4,12/3/2024,Negative,Negative,
ENV-COV-24-2638,Gauteng,Ekurhuleni MM,Airline 1,12/3/2024,Negative,Negative,
ENV-COV-24-2639,Gauteng,Ekurhuleni MM,Airline 2,12/3/2024,Negative,Negative,
ENV-COV-24-2640,Gauteng,Tshwane MM,Daspoort Wastewater Treatment Works,12/10/2024,Negative,Negative,
ENV-COV-24-2641,Gauteng,Tshwane MM,SAPS Training College,12/10/2024,Negative,Negative,
ENV-COV-24-2642,Gauteng,Tshwane MM,Kalafong Hospital,12/10/2024,Negative,Negative,
ENV-COV-24-2643,Gauteng,Tshwane MM,Atteridgeville Train Station,12/10/2024,Negative,Negative,
ENV-COV-24-2644,Gauteng,Tshwane MM,Vergenoeg,12/10/2024,Negative,Negative,
ENV-COV-24-2645,Gauteng,Tshwane MM,Laudium,12/10/2024,Positive,Negative,
ENV-COV-24-2646,Gauteng,Tshwane MM,Groenkloof,12/10/2024,Positive,Positive,
ENV-COV-24-2647,Gauteng,Johannesburg MM,Northern Wastewater Treatment Works (GP),12/10/2024,Positive,Positive,
ENV-COV-24-2648,KwaZulu-Natal,Ethekwini MM,Central Wastewater Treatment Works (KZN),12/9/2024,Positive,Negative,
ENV-COV-24-2649,Gauteng,Johannesburg MM,Bushkoppies Inlet,12/11/2024,Negative,Negative,
ENV-COV-24-2650,Gauteng,Johannesburg MM,Bushkoppies Final,12/11/2024,Negative,Negative,
ENV-COV-24-2651,Gauteng,Johannesburg MM,Klipsruit Yard (Before tunnel),12/11/2024,Negative,Negative,
ENV-COV-24-2652,Gauteng,Johannesburg MM,Klipspruit Veggies (After tunnel),12/11/2024,Negative,Negative,
ENV-COV-24-2653,Gauteng,Johannesburg MM,Motsoaledi,12/11/2024,Positive,Negative,
ENV-COV-24-2654,Gauteng,Johannesburg MM,Goudkoppies Wastewater Treatment Works,12/11/2024,Negative,Negative,
ENV-COV-24-2655,Free State,Mangaung MM,Bloemspruit Wastewater Treatment Works,12/10/2024,Positive,Positive,
ENV-COV-24-2656,Free State,Mangaung MM,Sterkwater Wastewater Treatment Works,12/10/2024,Negative,Negative,
ENV-COV-24-2657,Mpumalanga,Ehlanzeni DM,Komatipoort Sewage plant,12/9/2024,Negative,Negative,
ENV-COV-24-2658,Gauteng,Ekurhuleni MM,Hartebeesfontein Waterworks,12/10/2024,Positive,Positive,
ENV-COV-24-2659,Gauteng,Ekurhuleni MM,ERWAT Vlakplaat Wastewater Treatment Works,12/10/2024,Positive,Negative,
ENV-COV-24-2660,Gauteng,Ekurhuleni MM,Sasol Garage,12/12/2024,Negative,Negative,
ENV-COV-24-2661,Gauteng,Ekurhuleni MM,Moloreng,12/12/2024,Negative,Negative,
ENV-COV-24-2662,Gauteng,Ekurhuleni MM,Namane Drive,12/12/2024,Positive,Negative,
ENV-COV-24-2663,Gauteng,Ekurhuleni MM,Tembisa Hospital East and West,12/12/2024,Negative,Negative,
ENV-COV-24-2664,Gauteng,Ekurhuleni MM,Tembisa Hospital Downstream,12/12/2024,Negative,Negative,
ENV-COV-24-2665,Gauteng,Ekurhuleni MM,Tembisa Mall,12/12/2024,Negative,Negative,
ENV-COV-24-2666,Gauteng,Ekurhuleni MM,Midstream,12/12/2024,Positive,Negative,
ENV-COV-24-2667,Gauteng,Ekurhuleni MM,Olifantsfontein,12/12/2024,Negative,Negative,
ENV-COV-24-2668,Gauteng,Ekurhuleni MM,OR Tambo International Airport,12/12/2024,,,
ENV-COV-24-2669,Gauteng,Ekurhuleni MM,Airline 3,12/11/2024,Negative,Negative,
ENV-COV-24-2670,Gauteng,Ekurhuleni MM,Airline 2,12/11/2024,Negative,Negative,
ENV-COV-24-2671,Gauteng,Tshwane MM,Daspoort Wastewater Treatment Works,12/13/2024,,,
ENV-COV-24-2672,Gauteng,Tshwane MM,SAPS Training College,12/13/2024,,,
ENV-COV-24-2673,Gauteng,Tshwane MM,Kalafong Hospital,12/13/2024,,,
ENV-COV-24-2674,Gauteng,Tshwane MM,Atteridgeville Train Station,12/13/2024,,,
ENV-COV-24-2675,Gauteng,Tshwane MM,Vergenoeg,12/13/2024,,,
ENV-COV-24-2676,Gauteng,Tshwane MM,Laudium,12/13/2024,,,
ENV-COV-24-2677,Gauteng,Tshwane MM,Groenkloof,12/13/2024,Negative,Negative,
ENV-COV-24-2678,Limpopo,Vhembe DM,Nancefield,12/11/2024,Positive,Negative,
ENV-COV-24-2679,Limpopo,Vhembe DM,Musina WWTW (in town),12/11/2024,Negative,Negative,
ENV-COV-24-2680,KwaZulu-Natal,Umkhanyakude DM,Manguzi Wastewater Treatment Plant,12/11/2024,Negative,Negative,
ENV-COV-24-2681,North West,Bojanala Platinum DM,Boitekong,12/11/2024,Positive,Negative,
ENV-COV-24-2682,North West,Bojanala Platinum DM,Rustenburg Wastewater Treatment Works,12/11/2024,Positive,Negative,
ENV-COV-24-2683,Western Cape,Cape Town MM,Zandvleit Wastewater Treatment Works,12/10/2024,Positive,Positive,
ENV-COV-24-2684,Western Cape,Cape Town MM,Borcherds Quarry Wastewater Treatment Works,12/10/2024,Positive,Negative,
ENV-COV-24-2685,Gauteng,Tshwane MM,Daspoort Wastewater Treatment Works,12/17/2024,Positive,Negative,
ENV-COV-24-2686,Gauteng,Tshwane MM,SAPS Training College,12/17/2024,Negative,Negative,
ENV-COV-24-2687,Gauteng,Tshwane MM,Kalafong Hospital,12/17/2024,Negative,Negative,
ENV-COV-24-2688,Gauteng,Tshwane MM,Atteridgeville Train Station,12/17/2024,Negative,Negative,
ENV-COV-24-2689,Gauteng,Tshwane MM,Laudium,12/17/2024,Positive,Negative,
ENV-COV-24-2690,Gauteng,Tshwane MM,Vergenoeg,12/17/2024,Positive,Negative,
ENV-COV-24-2691,Gauteng,Tshwane MM,Groenkloof,12/17/2024,Positive,Positive,
ENV-COV-24-2692,Gauteng,Johannesburg MM,Northern Wastewater Treatment Works (GP),12/17/2024,Positive,Positive,
ENV-COV-24-2693,Gauteng,Tshwane MM,Rooiwal Wastewater Treatment Works,12/18/2024,Positive,Negative,
ENV-COV-24-2694,Gauteng,Johannesburg MM,Goudkoppies Wastewater Treatment Works,12/18/2024,Negative,Negative,
ENV-COV-24-2695,Gauteng,Johannesburg MM,Klipsruit Yard (Before tunnel),12/18/2024,Negative,Negative,
ENV-COV-24-2696,Gauteng,Johannesburg MM,Klipspruit Veggies (After tunnel),12/18/2024,Negative,Negative,
ENV-COV-24-2697,Gauteng,Johannesburg MM,Motsoaledi,12/18/2024,Negative,Negative,
ENV-COV-24-2698,Gauteng,Johannesburg MM,Bushkoppies Inlet,12/18/2024,Negative,Negative,
ENV-COV-24-2699,Gauteng,Johannesburg MM,Bushkoppies Final,12/18/2024,Negative,Negative,
ENV-COV-24-2700,Free State,Mangaung MM,Bloemspruit Wastewater Treatment Works,12/17/2024,Positive,Negative,
ENV-COV-24-2701,Western Cape,Cape Town MM,Zandvleit Wastewater Treatment Works,12/17/2024,Positive,Negative,
ENV-COV-24-2702,Western Cape,Cape Town MM,Borcherds Quarry Wastewater Treatment Works,12/17/2024,Positive,Positive,
ENV-COV-24-2703,KwaZulu-Natal,Ethekwini MM,Northern Wastewater Treatment Works (KZN),12/17/2024,Positive,Negative,
ENV-COV-24-2704,KwaZulu-Natal,Ethekwini MM,Central Wastewater Treatment Works (KZN),12/17/2024,Negative,Negative,
ENV-COV-24-2705,Gauteng,Ekurhuleni MM,Sasol Garage,12/19/2024,Positive,Negative,
ENV-COV-24-2706,Gauteng,Ekurhuleni MM,Moloreng,12/19/2024,Negative,Negative,
ENV-COV-24-2707,Gauteng,Ekurhuleni MM,Namane Drive,12/19/2024,Negative,Negative,
ENV-COV-24-2708,Gauteng,Ekurhuleni MM,Tembisa Hospital East and West,12/19/2024,Negative,Positive,
ENV-COV-24-2709,Gauteng,Ekurhuleni MM,Tembisa Mall,12/19/2024,Negative,Negative,
ENV-COV-24-2710,Gauteng,Ekurhuleni MM,Midstream,12/19/2024,,,
ENV-COV-24-2711,Gauteng,Ekurhuleni MM,Olifantsfontein,12/19/2024,Positive,Positive,
ENV-COV-24-2712,Gauteng,Ekurhuleni MM,OR Tambo International Airport,12/19/2024,Negative,Negative,
ENV-COV-24-2713,Northern Cape,Frances Baard DM,Homevale Kimberley,12/18/2024,,,
ENV-COV-24-2714,North West,Bojanala Platinum DM,Boitekong,12/18/2024,,,
ENV-COV-24-2715,North West,Bojanala Platinum DM,Rustenburg Wastewater Treatment Works,12/18/2024,,,
ENV-COV-24-2716,Free State,Mangaung MM,Sterkwater Wastewater Treatment Works,12/17/2024,,,
ENV-COV-24-2717,Mpumalanga,Ehlanzeni DM,Komatipoort Sewage plant,12/16/2024,,,
ENV-COV-24-2718,Gauteng,Ekurhuleni MM,ERWAT Vlakplaat Wastewater Treatment Works,12/17/2024,,,
ENV-COV-24-2719,Gauteng,Tshwane MM,Daspoort Wastewater Treatment Works,12/20/2024,Positive,Negative,
ENV-COV-24-2720,Gauteng,Tshwane MM,SAPS Training College,12/20/2024,Positive,Negative,
ENV-COV-24-2721,Gauteng,Tshwane MM,Kalafong Hospital,12/20/2024,Negative,Negative,
ENV-COV-24-2722,Gauteng,Tshwane MM,Atteridgeville Train Station,12/20/2024,Negative,Negative,
ENV-COV-24-2723,Gauteng,Tshwane MM,Laudium,12/20/2024,Positive,Negative,
ENV-COV-24-2724,Gauteng,Tshwane MM,Vergenoeg,12/20/2024,Positive,Negative,
ENV-COV-24-2725,Gauteng,Tshwane MM,Groenkloof,12/20/2024,Negative,Negative,
ENV-COV-24-2726,KwaZulu-Natal,Umkhanyakude DM,Manguzi Wastewater Treatment Plant,12/18/2024,,,
ENV-COV-24-2727,KwaZulu-Natal,Umkhanyakude DM,Jozini Wastewater Treatment Plant,12/17/2024,,,
ENV-COV-24-2728,Mpumalanga,Ehlanzeni DM,Komatipoort Sewage plant,12/23/2024,,,
ENV-COV-24-2729,Western Cape,Cape Town MM,Zandvleit Wastewater Treatment Works,12/24/2024,,,
ENV-COV-24-2730,Free State,Mangaung MM,Bloemspruit Wastewater Treatment Works,12/24/2024,,,
ENV-COV-24-2731,Western Cape,Cape Town MM,Borcherds Quarry Wastewater Treatment Works,12/24/2024,Positive,Positive,
ENV-COV-24-2732,Free State,Mangaung MM,Bloemspruit Wastewater Treatment Works,12/24/2024,Positive,Negative,
ENV-COV-24-2733,Free State,Mangaung MM,Sterkwater Wastewater Treatment Works,12/31/2024,Positive,Positive,
ENV-COV-24-2734,North West,Bojanala Platinum DM,Rustenburg Wastewater Treatment Works,12/31/2024,Positive,Negative,
ENV-COV-24-2735,Free State,Mangaung MM,Bloemspruit Wastewater Treatment Works,12/31/2024,Positive,Positive,
ENV-COV-24-2736,Mpumalanga,Ehlanzeni DM,Komatipoort Sewage plant,12/30/2024,Positive,Negative,
ENV-COV-24-2737,Mpumalanga,Ehlanzeni DM,Kingstonvale,12/30/2024,Positive,Negative,
ENV-COV-24-2738,Gauteng,Ekurhuleni MM,Airline 3,9/25/2024,,,
ENV-COV-24-2739,Gauteng,Ekurhuleni MM,Airline 4,9/25/2024,,,
ENV-COV-24-2740,Gauteng,Ekurhuleni MM,Airline 2,9/25/2024,,,
ENV-COV-24-2741,Gauteng,Ekurhuleni MM,Airline 3,10/9/2024,,,
ENV-COV-24-2742,Gauteng,Ekurhuleni MM,Airline 3,10/30/2024,,,
ENV-COV-24-2743,Gauteng,Ekurhuleni MM,Airline 4,10/30/2024,,,
ENV-COV-24-2744,Gauteng,Ekurhuleni MM,Airline 2,10/30/2024,,,
ENV-COV-24-2745,Gauteng,Ekurhuleni MM,Airline 3,11/6/2024,,,
ENV-COV-24-2746,Gauteng,Ekurhuleni MM,Airline 4,11/6/2024,,,
ENV-COV-24-2747,Gauteng,Ekurhuleni MM,Airline 2,11/6/2024,,,
ENV-COV-24-2748,Gauteng,Ekurhuleni MM,Airline 1,11/6/2024,,,
ENV-COV-24-2749,Gauteng,Ekurhuleni MM,Airline 3,11/13/2024,,,
ENV-COV-24-2750,Gauteng,Ekurhuleni MM,Airline 2,11/13/2024,,,
ENV-COV-24-2751,Gauteng,Ekurhuleni MM,Airline 1,11/13/2024,,,
ENV-COV-24-2752,Gauteng,Ekurhuleni MM,Airline 3,11/20/2024,,,
ENV-COV-24-2753,Gauteng,Ekurhuleni MM,Airline 2,11/20/2024,,,
ENV-COV-24-2754,Gauteng,Ekurhuleni MM,Airline 1,11/20/2024,,,
ENV-COV-25-0001,Gauteng,Ekurhuleni MM,Sasol Garage,1/6/2025,Negative,Negative,
ENV-COV-25-0002,Gauteng,Ekurhuleni MM,OR Tambo International Airport,1/6/2025,Negative,Negative,
ENV-COV-25-0003,Gauteng,Tshwane MM,Daspoort Wastewater Treatment Works,1/7/2025,Positive,Negative,
ENV-COV-25-0004,Gauteng,Tshwane MM,SAPS Training College,1/7/2025,Negative,Negative,
ENV-COV-25-0005,Gauteng,Tshwane MM,Kalafong Hospital,1/7/2025,Negative,Negative,
ENV-COV-25-0006,Gauteng,Tshwane MM,Atteridgeville Train Station,1/7/2025,Negative,Negative,
ENV-COV-25-0007,Gauteng,Tshwane MM,Vergenoeg,1/7/2025,Positive,Negative,
ENV-COV-25-0008,Gauteng,Tshwane MM,Laudium,1/7/2025,Positive,Negative,
ENV-COV-25-0009,Gauteng,Tshwane MM,Groenkloof,1/7/2025,Positive,Negative,
ENV-COV-25-0010,Gauteng,Johannesburg MM,Northern Wastewater Treatment Works (GP),1/7/2025,,,
ENV-COV-25-0011,Gauteng,Johannesburg MM,Bushkoppies Inlet,1/8/2025,Positive,Negative,
ENV-COV-25-0012,Gauteng,Johannesburg MM,Bushkoppies Final,1/8/2025,Positive,Negative,
ENV-COV-25-0013,Gauteng,Johannesburg MM,Motsoaledi,1/8/2025,Negative,Negative,
ENV-COV-25-0014,Gauteng,Johannesburg MM,Goudkoppies Wastewater Treatment Works,1/8/2025,,,
ENV-COV-25-0015,Gauteng,Ekurhuleni MM,Sasol Garage,1/9/2025,Positive,Negative,
ENV-COV-25-0016,Gauteng,Ekurhuleni MM,Moloreng,1/9/2025,Positive,Negative,
ENV-COV-25-0017,Western Cape,Cape Town MM,Zandvleit Wastewater Treatment Works,12/31/2024,,,
ENV-COV-25-0018,Western Cape,Cape Town MM,Borcherds Quarry Wastewater Treatment Works,12/31/2024,,,
ENV-COV-25-0019,Gauteng,Ekurhuleni MM,Hartebeesfontein Waterworks,1/7/2025,,,
ENV-COV-25-0020,Mpumalanga,Ehlanzeni DM,Kingstonvale,1/6/2025,,,
ENV-COV-25-0021,KwaZulu-Natal,Ethekwini MM,Central Wastewater Treatment Works (KZN),1/7/2025,,,
ENV-COV-25-0022,KwaZulu-Natal,Ethekwini MM,Northern Wastewater Treatment Works (KZN),1/7/2025,,,
ENV-COV-25-0023,Free State,Mangaung MM,Sterkwater Wastewater Treatment Works,12/31/2024,,,
ENV-COV-25-0024,Free State,Mangaung MM,Bloemspruit Wastewater Treatment Works,1/7/2025,,,
ENV-COV-25-0025,Gauteng,Ekurhuleni MM,Namane Drive,1/9/2025,Negative,Positive,
ENV-COV-25-0026,Gauteng,Ekurhuleni MM,Tembisa Hospital East and West,1/9/2025,Negative,Negative,
ENV-COV-25-0027,Gauteng,Ekurhuleni MM,Tembisa Hospital Downstream,1/9/2025,Positive,Negative,
ENV-COV-25-0028,Gauteng,Ekurhuleni MM,Tembisa Mall,1/9/2025,Positive,Negative,
ENV-COV-25-0029,Gauteng,Ekurhuleni MM,Midstream,1/9/2025,Negative,Negative,
ENV-COV-25-0030,Gauteng,Ekurhuleni MM,Olifantsfontein,1/9/2025,Positive,Negative,
ENV-COV-25-0031,Gauteng,Ekurhuleni MM,OR Tambo International Airport,1/9/2025,Negative,Positive,
ENV-COV-25-0032,Gauteng,Ekurhuleni MM,ERWAT Vlakplaat Wastewater Treatment Works,12/24/2024,,,
ENV-COV-25-0033,Gauteng,Ekurhuleni MM,ERWAT Vlakplaat Wastewater Treatment Works,1/7/2025,,,
ENV-COV-25-0034,North West,Bojanala Platinum DM,Boitekong,1/8/2025,,,
ENV-COV-25-0035,North West,Bojanala Platinum DM,Rustenburg Wastewater Treatment Works,1/8/2025,,,
ENV-COV-25-0036,Limpopo,Vhembe DM,Nancefield,1/7/2025,,,
ENV-COV-25-0037,Limpopo,Vhembe DM,Musina WWTW (in town),1/7/2025,,,
ENV-COV-25-0038,Northern Cape,Frances Baard DM,Homevale Kimberley,1/8/2025,,,
ENV-COV-25-0039,Mpumalanga,Ehlanzeni DM,Komatipoort Sewage plant,1/6/2025,,,
ENV-COV-25-0040,Gauteng,Tshwane MM,Daspoort Wastewater Treatment Works,1/10/2025,Positive,Negative,
ENV-COV-25-0041,Gauteng,Tshwane MM,SAPS Training College,1/10/2025,Negative,Negative,
ENV-COV-25-0042,Gauteng,Tshwane MM,Kalafong Hospital,1/10/2025,Negative,Negative,
ENV-COV-25-0043,Gauteng,Tshwane MM,Atteridgeville Train Station,1/10/2025,Negative,Negative,
ENV-COV-25-0044,Gauteng,Tshwane MM,Vergenoeg,1/10/2025,Positive,Negative,
ENV-COV-25-0045,Gauteng,Tshwane MM,Laudium,1/10/2025,Positive,Negative,
ENV-COV-25-0046,Gauteng,Tshwane MM,Groenkloof,1/10/2025,Positive,Negative,
ENV-COV-25-0047,Gauteng,Ekurhuleni MM,Sasol Garage,1/13/2025,Positive,Negative,
ENV-COV-25-0048,Gauteng,Ekurhuleni MM,Moloreng,1/13/2025,Positive,Negative,
ENV-COV-25-0049,Gauteng,Ekurhuleni MM,Namane Drive,1/13/2025,Positive,Negative,
ENV-COV-25-0050,Gauteng,Ekurhuleni MM,Tembisa Hospital East and West,1/13/2025,Negative,Negative,
ENV-COV-25-0051,Gauteng,Ekurhuleni MM,Tembisa Hospital Downstream,1/13/2025,Positive,Negative,
ENV-COV-25-0052,Gauteng,Ekurhuleni MM,Tembisa Mall,1/13/2025,Positive,Negative,
ENV-COV-25-0053,Gauteng,Ekurhuleni MM,Midstream,1/13/2025,Negative,Negative,
ENV-COV-25-0054,Gauteng,Ekurhuleni MM,Olifantsfontein,1/13/2025,Positive,Positive,
ENV-COV-25-0055,Gauteng,Ekurhuleni MM,OR Tambo International Airport,1/13/2025,Negative,Negative,
ENV-COV-25-0056,Gauteng,Tshwane MM,Daspoort Wastewater Treatment Works,1/14/2025,Positive,Negative,
ENV-COV-25-0057,Gauteng,Tshwane MM,SAPS Training College,1/14/2025,Negative,Negative,
ENV-COV-25-0058,Gauteng,Tshwane MM,Kalafong Hospital,1/14/2025,Positive,Negative,
ENV-COV-25-0059,Gauteng,Tshwane MM,Atteridgeville Train Station,1/14/2025,Negative,Negative,
ENV-COV-25-0060,Gauteng,Tshwane MM,Vergenoeg,1/14/2025,Positive,Negative,
ENV-COV-25-0061,Gauteng,Tshwane MM,Laudium,1/14/2025,Positive,Negative,
ENV-COV-25-0062,Gauteng,Tshwane MM,Groenkloof,1/14/2025,Negative,Negative,
ENV-COV-25-0063,Gauteng,Johannesburg MM,Northern Wastewater Treatment Works (GP),1/14/2025,,,
ENV-COV-25-0064,Gauteng,Ekurhuleni MM,Hartebeesfontein Waterworks,1/14/2025,,,
ENV-COV-25-0065,Gauteng,Johannesburg MM,Bushkoppies Inlet,1/15/2025,Positive,Positive,
ENV-COV-25-0066,Gauteng,Johannesburg MM,Bushkoppies Final,1/15/2025,Positive,Positive,
ENV-COV-25-0067,Gauteng,Johannesburg MM,Klipsruit Yard (Before tunnel),1/15/2025,Positive,Negative,
ENV-COV-25-0068,Gauteng,Johannesburg MM,Klipspruit Veggies (After tunnel),1/15/2025,Negative,Negative,
ENV-COV-25-0069,Gauteng,Johannesburg MM,Motsoaledi,1/15/2025,Negative,Negative,
ENV-NIC-20-0273,Eastern Cape,Buffalo City MM,Mdantsane Wastewater Treatment Works,9/14/2020,Negative,Negative,
ENV-NIC-21-0021,Gauteng,Johannesburg MM,Northern Wastewater Treatment Works (GP),2/4/2021,,,
ENV-NIC-21-0072,KwaZulu-Natal,Ethekwini MM,Northern Wastewater Treatment Works (KZN),2/22/2021,,,
ENV-NIC-21-0073,KwaZulu-Natal,Ethekwini MM,Central Wastewater Treatment Works (KZN),2/22/2021,,,
ENV-NIC-21-0074,Gauteng,Ekurhuleni MM,ERWAT Vlakplaat Wastewater Treatment Works,2/22/2021,,,
ENV-NIC-21-0075,Gauteng,Tshwane MM,Rooiwal Wastewater Treatment Works,2/22/2021,,,
ENV-NIC-21-0076,Gauteng,Johannesburg MM,Goudkoppies Wastewater Treatment Works,2/22/2021,,,
ENV-NIC-21-0079,Gauteng,Johannesburg MM,Northern Wastewater Treatment Works (GP),3/2/2021,,,
ENV-NIC-21-0080,Gauteng,Ekurhuleni MM,Hartebeesfontein Waterworks,3/2/2021,,,
ENV-NIC-21-0081,Gauteng,Tshwane MM,Daspoort Wastewater Treatment Works,3/2/2021,,,
ENV-NIC-21-0093,Western Cape,Cape Town MM,Zandvleit Wastewater Treatment Works,3/9/2021,,,
ENV-NIC-21-0094,Western Cape,Cape Town MM,Borcherds Quarry Wastewater Treatment Works,3/9/2021,,,
ENV-NIC-21-0097,Eastern Cape,Nelson Mandela Bay MM,Brickfield Pre-treatment Works,3/10/2021,,,
ENV-NIC-21-0117,Free State,Mangaung MM,Sterkwater Wastewater Treatment Works,3/16/2021,,,
ENV-NIC-21-0118,Free State,Mangaung MM,Bloemspruit Wastewater Treatment Works,3/16/2021,,,
ENV-NIC-21-0120,Gauteng,Tshwane MM,Rooiwal Wastewater Treatment Works,3/23/2021,,,
ENV-NIC-21-0124,KwaZulu-Natal,Ethekwini MM,Central Wastewater Treatment Works (KZN),3/23/2021,,,
ENV-NIC-21-0125,KwaZulu-Natal,Ethekwini MM,Northern Wastewater Treatment Works (KZN),3/23/2021,,,
ENV-NIC-21-0128,Gauteng,Johannesburg MM,Northern Wastewater Treatment Works (GP),4/6/2021,Negative,Negative,
ENV-NIC-21-0129,Gauteng,Ekurhuleni MM,Hartebeesfontein Waterworks,4/6/2021,Negative,Negative,
ENV-NIC-21-0134,Gauteng,Tshwane MM,Daspoort Wastewater Treatment Works,4/6/2021,Negative,Positive,
ENV-NIC-21-0142,Eastern Cape,Nelson Mandela Bay MM,Kwanobuhle Wastewater Treatment Works,4/13/2021,Negative,Negative,
ENV-NIC-21-0143,Eastern Cape,Nelson Mandela Bay MM,Brickfield Pre-treatment Works,4/13/2021,Negative,Negative,
ENV-NIC-21-0145,Eastern Cape,Buffalo City MM,East Bank Wastewater Treatment Works,4/13/2021,Negative,Negative,
ENV-NIC-21-0146,Western Cape,Cape Town MM,Zandvleit Wastewater Treatment Works,4/12/2021,Negative,Negative,
ENV-NIC-21-0147,Western Cape,Cape Town MM,Borcherds Quarry Wastewater Treatment Works,4/12/2021,Negative,Positive,
ENV-NIC-21-0155,Free State,Mangaung MM,Bloemspruit Wastewater Treatment Works,4/20/2021,,,
ENV-NIC-21-0156,Free State,Mangaung MM,Sterkwater Wastewater Treatment Works,4/20/2021,,,
ENV-NIC-21-0157,Gauteng,Tshwane MM,Rooiwal Wastewater Treatment Works,4/26/2021,,,
ENV-NIC-21-0167,KwaZulu-Natal,Ethekwini MM,Central Wastewater Treatment Works (KZN),4/26/2021,,,
ENV-NIC-21-0168,KwaZulu-Natal,Ethekwini MM,Northern Wastewater Treatment Works (KZN),4/26/2021,,,
ENV-NIC-21-0178,KwaZulu-Natal,Ethekwini MM,Northern Wastewater Treatment Works (KZN),5/4/2021,,,
ENV-NIC-21-0179,Gauteng,Johannesburg MM,Northern Wastewater Treatment Works (GP),5/4/2021,,,
ENV-NIC-21-0180,Gauteng,Tshwane MM,Daspoort Wastewater Treatment Works,5/4/2021,,,
ENV-NIC-21-0186,Western Cape,Cape Town MM,Zandvleit Wastewater Treatment Works,5/10/2021,,,
ENV-NIC-21-0187,Western Cape,Cape Town MM,,5/10/2021,Negative,Positive,
ENV-NIC-21-0188,Western Cape,Cape Town MM,,5/10/2021,Negative,Negative,
ENV-NIC-21-0192,Eastern Cape,Nelson Mandela Bay MM,Brickfield Pre-treatment Works,5/4/2021,,,
ENV-NIC-21-0203,Gauteng,Tshwane MM,Rooiwal Wastewater Treatment Works,5/24/2021,,,
ENV-NIC-21-0204,Gauteng,Johannesburg MM,Goudkoppies Wastewater Treatment Works,5/24/2021,,,
ENV-NIC-21-0205,Gauteng,Ekurhuleni MM,ERWAT Vlakplaat Wastewater Treatment Works,5/24/2021,,,
ENV-NIC-21-0206,KwaZulu-Natal,Ethekwini MM,Northern Wastewater Treatment Works (KZN),5/24/2021,,,
ENV-NIC-21-0207,KwaZulu-Natal,Ethekwini MM,Central Wastewater Treatment Works (KZN),5/24/2021,,,
ENV-NIC-21-0208,Free State,Mangaung MM,Sterkwater Wastewater Treatment Works,5/25/2021,,,
ENV-NIC-21-0209,Free State,Mangaung MM,Bloemspruit Wastewater Treatment Works,5/25/2021,,,
ENV-NIC-21-0214,Gauteng,Ekurhuleni MM,Hartebeesfontein Waterworks,6/1/2021,Negative,Negative,
ENV-NIC-21-0215,Gauteng,Johannesburg MM,Northern Wastewater Treatment Works (GP),6/1/2021,Negative,Negative,
ENV-NIC-21-0216,Gauteng,Tshwane MM,Daspoort Wastewater Treatment Works,6/1/2021,Negative,Negative,
ENV-NIC-21-0220,,,,,Negative,Positive,
ENV-NIC-21-0221,,,,,Negative,Negative,
ENV-NIC-21-0223,Eastern Cape,Buffalo City MM,Mdantsane Wastewater Treatment Works,6/8/2021,,,
ENV-NIC-21-0224,Eastern Cape,Buffalo City MM,East Bank Wastewater Treatment Works,6/8/2021,,,
ENV-NIC-21-0225,Eastern Cape,Nelson Mandela Bay MM,Brickfield Pre-treatment Works,6/8/2021,Negative,Negative,
ENV-NIC-21-0226,Eastern Cape,Nelson Mandela Bay MM,Kwanobuhle Wastewater Treatment Works,6/8/2021,,,
ENV-NIC-21-0227,Western Cape,Cape Town MM,Zandvleit Wastewater Treatment Works,6/7/2021,,,
ENV-NIC-21-0228,Western Cape,Cape Town MM,Borcherds Quarry Wastewater Treatment Works,6/7/2021,,,
ENV-NIC-21-0231,Free State,Mangaung MM,Sterkwater Wastewater Treatment Works,6/15/2021,,,
ENV-NIC-21-0232,Free State,Mangaung MM,Bloemspruit Wastewater Treatment Works,6/15/2021,,,
ENV-NIC-21-0233,KwaZulu-Natal,Ethekwini MM,Northern Wastewater Treatment Works (KZN),6/21/2021,,,
ENV-NIC-21-0234,KwaZulu-Natal,Ethekwini MM,Central Wastewater Treatment Works (KZN),6/21/2021,,,
ENV-NIC-21-0236,Gauteng,Ekurhuleni MM,ERWAT Vlakplaat Wastewater Treatment Works,6/21/2021,,,
ENV-NIC-21-0237,Gauteng,Johannesburg MM,Goudkoppies Wastewater Treatment Works,6/21/2021,,,
ENV-NIC-21-0238,Gauteng,Tshwane MM,Rooiwal Wastewater Treatment Works,6/22/2021,,,
ENV-NIC-21-0246,Gauteng,Ekurhuleni MM,Hartebeesfontein Waterworks,7/6/2021,,,
ENV-NIC-21-0247,Gauteng,Tshwane MM,Daspoort Wastewater Treatment Works,7/6/2021,,,
ENV-NIC-21-0267,Eastern Cape,Buffalo City MM,Mdantsane Wastewater Treatment Works,7/13/2021,,,
ENV-NIC-21-0268,Eastern Cape,Buffalo City MM,East Bank Wastewater Treatment Works,7/13/2021,,,
ENV-NIC-21-0269,Western Cape,Cape Town MM,Zandvleit Wastewater Treatment Works,7/13/2021,,,
ENV-NIC-21-0270,Eastern Cape,Nelson Mandela Bay MM,Brickfield Pre-treatment Works,7/13/2021,,,
ENV-NIC-21-0271,Eastern Cape,Nelson Mandela Bay MM,Kwanobuhle Wastewater Treatment Works,7/13/2021,,,
ENV-NIC-21-0280,Western Cape,Cape Town MM,Borcherds Quarry Wastewater Treatment Works,7/20/2021,,,
ENV-NIC-21-0281,Free State,Mangaung MM,Sterkwater Wastewater Treatment Works,7/21/2021,,,
ENV-NIC-21-0282,Free State,Mangaung MM,Bloemspruit Wastewater Treatment Works,7/21/2021,,,
ENV-NIC-21-0289,Gauteng,Ekurhuleni MM,ERWAT Vlakplaat Wastewater Treatment Works,7/26/2021,Negative,Negative,
ENV-NIC-21-0290,Gauteng,Tshwane MM,Rooiwal Wastewater Treatment Works,7/27/2021,,,
ENV-NIC-21-0291,KwaZulu-Natal,Ethekwini MM,Central Wastewater Treatment Works (KZN),7/26/2021,,,
ENV-NIC-21-0292,KwaZulu-Natal,Ethekwini MM,Northern Wastewater Treatment Works (KZN),7/26/2021,,,
ENV-NIC-21-0297,Gauteng,Johannesburg MM,Goudkoppies Wastewater Treatment Works,7/30/2021,,,
ENV-NIC-21-0332,Gauteng,Ekurhuleni MM,Hartebeesfontein Waterworks,8/3/2021,,,
ENV-NIC-21-0333,Gauteng,Tshwane MM,Daspoort Wastewater Treatment Works,8/3/2021,,,
ENV-NIC-21-0334,Gauteng,Johannesburg MM,Northern Wastewater Treatment Works (GP),8/3/2021,,,
ENV-NIC-21-0341,Eastern Cape,Buffalo City MM,East Bank Wastewater Treatment Works,8/10/2021,,,
ENV-NIC-21-0342,Eastern Cape,Buffalo City MM,Mdantsane Wastewater Treatment Works,8/10/2021,,,
ENV-NIC-21-0343,Eastern Cape,Nelson Mandela Bay MM,Kwanobuhle Wastewater Treatment Works,8/10/2021,,,
ENV-NIC-21-0344,Eastern Cape,Nelson Mandela Bay MM,Brickfield Pre-treatment Works,8/10/2021,,,
ENV-NIC-21-0345,Western Cape,Cape Town MM,Zandvleit Wastewater Treatment Works,8/10/2021,,,
ENV-NIC-21-0346,Western Cape,Cape Town MM,Borcherds Quarry Wastewater Treatment Works,8/10/2021,,,
ENV-NIC-21-0432,,,,,Negative,Negative,
ENV-NIC-21-0437,Free State,Mangaung MM,Sterkwater Wastewater Treatment Works,9/21/2021,Negative,Negative,
ENV-NIC-21-0929,,,,,Positive,Negative,
ENV-NIC-21-362,Free State,Mangaung MM,Bloemspruit Wastewater Treatment Works,8/17/2021,Negative,Negative,
ENV-NIC-21-363,Free State,Mangaung MM,Sterkwater Wastewater Treatment Works,8/17/2021,Positive,Negative,
ENV-NIC-21-368,Gauteng,Ekurhuleni MM,ERWAT Vlakplaat Wastewater Treatment Works,8/23/2021,Negative,Negative,
ENV-NIC-21-369,Gauteng,Johannesburg MM,Goudkoppies Wastewater Treatment Works,8/23/2021,Negative,Negative,
ENV-NIC-21-370,Gauteng,Tshwane MM,Rooiwal Wastewater Treatment Works,8/24/2021,Negative,Positive,
ENV-NIC-21-371,KwaZulu-Natal,Ethekwini MM,Central Wastewater Treatment Works (KZN),8/23/2021,Negative,Negative,
ENV-NIC-21-372,KwaZulu-Natal,Ethekwini MM,Northern Wastewater Treatment Works (KZN),8/23/2021,Negative,Negative,
ENV-NIC-21-388,Gauteng,Tshwane MM,Daspoort Wastewater Treatment Works,9/7/2021,Negative,Negative,
ENV-NIC-21-389,Gauteng,Johannesburg MM,Northern Wastewater Treatment Works (GP),9/7/2021,Negative,Negative,
ENV-NIC-21-390,Gauteng,Ekurhuleni MM,Hartebeesfontein Waterworks,9/7/2021,Negative,Negative,
ENV-NIC-21-404,Western Cape,Cape Town MM,Zandvleit Wastewater Treatment Works,9/13/2021,Negative,Negative,
ENV-NIC-21-405,Western Cape,Cape Town MM,Borcherds Quarry Wastewater Treatment Works,9/13/2021,Positive,Negative,
ENV-NIC-21-406,Eastern Cape,Nelson Mandela Bay MM,Kwanobuhle Wastewater Treatment Works,9/13/2021,Negative,Negative,
ENV-NIC-21-407,Eastern Cape,Nelson Mandela Bay MM,Brickfield Pre-treatment Works,9/13/2021,Negative,Positive,
ENV-NIC-21-408,Eastern Cape,Buffalo City MM,East Bank Wastewater Treatment Works,9/13/2021,Negative,Negative,
ENV-NIC-21-409,Eastern Cape,Buffalo City MM,Mdantsane Wastewater Treatment Works,9/13/2021,Negative,Negative,
ENV-NIC-21-437,Free State,Mangaung MM,Sterkwater Wastewater Treatment Works,9/21/2021,,,
ENV-NIC-21-438,Free State,Mangaung MM,Bloemspruit Wastewater Treatment Works,9/21/2021,Negative,Positive,
ENV-NIC-21-465,Gauteng,Johannesburg MM,Goudkoppies Wastewater Treatment Works,9/27/2021,Positive,Positive,
ENV-NIC-21-466,Gauteng,Ekurhuleni MM,ERWAT Vlakplaat Wastewater Treatment Works,9/27/2021,Negative,Negative,
ENV-NIC-21-467,Gauteng,Tshwane MM,Rooiwal Wastewater Treatment Works,9/28/2021,Negative,Negative,
ENV-NIC-21-468,KwaZulu-Natal,Ethekwini MM,Northern Wastewater Treatment Works (KZN),9/27/2021,Negative,Negative,
ENV-NIC-21-469,KwaZulu-Natal,Ethekwini MM,Central Wastewater Treatment Works (KZN),9/27/2021,Negative,Negative,
ENV-NIC-21-482,Gauteng,Ekurhuleni MM,Hartebeesfontein Waterworks,10/5/2021,Negative,Negative,
ENV-NIC-21-483,Gauteng,Tshwane MM,Daspoort Wastewater Treatment Works,10/5/2021,Negative,Negative,
ENV-NIC-21-484,Gauteng,Johannesburg MM,Northern Wastewater Treatment Works (GP),10/5/2021,Negative,Positive,
ENV-NIC-21-495,Eastern Cape,Buffalo City MM,East Bank Wastewater Treatment Works,10/12/2021,Positive,Negative,
ENV-NIC-21-496,Eastern Cape,Buffalo City MM,Mdantsane Wastewater Treatment Works,10/12/2021,Negative,Negative,
ENV-NIC-21-497,Eastern Cape,Nelson Mandela Bay MM,Kwanobuhle Wastewater Treatment Works,10/12/2021,Positive,Negative,
ENV-NIC-21-498,Eastern Cape,Nelson Mandela Bay MM,Brickfield Pre-treatment Works,10/12/2021,Positive,Negative,
ENV-NIC-21-499,Western Cape,Cape Town MM,Borcherds Quarry Wastewater Treatment Works,10/11/2021,Negative,Negative,
ENV-NIC-21-500,Western Cape,Cape Town MM,Zandvleit Wastewater Treatment Works,10/11/2021,Negative,Negative,
ENV-NIC-21-528,Free State,Mangaung MM,Sterkwater Wastewater Treatment Works,10/19/2021,Negative,Negative,
ENV-NIC-21-529,Free State,Mangaung MM,Bloemspruit Wastewater Treatment Works,10/19/2021,Negative,Negative,
ENV-NIC-21-534,Gauteng,Ekurhuleni MM,ERWAT Vlakplaat Wastewater Treatment Works,10/25/2021,Negative,Negative,
ENV-NIC-21-535,Gauteng,Johannesburg MM,Goudkoppies Wastewater Treatment Works,10/25/2021,Negative,Negative,
ENV-NIC-21-536,Gauteng,Tshwane MM,Rooiwal Wastewater Treatment Works,10/26/2021,Failed,Failed,
ENV-NIC-21-537,KwaZulu-Natal,Ethekwini MM,Northern Wastewater Treatment Works (KZN),10/25/2021,Negative,Negative,
ENV-NIC-21-538,KwaZulu-Natal,Ethekwini MM,Central Wastewater Treatment Works (KZN),10/25/2021,Negative,Negative,
ENV-NIC-21-552,Gauteng,Johannesburg MM,Northern Wastewater Treatment Works (GP),11/2/2021,Negative,Negative,
ENV-NIC-21-553,Gauteng,Ekurhuleni MM,Hartebeesfontein Waterworks,11/2/2021,Negative,Negative,
ENV-NIC-21-554,Gauteng,Tshwane MM,Daspoort Wastewater Treatment Works,11/2/2021,Negative,Negative,
ENV-NIC-21-560,Western Cape,Cape Town MM,Borcherds Quarry Wastewater Treatment Works,11/8/2021,Negative,Negative,
ENV-NIC-21-561,Western Cape,Cape Town MM,Zandvleit Wastewater Treatment Works,11/8/2021,Negative,Negative,
ENV-NIC-21-566,Eastern Cape,Buffalo City MM,East Bank Wastewater Treatment Works,11/9/2021,Negative,Negative,
ENV-NIC-21-567,Eastern Cape,Buffalo City MM,Mdantsane Wastewater Treatment Works,11/9/2021,Negative,Negative,
ENV-NIC-21-568,Eastern Cape,Nelson Mandela Bay MM,Kwanobuhle Wastewater Treatment Works,11/9/2021,Negative,Negative,
ENV-NIC-21-569,Eastern Cape,Nelson Mandela Bay MM,Brickfield Pre-treatment Works,11/9/2021,Negative,Negative,
ENV-NIC-21-578,Free State,Mangaung MM,Bloemspruit Wastewater Treatment Works,11/16/2021,Negative,Negative,
ENV-NIC-21-579,Free State,Mangaung MM,Sterkwater Wastewater Treatment Works,11/16/2021,Negative,Negative,
ENV-NIC-21-584,Gauteng,Ekurhuleni MM,ERWAT Vlakplaat Wastewater Treatment Works,11/22/2021,Negative,Negative,
ENV-NIC-21-591,Gauteng,Johannesburg MM,Goudkoppies Wastewater Treatment Works,11/22/2021,Negative,Negative,
ENV-NIC-21-592,Gauteng,Tshwane MM,Rooiwal Wastewater Treatment Works,11/23/2021,Negative,Positive,
ENV-NIC-21-593,KwaZulu-Natal,Ethekwini MM,Central Wastewater Treatment Works (KZN),11/22/2021,Negative,Negative,
ENV-NIC-21-594,KwaZulu-Natal,Ethekwini MM,Northern Wastewater Treatment Works (KZN),11/22/2021,Negative,Negative,
ENV-NIC-21-616,Gauteng,Johannesburg MM,Northern Wastewater Treatment Works (GP),12/7/2021,Negative,Negative,
ENV-NIC-21-617,Gauteng,Ekurhuleni MM,Hartebeesfontein Waterworks,12/7/2021,Negative,Negative,
ENV-NIC-21-618,Gauteng,Tshwane MM,Daspoort Wastewater Treatment Works,12/7/2021,Positive,Negative,
ENV-NIC-21-635,Eastern Cape,Buffalo City MM,East Bank Wastewater Treatment Works,12/7/2021,Negative,Positive,
ENV-NIC-21-636,Eastern Cape,Buffalo City MM,Mdantsane Wastewater Treatment Works,12/7/2021,Negative,Negative,
ENV-NIC-21-644,Western Cape,Cape Town MM,Zandvleit Wastewater Treatment Works,12/13/2021,Positive,Negative,
ENV-NIC-21-645,Western Cape,Cape Town MM,Borcherds Quarry Wastewater Treatment Works,12/13/2021,Negative,Negative,
ENV-NIC-21-661,Free State,Mangaung MM,Sterkwater Wastewater Treatment Works,12/21/2021,Negative,Negative,
ENV-NIC-21-662,Free State,Mangaung MM,Bloemspruit Wastewater Treatment Works,12/21/2021,Negative,Negative,
ENV-NIC-21-663,Eastern Cape,Nelson Mandela Bay MM,Brickfield Pre-treatment Works,12/14/2021,Negative,Negative,
ENV-NIC-21-664,Eastern Cape,Nelson Mandela Bay MM,Kwanobuhle Wastewater Treatment Works,12/14/2021,Negative,Negative,
ENV-NIC-22-0022,Free State,Mangaung MM,Bloemspruit Wastewater Treatment Works,1/18/2022,Negative,Negative,
ENV-NIC-22-0023,Free State,Mangaung MM,Sterkwater Wastewater Treatment Works,1/18/2022,Negative,Negative,
ENV-NIC-22-0024,Gauteng,Ekurhuleni MM,ERWAT Vlakplaat Wastewater Treatment Works,1/24/2022,Negative,Negative,
ENV-NIC-22-0025,Gauteng,Johannesburg MM,Goudkoppies Wastewater Treatment Works,1/24/2022,Negative,Negative,
ENV-NIC-22-0028,KwaZulu-Natal,Ethekwini MM,Northern Wastewater Treatment Works (KZN),1/24/2022,Positive,Negative,
ENV-NIC-22-0029,KwaZulu-Natal,Ethekwini MM,Central Wastewater Treatment Works (KZN),1/24/2022,Negative,Negative,
ENV-NIC-22-0033,Gauteng,Tshwane MM,Rooiwal Wastewater Treatment Works,1/25/2022,Negative,Negative,
ENV-NIC-22-0043,Gauteng,Ekurhuleni MM,Hartebeesfontein Waterworks,2/1/2022,Negative,Negative,
ENV-NIC-22-0044,Gauteng,Tshwane MM,Daspoort Wastewater Treatment Works,2/1/2022,Negative,Negative,
ENV-NIC-22-0045,Gauteng,Johannesburg MM,Northern Wastewater Treatment Works (GP),2/2/2022,Negative,Negative,
ENV-NIC-22-005,Gauteng,Tshwane MM,Daspoort Wastewater Treatment Works,1/4/2022,Negative,Negative,
ENV-NIC-22-0052,Western Cape,Cape Town MM,Borcherds Quarry Wastewater Treatment Works,2/7/2022,Negative,Negative,
ENV-NIC-22-0053,Western Cape,Cape Town MM,Zandvleit Wastewater Treatment Works,2/7/2022,Negative,Negative,
ENV-NIC-22-0054,Eastern Cape,Buffalo City MM,Mdantsane Wastewater Treatment Works,2/8/2022,Negative,Positive,
ENV-NIC-22-0055,Eastern Cape,Buffalo City MM,East Bank Wastewater Treatment Works,2/8/2022,Negative,Negative,
ENV-NIC-22-006,Gauteng,Ekurhuleni MM,Hartebeesfontein Waterworks,1/4/2022,Negative,Negative,
ENV-NIC-22-0067,Free State,Mangaung MM,Bloemspruit Wastewater Treatment Works,2/15/2022,,,
ENV-NIC-22-0068,Free State,Mangaung MM,Sterkwater Wastewater Treatment Works,2/15/2022,Positive,Negative,
ENV-NIC-22-007,Western Cape,Cape Town MM,Zandvleit Wastewater Treatment Works,1/10/2022,Negative,Negative,
ENV-NIC-22-0072,Gauteng,Ekurhuleni MM,ERWAT Vlakplaat Wastewater Treatment Works,2/21/2022,Negative,Negative,
ENV-NIC-22-0073,Gauteng,Johannesburg MM,Goudkoppies Wastewater Treatment Works,2/21/2022,,,
ENV-NIC-22-0078,,,,,Negative,Positive,
ENV-NIC-22-008,Western Cape,Cape Town MM,Borcherds Quarry Wastewater Treatment Works,1/10/2022,Negative,Negative,
ENV-NIC-22-0080,KwaZulu-Natal,Ethekwini MM,Central Wastewater Treatment Works (KZN),2/21/2022,Negative,Negative,
ENV-NIC-22-0081,KwaZulu-Natal,Ethekwini MM,Northern Wastewater Treatment Works (KZN),2/21/2022,Negative,Negative,
ENV-NIC-22-0082,Gauteng,Tshwane MM,Rooiwal Wastewater Treatment Works,2/22/2022,Positive,Negative,
ENV-NIC-22-0088,Gauteng,Ekurhuleni MM,Hartebeesfontein Waterworks,3/1/2022,Negative,Negative,
ENV-NIC-22-0089,Gauteng,Tshwane MM,Daspoort Wastewater Treatment Works,3/1/2022,Negative,Negative,
ENV-NIC-22-009,Eastern Cape,Buffalo City MM,East Bank Wastewater Treatment Works,1/11/2022,Failed,Failed,
ENV-NIC-22-0096,Gauteng,Johannesburg MM,Northern Wastewater Treatment Works (GP),3/3/2022,Negative,Negative,
ENV-NIC-22-010,Eastern Cape,Buffalo City MM,Mdantsane Wastewater Treatment Works,1/11/2022,Negative,Negative,
ENV-NIC-22-0100,Western Cape,Cape Town MM,Zandvleit Wastewater Treatment Works,3/7/2022,Negative,Negative,
ENV-NIC-22-0101,Western Cape,Cape Town MM,Borcherds Quarry Wastewater Treatment Works,3/7/2022,Negative,Negative,
ENV-NIC-22-0102,Eastern Cape,Buffalo City MM,Mdantsane Wastewater Treatment Works,3/8/2022,Negative,Negative,
ENV-NIC-22-0103,Eastern Cape,Buffalo City MM,East Bank Wastewater Treatment Works,3/8/2022,Negative,Negative,
ENV-NIC-22-0104,Eastern Cape,Nelson Mandela Bay MM,Brickfield Pre-treatment Works,3/8/2022,Negative,Negative,
ENV-NIC-22-0105,Eastern Cape,Nelson Mandela Bay MM,Kwanobuhle Wastewater Treatment Works,3/8/2022,Negative,Negative,
ENV-NIC-22-0126,Free State,Mangaung MM,Bloemspruit Wastewater Treatment Works,3/15/2022,Negative,Negative,
ENV-NIC-22-0127,Free State,Mangaung MM,Sterkwater Wastewater Treatment Works,3/15/2022,Negative,Negative,
ENV-NIC-22-0132,Gauteng,Tshwane MM,Rooiwal Wastewater Treatment Works,3/22/2022,,,
ENV-NIC-22-0133,Gauteng,Johannesburg MM,Goudkoppies Wastewater Treatment Works,3/22/2022,,,
ENV-NIC-22-0134,Gauteng,Ekurhuleni MM,ERWAT Vlakplaat Wastewater Treatment Works,3/22/2022,Negative,Negative,
ENV-NIC-22-0145,KwaZulu-Natal,Ethekwini MM,Central Wastewater Treatment Works (KZN),3/22/2022,Negative,Negative,
ENV-NIC-22-0146,KwaZulu-Natal,Ethekwini MM,Northern Wastewater Treatment Works (KZN),3/22/2022,Negative,Negative,
ENV-NIC-22-0189,Gauteng,Ekurhuleni MM,Hartebeesfontein Waterworks,4/5/2022,Negative,Negative,
ENV-NIC-22-0190,Gauteng,Tshwane MM,Daspoort Wastewater Treatment Works,4/5/2022,Negative,Negative,
ENV-NIC-22-0192,Gauteng,Johannesburg MM,Northern Wastewater Treatment Works (GP),4/6/2022,Negative,Negative,
ENV-NIC-22-0204,Western Cape,Cape Town MM,Zandvleit Wastewater Treatment Works,4/11/2022,Positive,Positive,
ENV-NIC-22-0205,Western Cape,Cape Town MM,Borcherds Quarry Wastewater Treatment Works,4/11/2022,Negative,Negative,
ENV-NIC-22-0206,Eastern Cape,Nelson Mandela Bay MM,Brickfield Pre-treatment Works,4/11/2022,Negative,Negative,
ENV-NIC-22-0223,Eastern Cape,Buffalo City MM,Mdantsane Wastewater Treatment Works,4/12/2022,,,
ENV-NIC-22-0224,Eastern Cape,Buffalo City MM,East Bank Wastewater Treatment Works,4/12/2022,Negative,Negative,
ENV-NIC-22-0228,,,,,Positive,Positive,
ENV-NIC-22-0229,Free State,Mangaung MM,Sterkwater Wastewater Treatment Works,4/19/2022,Negative,Negative,
ENV-NIC-22-0232,Free State,Mangaung MM,Bloemspruit Wastewater Treatment Works,4/20/2022,Negative,Positive,
ENV-NIC-22-0247,Gauteng,Ekurhuleni MM,ERWAT Vlakplaat Wastewater Treatment Works,4/25/2022,Negative,Negative,
ENV-NIC-22-0248,Gauteng,Johannesburg MM,Goudkoppies Wastewater Treatment Works,4/25/2022,Negative,Negative,
ENV-NIC-22-0249,Gauteng,Tshwane MM,Rooiwal Wastewater Treatment Works,4/25/2022,Negative,Negative,
ENV-NIC-22-0250,KwaZulu-Natal,Ethekwini MM,Central Wastewater Treatment Works (KZN),4/25/2022,Negative,Positive,
ENV-NIC-22-0272,Gauteng,Tshwane MM,Daspoort Wastewater Treatment Works,5/3/2022,Negative,Negative,
ENV-NIC-22-0273,Gauteng,Johannesburg MM,Northern Wastewater Treatment Works (GP),5/3/2022,Negative,Negative,
ENV-NIC-22-0274,Gauteng,Ekurhuleni MM,Hartebeesfontein Waterworks,5/3/2022,Negative,Positive,
ENV-NIC-22-0300,Western Cape,Cape Town MM,Borcherds Quarry Wastewater Treatment Works,5/9/2022,Negative,Negative,
ENV-NIC-22-0301,Western Cape,Cape Town MM,Zandvleit Wastewater Treatment Works,5/9/2022,Positive,Negative,
ENV-NIC-22-0311,Eastern Cape,Buffalo City MM,Mdantsane Wastewater Treatment Works,5/10/2022,Negative,Positive,
ENV-NIC-22-0312,Eastern Cape,Buffalo City MM,East Bank Wastewater Treatment Works,5/10/2022,Negative,Negative,
ENV-NIC-22-0313,Eastern Cape,Nelson Mandela Bay MM,Brickfield Pre-treatment Works,5/10/2022,Negative,Negative,
ENV-NIC-22-0314,Eastern Cape,Nelson Mandela Bay MM,Kwanobuhle Wastewater Treatment Works,5/10/2022,Negative,Negative,
ENV-NIC-22-0318,,,,,Negative,Negative,
ENV-NIC-22-0321,Free State,Mangaung MM,Bloemspruit Wastewater Treatment Works,5/17/2022,Positive,Negative,
ENV-NIC-22-0322,Free State,Mangaung MM,Sterkwater Wastewater Treatment Works,5/17/2022,Negative,Negative,
ENV-NIC-22-0358,Gauteng,Johannesburg MM,Goudkoppies Wastewater Treatment Works,5/24/2022,Negative,Negative,
ENV-NIC-22-0391,Gauteng,Tshwane MM,Rooiwal Wastewater Treatment Works,5/24/2022,Negative,Positive,
ENV-NIC-22-0411,Gauteng,Ekurhuleni MM,Hartebeesfontein Waterworks,6/7/2022,Negative,Positive,
ENV-NIC-22-0412,Gauteng,Tshwane MM,Daspoort Wastewater Treatment Works,6/7/2022,Negative,Negative,
ENV-NIC-22-0424,Gauteng,Johannesburg MM,Northern Wastewater Treatment Works (GP),6/21/2022,Negative,Negative,
ENV-NIC-22-0469,,,,,Negative,Negative,
ENV-NIC-22-0486,Gauteng,Johannesburg MM,Goudkoppies Wastewater Treatment Works,6/27/2022,Negative,Negative,
ENV-NIC-22-0487,Gauteng,Ekurhuleni MM,ERWAT Vlakplaat Wastewater Treatment Works,6/27/2022,Negative,Negative,
ENV-NIC-22-0488,Gauteng,Tshwane MM,Rooiwal Wastewater Treatment Works,6/28/2022,Negative,Positive,
ENV-NIC-22-0492,,,,,Positive,Negative,
ENV-NIC-22-0493,,,,,Negative,Positive,
ENV-NIC-22-0499,,,,,Negative,Negative,
ENV-NIC-22-0500,,,,,Negative,Positive,
ENV-NIC-22-0501,Gauteng,Johannesburg MM,Northern Wastewater Treatment Works (GP),7/5/2022,Negative,Negative,
ENV-NIC-22-0502,Gauteng,Ekurhuleni MM,Hartebeesfontein Waterworks,7/5/2022,Negative,Negative,
ENV-NIC-22-0503,KwaZulu-Natal,Ethekwini MM,Central Wastewater Treatment Works (KZN),7/4/2022,Negative,Negative,
ENV-NIC-22-0504,Gauteng,Tshwane MM,Daspoort Wastewater Treatment Works,7/5/2022,Positive,Negative,
ENV-NIC-22-0610,Gauteng,Johannesburg MM,Goudkoppies Wastewater Treatment Works,7/26/2022,Negative,Negative,
ENV-NIC-22-0614,Gauteng,Tshwane MM,Rooiwal Wastewater Treatment Works,7/27/2022,Negative,Positive,
ENV-NIC-22-0615,Gauteng,Ekurhuleni MM,ERWAT Vlakplaat Wastewater Treatment Works,7/26/2022,Negative,Negative,
ENV-NIC-22-0619,Gauteng,Ekurhuleni MM,Hartebeesfontein Waterworks,8/2/2022,Negative,Negative,
ENV-NIC-22-0626,Gauteng,Tshwane MM,Daspoort Wastewater Treatment Works,8/3/2022,Negative,Negative,
ENV-NIC-22-0635,Western Cape,Cape Town MM,Borcherds Quarry Wastewater Treatment Works,8/10/2022,,,
ENV-NIC-22-0636,Western Cape,Cape Town MM,Zandvleit Wastewater Treatment Works,,,,
ENV-NIC-22-0644,Eastern Cape,Nelson Mandela Bay MM,Kwanobuhle Wastewater Treatment Works,8/10/2022,,,
ENV-NIC-22-0645,Eastern Cape,Nelson Mandela Bay MM,Brickfield Pre-treatment Works,8/10/2022,,,
ENV-NIC-22-0646,Free State,Mangaung MM,Bloemspruit Wastewater Treatment Works,8/16/2022,,,
ENV-NIC-22-0647,Free State,Mangaung MM,Sterkwater Wastewater Treatment Works,8/16/2022,,,
ENV-NIC-22-0648,Eastern Cape,Buffalo City MM,East Bank Wastewater Treatment Works,8/16/2022,,,
ENV-NIC-22-0649,Eastern Cape,Buffalo City MM,Mdantsane Wastewater Treatment Works,8/16/2022,,,
ENV-NIC-22-0669,KwaZulu-Natal,Ethekwini MM,Central Wastewater Treatment Works (KZN),8/22/2022,,,
ENV-NIC-22-0670,Gauteng,Ekurhuleni MM,ERWAT Vlakplaat Wastewater Treatment Works,8/23/2022,,,
ENV-NIC-22-0671,Gauteng,Johannesburg MM,Goudkoppies Wastewater Treatment Works,8/23/2022,,,
ENV-NIC-22-0681,Gauteng,Tshwane MM,Rooiwal Wastewater Treatment Works,8/25/2022,,,
ENV-NIC-22-0717,Gauteng,Ekurhuleni MM,Hartebeesfontein Waterworks,9/6/2022,,,
ENV-NIC-22-0718,Gauteng,Tshwane MM,Daspoort Wastewater Treatment Works,9/7/2022,,,
ENV-NIC-22-0734,Gauteng,Johannesburg MM,Northern Wastewater Treatment Works (GP),9/13/2022,,,
ENV-NIC-22-0755,Free State,Mangaung MM,Sterkwater Wastewater Treatment Works,9/20/2022,,,
ENV-NIC-22-0756,Free State,Mangaung MM,Bloemspruit Wastewater Treatment Works,9/20/2022,,,
ENV-NIC-22-0764,KwaZulu-Natal,Ethekwini MM,Central Wastewater Treatment Works (KZN),9/26/2022,,,
ENV-NIC-22-0765,Gauteng,Ekurhuleni MM,ERWAT Vlakplaat Wastewater Treatment Works,9/27/2022,,,
ENV-NIC-22-0766,Gauteng,Johannesburg MM,Goudkoppies Wastewater Treatment Works,9/27/2022,,,
ENV-NIC-22-0767,Gauteng,Tshwane MM,Rooiwal Wastewater Treatment Works,9/28/2022,,,
ENV-NIC-22-0792,Gauteng,Johannesburg MM,Northern Wastewater Treatment Works (GP),10/4/2022,Failed,Failed,
ENV-NIC-22-0794,Gauteng,Tshwane MM,Daspoort Wastewater Treatment Works,10/5/2022,Negative,Negative,
ENV-NIC-22-0809,Western Cape,Cape Town MM,Zandvleit Wastewater Treatment Works,10/10/2022,Negative,Negative,
ENV-NIC-22-0810,Western Cape,Cape Town MM,Borcherds Quarry Wastewater Treatment Works,10/10/2022,Positive,Negative,
ENV-NIC-22-0811,Eastern Cape,Nelson Mandela Bay MM,Kwanobuhle Wastewater Treatment Works,10/11/2022,Positive,Negative,
ENV-NIC-22-0812,Eastern Cape,Nelson Mandela Bay MM,Brickfield Pre-treatment Works,10/11/2022,Failed,Failed,
ENV-NIC-22-0829,Free State,Mangaung MM,Bloemspruit Wastewater Treatment Works,10/18/2022,Negative,Negative,
ENV-NIC-22-0830,Free State,Mangaung MM,Sterkwater Wastewater Treatment Works,10/18/2022,Negative,Negative,
ENV-NIC-22-0900,KwaZulu-Natal,Ethekwini MM,Central Wastewater Treatment Works (KZN),10/24/2022,Failed,Failed,
ENV-NIC-22-0901,Gauteng,Johannesburg MM,Goudkoppies Wastewater Treatment Works,10/25/2022,Negative,Negative,
ENV-NIC-22-0902,Gauteng,Ekurhuleni MM,ERWAT Vlakplaat Wastewater Treatment Works,10/25/2022,Negative,Negative,
ENV-NIC-22-0903,Gauteng,Tshwane MM,Rooiwal Wastewater Treatment Works,10/26/2022,Negative,Negative,
ENV-NIC-22-09124,,,,,,,
ENV-NIC-22-0918,Gauteng,Ekurhuleni MM,Hartebeesfontein Waterworks,11/1/2022,Negative,Negative,
ENV-NIC-22-0919,Gauteng,Johannesburg MM,Northern Wastewater Treatment Works (GP),11/1/2022,,,
ENV-NIC-22-0924,Gauteng,Tshwane MM,Daspoort Wastewater Treatment Works,11/2/2022,Negative,Negative,
ENV-NIC-22-0934,Eastern Cape,Buffalo City MM,East Bank Wastewater Treatment Works,11/8/2022,,,
ENV-NIC-22-0935,Eastern Cape,Buffalo City MM,Mdantsane Wastewater Treatment Works,11/8/2022,,,
ENV-NIC-22-0962,Free State,Mangaung MM,Bloemspruit Wastewater Treatment Works,11/15/2022,,,
ENV-NIC-22-0963,Free State,Mangaung MM,Sterkwater Wastewater Treatment Works,11/15/2022,,,
ENV-NIC-22-0987,KwaZulu-Natal,Ethekwini MM,Central Wastewater Treatment Works (KZN),11/21/2022,,,
ENV-NIC-22-0988,KwaZulu-Natal,Ethekwini MM,Northern Wastewater Treatment Works (KZN),11/21/2022,,,
ENV-NIC-22-0989,Gauteng,Tshwane MM,Rooiwal Wastewater Treatment Works,11/22/2022,,,
ENV-NIC-22-0990,Gauteng,Ekurhuleni MM,ERWAT Vlakplaat Wastewater Treatment Works,11/22/2022,,,
ENV-NIC-22-1020,Gauteng,Johannesburg MM,Goudkoppies Wastewater Treatment Works,11/29/2022,,,
ENV-NIC-22-1035,Gauteng,Ekurhuleni MM,Hartebeesfontein Waterworks,12/6/2022,,,
ENV-NIC-22-1036,Gauteng,Johannesburg MM,Northern Wastewater Treatment Works (GP),12/6/2022,,,
ENV-NIC-22-1037,Gauteng,Tshwane MM,Daspoort Wastewater Treatment Works,12/7/2022,,,
ENV-NIC-22-1079,Western Cape,Cape Town MM,Zandvleit Wastewater Treatment Works,12/13/2022,,,
ENV-NIC-22-1080,Western Cape,Cape Town MM,Borcherds Quarry Wastewater Treatment Works,12/13/2022,,,
ENV-NIC-22-1082,Eastern Cape,Buffalo City MM,Mdantsane Wastewater Treatment Works,12/14/2022,,,
ENV-NIC-22-1083,Eastern Cape,Buffalo City MM,East Bank Wastewater Treatment Works,12/14/2022,,,
ENV-NIC-22-1084,Eastern Cape,Nelson Mandela Bay MM,Brickfield Pre-treatment Works,12/12/2022,,,
ENV-NIC-22-1085,Eastern Cape,Nelson Mandela Bay MM,Kwanobuhle Wastewater Treatment Works,12/13/2022,,,
ENV-NIC-22-1103,Free State,Mangaung MM,Sterkwater Wastewater Treatment Works,12/20/2022,,,
ENV-NIC-22-1104,Free State,Mangaung MM,Bloemspruit Wastewater Treatment Works,12/20/2022,,,
ENV-NIC-23-0020,Western Cape,Cape Town MM,Borcherds Quarry Wastewater Treatment Works,1/9/2023,Negative,Negative,
ENV-NIC-23-0021,Western Cape,Cape Town MM,Zandvleit Wastewater Treatment Works,1/9/2023,Negative,Positive,
ENV-NIC-23-0022,Eastern Cape,Nelson Mandela Bay MM,Kwanobuhle Wastewater Treatment Works,1/11/2023,Negative,Negative,
ENV-NIC-23-0023,Eastern Cape,Nelson Mandela Bay MM,Brickfield Pre-treatment Works,1/11/2023,Negative,Negative,
ENV-NIC-23-0043,Free State,Mangaung MM,Bloemspruit Wastewater Treatment Works,1/17/2023,Negative,Negative,
ENV-NIC-23-0044,Gauteng,Tshwane MM,Daspoort Wastewater Treatment Works,1/17/2023,Negative,Negative,
ENV-NIC-23-0062,Gauteng,Ekurhuleni MM,ERWAT Vlakplaat Wastewater Treatment Works,1/24/2023,Negative,Negative,
ENV-NIC-23-0091,KwaZulu-Natal,Ethekwini MM,Northern Wastewater Treatment Works (KZN),1/23/2023,Positive,Negative,
ENV-NIC-23-0092,KwaZulu-Natal,Ethekwini MM,Central Wastewater Treatment Works (KZN),1/23/2023,Negative,Negative,
ENV-NIC-23-0104,Gauteng,Tshwane MM,Rooiwal Wastewater Treatment Works,1/25/2023,Negative,Positive,
ENV-NIC-23-0134,,,,,,,
ENV-NIC-23-0171,Free State,Mangaung MM,Bloemspruit Wastewater Treatment Works,2/14/2023,Negative,Negative,
ENV-NIC-23-0172,Free State,Mangaung MM,Sterkwater Wastewater Treatment Works,2/14/2023,Negative,Positive,
ENV-NIC-23-0191,KwaZulu-Natal,Ethekwini MM,Central Wastewater Treatment Works (KZN),2/20/2023,,,
ENV-NIC-23-0192,KwaZulu-Natal,Ethekwini MM,Northern Wastewater Treatment Works (KZN),2/20/2023,,,
ENV-NIC-23-0193,Gauteng,Tshwane MM,Daspoort Wastewater Treatment Works,2/21/2023,,,
ENV-NIC-23-0195,Gauteng,Tshwane MM,SAPS Training College,2/22/2023,,,
ENV-NIC-23-0218,,,,,,,
ENV-NIC-23-0226,Gauteng,Ekurhuleni MM,Hartebeesfontein Waterworks,2/28/2023,,,
ENV-NIC-23-0227,Gauteng,Tshwane MM,Daspoort Wastewater Treatment Works,3/1/2023,Negative,Negative,
ENV-NIC-23-0279,Western Cape,Cape Town MM,Zandvleit Wastewater Treatment Works,3/13/2023,Negative,Negative,
ENV-NIC-23-0280,Western Cape,Cape Town MM,Borcherds Quarry Wastewater Treatment Works,3/13/2023,Positive,Negative,
ENV-NIC-23-0281,Eastern Cape,Nelson Mandela Bay MM,Kwanobuhle Wastewater Treatment Works,3/6/2023,Negative,Negative,
ENV-NIC-23-0282,Free State,Mangaung MM,Sterkwater Wastewater Treatment Works,3/14/2023,Positive,Negative,
ENV-NIC-23-0292,Gauteng,Ekurhuleni MM,ERWAT Vlakplaat Wastewater Treatment Works,3/22/2023,Negative,Negative,
ENV-NIC-23-0302,,,,,,,
ENV-NIC-23-0305,KwaZulu-Natal,Ethekwini MM,Central Wastewater Treatment Works (KZN),3/22/2023,Negative,Negative,
ENV-NIC-23-0351,Gauteng,Tshwane MM,Daspoort Wastewater Treatment Works,4/5/2023,Negative,Negative,
ENV-NIC-23-0352,Gauteng,Johannesburg MM,Northern Wastewater Treatment Works (GP),4/5/2023,Negative,Positive,
ENV-NIC-23-0353,Gauteng,Ekurhuleni MM,Hartebeesfontein Waterworks,4/4/2023,,,
ENV-NIC-23-0400,Western Cape,Cape Town MM,Zandvleit Wastewater Treatment Works,4/11/2023,,,
ENV-NIC-23-0401,Western Cape,Cape Town MM,Borcherds Quarry Wastewater Treatment Works,4/11/2023,Negative,Negative,
ENV-NIC-23-0402,Eastern Cape,Nelson Mandela Bay MM,Brickfield Pre-treatment Works,3/15/2023,Negative,Negative,
ENV-NIC-23-0431,Free State,Mangaung MM,Bloemspruit Wastewater Treatment Works,4/18/2023,Positive,Negative,
ENV-NIC-23-0459,KwaZulu-Natal,Ethekwini MM,Central Wastewater Treatment Works (KZN),4/24/2023,Negative,Negative,
ENV-NIC-23-0460,KwaZulu-Natal,Ethekwini MM,Northern Wastewater Treatment Works (KZN),4/24/2023,Negative,Negative,
ENV-NIC-23-0461,Gauteng,Ekurhuleni MM,ERWAT Vlakplaat Wastewater Treatment Works,4/25/2023,Negative,Negative,
ENV-NIC-23-0466,Gauteng,Ekurhuleni MM,Hartebeesfontein Waterworks,5/2/2023,Negative,Positive,
ENV-NIC-23-0469,Gauteng,Tshwane MM,Daspoort Wastewater Treatment Works,5/3/2023,,,
ENV-NIC-23-0492,Western Cape,Cape Town MM,Zandvleit Wastewater Treatment Works,5/8/2023,,,
ENV-NIC-23-0493,Western Cape,Cape Town MM,Borcherds Quarry Wastewater Treatment Works,5/9/2023,,,
ENV-NIC-23-0499,Free State,Mangaung MM,Sterkwater Wastewater Treatment Works,5/9/2023,,,
ENV-NIC-23-0500,Eastern Cape,Nelson Mandela Bay MM,Brickfield Pre-treatment Works,5/8/2023,,,
ENV-NIC-23-0501,Eastern Cape,Nelson Mandela Bay MM,Kwanobuhle Wastewater Treatment Works,5/9/2023,,,
ENV-NIC-23-0557,,,,,Negative,Negative,
ENV-NIC-23-0559,,,,,Negative,Negative,
ENV-NIC-23-0560,Gauteng,Tshwane MM,Rooiwal Wastewater Treatment Works,5/24/2023,,,
ENV-NIC-23-0592,,,,,,,
ENV-NIC-23-0679,Western Cape,Cape Town MM,Borcherds Quarry Wastewater Treatment Works,6/12/2023,Positive,Positive,
ENV-NIC-23-0680,Western Cape,Cape Town MM,Zandvleit Wastewater Treatment Works,6/12/2023,Positive,Positive,
ENV-NIC-23-0681,Eastern Cape,Nelson Mandela Bay MM,Kwanobuhle Wastewater Treatment Works,6/12/2023,Positive,Negative,
ENV-NIC-23-0682,Eastern Cape,Nelson Mandela Bay MM,Brickfield Pre-treatment Works,6/13/2023,Positive,Negative,
ENV-NIC-23-0698,Free State,Mangaung MM,Sterkwater Wastewater Treatment Works,6/20/2023,Positive,Negative,
ENV-NIC-23-0699,Free State,Mangaung MM,Bloemspruit Wastewater Treatment Works,6/20/2023,Positive,Negative,
ENV-NIC-23-0716,KwaZulu-Natal,Ethekwini MM,Central Wastewater Treatment Works (KZN),6/26/2023,Positive,Negative,
ENV-NIC-23-0719,Gauteng,Tshwane MM,Rooiwal Wastewater Treatment Works,6/28/2023,Negative,Negative,
ENV-NIC-23-0783,Western Cape,Cape Town MM,Zandvleit Wastewater Treatment Works,7/10/2023,,,
ENV-NIC-23-0784,Western Cape,Cape Town MM,Borcherds Quarry Wastewater Treatment Works,7/10/2023,,,
ENV-NIC-23-0790,Eastern Cape,Nelson Mandela Bay MM,Kwanobuhle Wastewater Treatment Works,7/10/2023,,,
ENV-NIC-23-0791,Eastern Cape,Nelson Mandela Bay MM,Brickfield Pre-treatment Works,7/11/2023,,,
ENV-NIC-23-0833,Gauteng,Ekurhuleni MM,ERWAT Vlakplaat Wastewater Treatment Works,7/25/2023,,,
ENV-NIC-23-0848,Gauteng,Ekurhuleni MM,Hartebeesfontein Waterworks,8/1/2023,,,
ENV-NIC-23-0908,Free State,Mangaung MM,Bloemspruit Wastewater Treatment Works,8/15/2023,,,
ENV-NIC-23-0929,KwaZulu-Natal,Ethekwini MM,Northern Wastewater Treatment Works (KZN),8/21/2023,,,
ENV-NIC-23-0930,KwaZulu-Natal,Ethekwini MM,Central Wastewater Treatment Works (KZN),8/21/2023,Negative,Positive,
ENV-NIC-23-0931,Gauteng,Ekurhuleni MM,ERWAT Vlakplaat Wastewater Treatment Works,8/22/2023,Negative,Negative,
ENV-NIC-23-0933,Gauteng,Johannesburg MM,Goudkoppies Wastewater Treatment Works,8/23/2023,Negative,Negative,
ENV-NIC-23-0934,Gauteng,Tshwane MM,Rooiwal Wastewater Treatment Works,8/23/2023,Negative,Negative,
ENV-NIC-23-0935,,,,,Negative,Negative,
ENV-NIC-23-0950,,,,,Positive,Negative,
ENV-NIC-23-0965,Gauteng,Ekurhuleni MM,Hartebeesfontein Waterworks,9/5/2023,Negative,Negative,
ENV-NIC-23-0966,Gauteng,Johannesburg MM,Northern Wastewater Treatment Works (GP),9/5/2023,Negative,Negative,
ENV-NIC-23-19,,,,,,,
ENV-NIC-23-908,Free State,Mangaung MM,Bloemspruit Wastewater Treatment Works,8/15/2023,Negative,Positive,
ENV-NIC-23-909,Free State,Mangaung MM,Sterkwater Wastewater Treatment Works,8/15/2023,Negative,Negative,
ENV-NIC-23-1019,Western Cape,Cape Town MM,Borcherds Quarry Wastewater Treatment Works,9/11/2023,,,
ENV-NIC-23-1020,Western Cape,Cape Town MM,Zandvleit Wastewater Treatment Works,9/11/2023,,,
ENV-NIC-23-1037,Eastern Cape,Buffalo City MM,East Bank Wastewater Treatment Works,9/12/2023,Negative,Negative,
ENV-NIC-23-1046,Eastern Cape,Buffalo City MM,Mdantsane Wastewater Treatment Works,9/7/2023,,,
ENV-NIC-23-1047,Free State,Mangaung MM,Bloemspruit Wastewater Treatment Works,9/19/2023,Negative,Negative,
ENV-NIC-23-1048,Free State,Mangaung MM,Sterkwater Wastewater Treatment Works,9/19/2023,Negative,Negative,
ENV-NIC-23-1083,,,,,Negative,Negative,
ENV-NIC-23-1178,Free State,Mangaung MM,Sterkwater Wastewater Treatment Works,10/17/2023,,,
ENV-NIC-23-1179,Free State,Mangaung MM,Bloemspruit Wastewater Treatment Works,10/17/2023,,,
ENV-NIC-23-1203,Gauteng,Ekurhuleni MM,ERWAT Vlakplaat Wastewater Treatment Works,10/24/2023,,,
ENV-NIC-23-1241,Gauteng,Ekurhuleni MM,Hartebeesfontein Waterworks,10/31/2023,Negative,Negative,
ENV-NIC-23-1342,KwaZulu-Natal,Ethekwini MM,Central Wastewater Treatment Works (KZN),11/20/2023,,,
ENV-NIC-23-1343,KwaZulu-Natal,Ethekwini MM,Northern Wastewater Treatment Works (KZN),11/20/2023,,,
ENV-NIC-23-1355,Free State,Mangaung MM,Bloemspruit Wastewater Treatment Works,11/21/2023,,,
ENV-NIC-23-1356,Free State,Mangaung MM,Sterkwater Wastewater Treatment Works,11/21/2023,,,
ENV-NIC-23-1415,Gauteng,Ekurhuleni MM,Hartebeesfontein Waterworks,12/5/2023,Negative,Negative,
ENV-NIC-23-1435,Eastern Cape,Nelson Mandela Bay MM,Kwanobuhle Wastewater Treatment Works,12/11/2023,Positive,Positive,
ENV-NIC-23-1436,Eastern Cape,Nelson Mandela Bay MM,Brickfield Pre-treatment Works,12/12/2023,Positive,Negative,
ENV-NIC-23-1437,Eastern Cape,Buffalo City MM,Mdantsane Wastewater Treatment Works,12/12/2023,Negative,Negative,
ENV-NIC-23-1438,Eastern Cape,Buffalo City MM,East Bank Wastewater Treatment Works,12/12/2023,Negative,Negative,
ENV-NIC-23-1440,Western Cape,Cape Town MM,Zandvleit Wastewater Treatment Works,12/11/2023,Negative,Negative,
ENV-NIC-23-1441,Western Cape,Cape Town MM,Borcherds Quarry Wastewater Treatment Works,12/12/2023,Positive,Negative,
ENV-NIC-24-0029,,,,,,,
ENV-NIC-24-0030,,,,,,,
ENV-NIC-24-0031,,,,,,,
ENV-NIC-24-0032,,,,,,,
ENV-NIC-24-0033,,,,,,,
ENV-NIC-24-0034,,,,,,,
ENV-NIC-24-0035,,,,,,,
ENV-NIC-24-0036,,,,,,,
ENV-NIC-24-0037,,,,,,,
ENV-NIC-24-0038,,,,,,,
ENV-NIC-24-0039,,,,,,,
ENV-NIC-24-0040,,,,,,,
ENV-NIC-24-0041,,,,,,,
ENV-NIC-24-0052,Eastern Cape,Nelson Mandela Bay MM,Brickfield Pre-treatment Works,1/17/2024,,,
ENV-NIC-24-0059,Eastern Cape,Buffalo City MM,East Bank Wastewater Treatment Works,1/16/2024,,,
ENV-NIC-24-0060,Eastern Cape,Buffalo City MM,Mdantsane Wastewater Treatment Works,1/16/2024,,,
ENV-NIC-24-0134,Gauteng,Tshwane MM,Rooiwal Wastewater Treatment Works,1/31/2024,,,
ENV-NIC-24-0140,Mpumalanga,Ehlanzeni DM,Komatipoort Sewage plant,2/6/2024,,,
ENV-NIC-24-0218,Eastern Cape,Buffalo City MM,Mdantsane Wastewater Treatment Works,2/15/2024,Negative,Negative,
ENV-NIC-24-0411,Gauteng,Johannesburg MM,Northern Wastewater Treatment Works (GP),4/2/2024,Negative,Positive,
ENV-NIC-24-52,Eastern Cape,Nelson Mandela Bay MM,Brickfield Pre-treatment Works,1/17/2024,Negative,Negative,
ENV-NIC-24-59,Eastern Cape,Buffalo City MM,East Bank Wastewater Treatment Works,1/17/2024,,,
ENV-NIC-24-60,Eastern Cape,Buffalo City MM,Mdantsane Wastewater Treatment Works,1/16/2024,,,
ENV-NIC-24-134,Gauteng,Tshwane MM,Rooiwal Wastewater Treatment Works,1/31/2024,,,
ENV-NIC-24-140,Mpumalanga,Ehlanzeni DM,Komatipoort Sewage plant,2/5/2024,Positive,Negative,
NAT-WGS-25-0022,KwaZulu-Natal,Ethekwini MM,Northern Wastewater Treatment Works (KZN),1/14/2025,,,
NAT-WGS-25-0023,KwaZulu-Natal,Ethekwini MM,Central Wastewater Treatment Works (KZN),1/14/2025,,,
NAT-WGS-25-0024,Eastern Cape,Buffalo City MM,East Bank Wastewater Treatment Works,1/14/2025,,,
NAT-WGS-25-0025,Gauteng,Tshwane MM,Rooiwal Wastewater Treatment Works,1/15/2025,,,
NAT-WGS-25-0026,Western Cape,Cape Town MM,Zandvleit Wastewater Treatment Works,1/14/2025,,,
NAT-WGS-25-0027,Limpopo,Vhembe DM,Musina WWTW (in town),1/14/2025,,,
NAT-WGS-25-0028,Limpopo,Vhembe DM,Nancefield,1/14/2025,,,
NAT-WGS-25-0029,Eastern Cape,Buffalo City MM,Mdantsane Wastewater Treatment Works,1/14/2025,,,
NAT-WGS-25-0030,Gauteng,Johannesburg MM,Goudkoppies Wastewater Treatment Works,1/15/2025,,,
NAT-WGS-25-0031,Gauteng,Ekurhuleni MM,Olifantsfontein,1/16/2025,,,
NAT-WGS-25-0032,Gauteng,Tshwane MM,Daspoort Wastewater Treatment Works,1/17/2025,,,
NAT-WGS-25-0033,North West,Bojanala Platinum DM,Rustenburg Wastewater Treatment Works,1/15/2025,,,
NAT-WGS-25-0034,North West,Bojanala Platinum DM,Boitekong,1/15/2025,,,
NAT-WGS-25-0035,KwaZulu-Natal,Umkhanyakude DM,Manguzi Wastewater Treatment Plant,1/15/2025,,,
NAT-WGS-25-0036,Gauteng,Ekurhuleni MM,Olifantsfontein,1/20/2025,,,
NAT-WGS-25-0037,Free State,Mangaung MM,Sterkwater Wastewater Treatment Works,1/14/2025,,,
NAT-WGS-25-0038,Free State,Mangaung MM,Sterkwater Wastewater Treatment Works,1/14/2025,,,
NAT-WGS-25-0039,Mpumalanga,Ehlanzeni DM,Komatipoort Sewage plant,1/13/2025,,,
NAT-WGS-25-0040,Western Cape,Cape Town MM,Borcherds Quarry Wastewater Treatment Works,1/14/2025,,,
NAT-WGS-25-0041,Gauteng,Tshwane MM,Daspoort Wastewater Treatment Works,1/21/2025,,,
NAT-WGS-25-0042,Gauteng,Johannesburg MM,Northern Wastewater Treatment Works (GP),1/21/2025,,,
NAT-WGS-25-0043,Gauteng,Johannesburg MM,Goudkoppies Wastewater Treatment Works,1/22/2025,,,
NAT-WGS-25-0044,Gauteng,Ekurhuleni MM,ERWAT Vlakplaat Wastewater Treatment Works,1/21/2025,,,
NAT-WGS-25-0045,Gauteng,Ekurhuleni MM,Hartebeesfontein Waterworks,1/21/2025,,,
NAT-WGS-25-0046,KwaZulu-Natal,Umkhanyakude DM,Jozini Wastewater Treatment Plant,1/14/2025,,,
NAT-WGS-25-0047,KwaZulu-Natal,Ethekwini MM,Central Wastewater Treatment Works (KZN),1/21/2025,,,
NAT-WGS-25-0048,KwaZulu-Natal,Ethekwini MM,Northern Wastewater Treatment Works (KZN),1/21/2025,,,
NAT-WGS-25-0049,Free State,Mangaung MM,Sterkwater Wastewater Treatment Works,1/21/2025,,,
NAT-WGS-25-0050,Free State,Mangaung MM,Bloemspruit Wastewater Treatment Works,1/21/2025,,,
NAT-WGS-25-0051,Eastern Cape,Buffalo City MM,Mdantsane Wastewater Treatment Works,1/21/2025,,,
NAT-WGS-25-0052,Eastern Cape,Buffalo City MM,East Bank Wastewater Treatment Works,1/21/2025,,,
NAT-WGS-25-0053,Mpumalanga,Ehlanzeni DM,Komatipoort Sewage plant,1/20/2025,,,
NAT-WGS-25-0054,Mpumalanga,Ehlanzeni DM,Kingstonvale,1/20/2025,,,
NAT-WGS-25-0055,Western Cape,Cape Town MM,Borcherds Quarry Wastewater Treatment Works,1/21/2025,,,
NAT-WGS-25-0056,Western Cape,Cape Town MM,Zandvleit Wastewater Treatment Works,1/21/2025,,,
NAT-WGS-25-0057,Gauteng,Ekurhuleni MM,Olifantsfontein,1/23/2025,,,
NAT-WGS-25-0058,North West,Bojanala Platinum DM,Boitekong,1/22/2025,,,
NAT-WGS-25-0059,North West,Bojanala Platinum DM,Rustenburg Wastewater Treatment Works,1/22/2025,,,
NAT-WGS-25-0060,Gauteng,Tshwane MM,Daspoort Wastewater Treatment Works,1/24/2025,,,
NAT-WGS-25-0061,KwaZulu-Natal,Umkhanyakude DM,Manguzi Wastewater Treatment Plant,1/22/2025,,,
NAT-WGS-25-0062,KwaZulu-Natal,Umkhanyakude DM,Jozini Wastewater Treatment Plant,1/21/2025,,,
NAT-WGS-25-0063,Gauteng,Ekurhuleni MM,Olifantsfontein,1/27/2025,,,
NAT-WGS-25-0064,Gauteng,Tshwane MM,Daspoort Wastewater Treatment Works,1/28/2025,,,
NAT-WGS-25-0065,Gauteng,Johannesburg MM,Northern Wastewater Treatment Works (GP),1/28/2025,,,
NAT-WGS-25-0066,Gauteng,Johannesburg MM,Goudkoppies Wastewater Treatment Works,1/29/2025,,,
NAT-WGS-25-0067,Gauteng,Ekurhuleni MM,ERWAT Vlakplaat Wastewater Treatment Works,1/28/2025,,,
NAT-WGS-25-0068,Gauteng,Ekurhuleni MM,Hartebeesfontein Waterworks,1/28/2025,,,
NAT-WGS-25-0069,Western Cape,Cape Town MM,Borcherds Quarry Wastewater Treatment Works,1/28/2025,,,
NAT-WGS-25-0070,Western Cape,Cape Town MM,Zandvleit Wastewater Treatment Works,1/28/2025,,,
NAT-WGS-25-0071,Mpumalanga,Ehlanzeni DM,Kingstonvale,1/27/2025,,,
NAT-WGS-25-0072,Mpumalanga,Ehlanzeni DM,Komatipoort Sewage plant,1/27/2025,,,
NAT-WGS-25-0073,KwaZulu-Natal,Ethekwini MM,Central Wastewater Treatment Works (KZN),1/28/2025,,,
NAT-WGS-25-0074,KwaZulu-Natal,Ethekwini MM,Northern Wastewater Treatment Works (KZN),1/28/2025,,,
NAT-WGS-25-0075,Eastern Cape,Buffalo City MM,Mdantsane Wastewater Treatment Works,1/28/2025,,,
NAT-WGS-25-0076,Eastern Cape,Buffalo City MM,East Bank Wastewater Treatment Works,1/28/2025,,,
NAT-WGS-25-0077,Gauteng,Ekurhuleni MM,Olifantsfontein,1/30/2025,,,
NAT-WGS-25-0078,North West,Bojanala Platinum DM,Rustenburg Wastewater Treatment Works,1/29/2025,,,
NAT-WGS-25-0079,North West,Bojanala Platinum DM,Boitekong,1/29/2025,,,
NAT-WGS-25-0080,Free State,Mangaung MM,Sterkwater Wastewater Treatment Works,1/28/2025,,,
NAT-WGS-25-0081,Free State,Mangaung MM,Bloemspruit Wastewater Treatment Works,1/28/2025,,,
NAT-WGS-25-0082,Gauteng,Tshwane MM,Rooiwal Wastewater Treatment Works,1/22/2025,,,
NAT-WGS-25-0083,Limpopo,Vhembe DM,Nancefield,1/29/2025,,,
NAT-WGS-25-0084,Limpopo,Vhembe DM,Musina WWTW (in town),1/29/2025,,,
NAT-WGS-25-0085,Gauteng,Tshwane MM,Daspoort Wastewater Treatment Works,1/31/2025,,,
NAT-WGS-25-0086,Northern Cape,Frances Baard DM,Homevale Kimberley,1/30/2025,,,
NAT-WGS-25-0087,KwaZulu-Natal,Umkhanyakude DM,Jozini Wastewater Treatment Plant,1/28/2025,,,
NAT-WGS-25-0088,KwaZulu-Natal,Umkhanyakude DM,Manguzi Wastewater Treatment Plant,1/29/2025,,,
NAT-WGS-25-0089,Gauteng,Ekurhuleni MM,Olifantsfontein,2/3/2025,,,
NAT-WGS-25-0090,Gauteng,Tshwane MM,Daspoort Wastewater Treatment Works,2/4/2025,,,
NAT-WGS-25-0091,Gauteng,Johannesburg MM,Northern Wastewater Treatment Works (GP),2/4/2025,,,
NAT-WGS-25-0092,Gauteng,Tshwane MM,Rooiwal Wastewater Treatment Works,1/29/2025,,,
NAT-WGS-25-0093,Gauteng,Ekurhuleni MM,Hartebeesfontein Waterworks,2/4/2025,,,
NAT-WGS-25-0094,Gauteng,Johannesburg MM,Goudkoppies Wastewater Treatment Works,2/5/2025,,,
NAT-WGS-25-0095,Gauteng,Ekurhuleni MM,ERWAT Vlakplaat Wastewater Treatment Works,2/4/2025,,,
NAT-WGS-25-0096,Western Cape,Cape Town MM,Zandvleit Wastewater Treatment Works,2/4/2025,,,
NAT-WGS-25-0097,Western Cape,Cape Town MM,Borcherds Quarry Wastewater Treatment Works,2/4/2025,,,
NAT-WGS-25-0098,Mpumalanga,Ehlanzeni DM,Komatipoort Sewage plant,2/3/2025,,,
NAT-WGS-25-0099,Mpumalanga,Ehlanzeni DM,Kingstonvale,2/3/2025,,,
NAT-WGS-25-0100,Free State,Mangaung MM,Sterkwater Wastewater Treatment Works,2/4/2025,,,
NAT-WGS-25-0101,Free State,Mangaung MM,Bloemspruit Wastewater Treatment Works,2/4/2025,,,
NAT-WGS-25-0102,Limpopo,Vhembe DM,Musina WWTW (in town),2/4/2025,,,
NAT-WGS-25-0103,Limpopo,Vhembe DM,Nancefield,2/4/2025,,,
NAT-WGS-25-0104,Eastern Cape,Buffalo City MM,Mdantsane Wastewater Treatment Works,2/4/2025,,,
NAT-WGS-25-0105,Eastern Cape,Buffalo City MM,East Bank Wastewater Treatment Works,2/4/2025,,,
NAT-WGS-25-0106,KwaZulu-Natal,Ethekwini MM,Central Wastewater Treatment Works (KZN),2/4/2025,,,
NAT-WGS-25-0107,KwaZulu-Natal,Ethekwini MM,Northern Wastewater Treatment Works (KZN),2/4/2025,,,
NAT-WGS-25-0108,Gauteng,Ekurhuleni MM,Olifantsfontein,2/6/2025,,,
NAT-WGS-25-0109,North West,Bojanala Platinum DM,Boitekong,2/5/2025,,,
NAT-WGS-25-0110,North West,Bojanala Platinum DM,Rustenburg Wastewater Treatment Works,2/5/2025,,,
NAT-WGS-25-0111,Northern Cape,Frances Baard DM,Homevale Kimberley,2/5/2025,,,
NAT-WGS-25-0112,Gauteng,Tshwane MM,Daspoort Wastewater Treatment Works,2/7/2025,,,
NAT-WGS-25-0113,KwaZulu-Natal,Umkhanyakude DM,Jozini Wastewater Treatment Plant,2/4/2025,,,
NAT-WGS-25-0114,KwaZulu-Natal,Umkhanyakude DM,Manguzi Wastewater Treatment Plant,2/5/2025,,,
NAT-WGS-25-0115,Gauteng,Ekurhuleni MM,Olifantsfontein,2/10/2025,,,
NAT-WGS-25-0116,Gauteng,Tshwane MM,Daspoort Wastewater Treatment Works,2/11/2025,,,
NAT-WGS-25-0117,Gauteng,Johannesburg MM,Northern Wastewater Treatment Works (GP),2/11/2025,,,
NAT-WGS-25-0118,Gauteng,Johannesburg MM,Goudkoppies Wastewater Treatment Works,2/12/2025,,,
NAT-WGS-25-0119,Gauteng,Tshwane MM,Rooiwal Wastewater Treatment Works,2/5/2025,,,
NAT-WGS-25-0120,Gauteng,Ekurhuleni MM,ERWAT Vlakplaat Wastewater Treatment Works,2/11/2025,,,
NAT-WGS-25-0121,Gauteng,Ekurhuleni MM,Hartebeesfontein Waterworks,2/11/2025,,,
NAT-WGS-25-0122,Eastern Cape,Buffalo City MM,East Bank Wastewater Treatment Works,2/11/2025,,,
NAT-WGS-25-0123,Eastern Cape,Buffalo City MM,Mdantsane Wastewater Treatment Works,2/11/2025,,,
NAT-WGS-25-0124,Free State,Mangaung MM,Sterkwater Wastewater Treatment Works,2/11/2025,,,
NAT-WGS-25-0125,Western Cape,Cape Town MM,Zandvleit Wastewater Treatment Works,2/11/2025,,,
NAT-WGS-25-0126,Western Cape,Cape Town MM,Borcherds Quarry Wastewater Treatment Works,2/11/2025,,,
NAT-WGS-25-0127,KwaZulu-Natal,Ethekwini MM,Northern Wastewater Treatment Works (KZN),2/11/2025,,,
NAT-WGS-25-0128,KwaZulu-Natal,Ethekwini MM,Central Wastewater Treatment Works (KZN),2/11/2025,,,
NAT-WGS-25-0129,Mpumalanga,Ehlanzeni DM,Komatipoort Sewage plant,2/10/2025,,,
NAT-WGS-25-0130,Limpopo,Vhembe DM,Nancefield,2/11/2025,,,
NAT-WGS-25-0131,Limpopo,Vhembe DM,Musina WWTW (in town),2/11/2025,,,
NAT-WGS-25-0132,Free State,Mangaung MM,Bloemspruit Wastewater Treatment Works,2/11/2025,,,
NAT-WGS-25-0133,Gauteng,Ekurhuleni MM,Olifantsfontein,2/13/2025,,,
NAT-WGS-25-0134,North West,Bojanala Platinum DM,Boitekong,2/12/2025,,,
NAT-WGS-25-0135,North West,Bojanala Platinum DM,Rustenburg Wastewater Treatment Works,2/12/2025,,,
NAT-WGS-25-0136,Gauteng,Tshwane MM,Rooiwal Wastewater Treatment Works,2/12/2025,,,
NAT-WGS-25-0137,Eastern Cape,Nelson Mandela Bay MM,Kwanobuhle Wastewater Treatment Works,2/11/2025,,,
NAT-WGS-25-0138,Eastern Cape,Nelson Mandela Bay MM,Brickfield Pre-treatment Works,2/11/2025,,,
NAT-WGS-25-0139,Gauteng,Tshwane MM,Daspoort Wastewater Treatment Works,2/14/2025,,,
NAT-WGS-25-0140,KwaZulu-Natal,Umkhanyakude DM,Manguzi Wastewater Treatment Plant,2/12/2025,,,
NAT-WGS-25-0141,KwaZulu-Natal,Umkhanyakude DM,Jozini Wastewater Treatment Plant,2/11/2025,,,
NAT-WGS-25-0142,Gauteng,Ekurhuleni MM,Olifantsfontein,2/17/2025,,,
NAT-WGS-25-0143,Gauteng,Tshwane MM,Daspoort Wastewater Treatment Works,2/18/2025,,,
NAT-WGS-25-0144,Gauteng,Johannesburg MM,Northern Wastewater Treatment Works (GP),2/18/2025,,,
NAT-WGS-25-0145,Gauteng,Johannesburg MM,Goudkoppies Wastewater Treatment Works,2/19/2025,,,
NAT-WGS-25-0146,Gauteng,Ekurhuleni MM,Hartebeesfontein Waterworks,2/18/2025,,,
NAT-WGS-25-0147,Free State,Mangaung MM,Bloemspruit Wastewater Treatment Works,2/18/2025,,,
NAT-WGS-25-0148,Free State,Mangaung MM,Sterkwater Wastewater Treatment Works,2/18/2025,,,
NAT-WGS-25-0149,Limpopo,Vhembe DM,Nancefield,2/18/2025,,,
NAT-WGS-25-0150,Limpopo,Vhembe DM,Musina WWTW (in town),2/18/2025,,,
NAT-WGS-25-0151,Mpumalanga,Ehlanzeni DM,Komatipoort Sewage plant,2/17/2025,,,
NAT-WGS-25-0152,Mpumalanga,Ehlanzeni DM,Kingstonvale,2/17/2025,,,
NAT-WGS-25-0153,KwaZulu-Natal,Ethekwini MM,Northern Wastewater Treatment Works (KZN),2/18/2025,,,
NAT-WGS-25-0154,KwaZulu-Natal,Ethekwini MM,Central Wastewater Treatment Works (KZN),2/18/2025,,,
NAT-WGS-25-0155,Western Cape,Cape Town MM,Borcherds Quarry Wastewater Treatment Works,2/18/2025,,,
NAT-WGS-25-0156,Western Cape,Cape Town MM,Zandvleit Wastewater Treatment Works,2/18/2025,,,
NAT-WGS-25-0157,Eastern Cape,Buffalo City MM,Mdantsane Wastewater Treatment Works,2/18/2025,,,
NAT-WGS-25-0158,Eastern Cape,Buffalo City MM,East Bank Wastewater Treatment Works,2/18/2025,,,
NAT-WGS-25-0159,Gauteng,Ekurhuleni MM,Olifantsfontein,2/20/2025,,,
NAT-WGS-25-0160,North West,Bojanala Platinum DM,Boitekong,2/19/2025,,,
NAT-WGS-25-0161,North West,Bojanala Platinum DM,Rustenburg Wastewater Treatment Works,2/19/2025,,,
NAT-WGS-25-0162,Gauteng,Tshwane MM,Daspoort Wastewater Treatment Works,2/21/2025,,,
NAT-WGS-25-0163,KwaZulu-Natal,Umkhanyakude DM,Jozini Wastewater Treatment Plant,2/18/2025,,,
NAT-WGS-25-0164,Gauteng,Ekurhuleni MM,ERWAT Vlakplaat Wastewater Treatment Works,2/18/2025,,,
NAT-WGS-25-0165,Gauteng,Ekurhuleni MM,Olifantsfontein,2/24/2025,,,
NAT-WGS-25-0166,Gauteng,Tshwane MM,Daspoort Wastewater Treatment Works,2/25/2025,,,
NAT-WGS-25-0167,KwaZulu-Natal,Ethekwini MM,Northern Wastewater Treatment Works (KZN),2/25/2025,,,
NAT-WGS-25-0168,KwaZulu-Natal,Ethekwini MM,Central Wastewater Treatment Works (KZN),2/25/2025,,,
NAT-WGS-25-0169,Mpumalanga,Ehlanzeni DM,Komatipoort Sewage plant,2/24/2025,,,
NAT-WGS-25-0170,Mpumalanga,Ehlanzeni DM,Kingstonvale,2/24/2025,,,
NAT-WGS-25-0171,Limpopo,Vhembe DM,Musina WWTW (in town),2/25/2025,,,
NAT-WGS-25-0172,Limpopo,Vhembe DM,Nancefield,2/25/2025,,,
NAT-WGS-25-0173,Western Cape,Cape Town MM,Borcherds Quarry Wastewater Treatment Works,2/25/2025,,,
NAT-WGS-25-0174,Western Cape,Cape Town MM,Zandvleit Wastewater Treatment Works,2/25/2025,,,
NAT-WGS-25-0175,Eastern Cape,Buffalo City MM,East Bank Wastewater Treatment Works,2/25/2025,,,
NAT-WGS-25-0176,Eastern Cape,Buffalo City MM,Mdantsane Wastewater Treatment Works,2/25/2025,,,
NAT-WGS-25-0177,Free State,Mangaung MM,Bloemspruit Wastewater Treatment Works,2/25/2025,,,
NAT-WGS-25-0178,Gauteng,Johannesburg MM,Goudkoppies Wastewater Treatment Works,2/26/2025,,,
NAT-WGS-25-0179,Gauteng,Tshwane MM,Rooiwal Wastewater Treatment Works,2/26/2025,,,
NAT-WGS-25-0180,Gauteng,Ekurhuleni MM,Hartebeesfontein Waterworks,2/25/2025,,,
NAT-WGS-25-0181,Gauteng,Ekurhuleni MM,ERWAT Vlakplaat Wastewater Treatment Works,2/25/2025,,,
NAT-WGS-25-0182,North West,Bojanala Platinum DM,Boitekong,2/26/2025,,,
NAT-WGS-25-0183,North West,Bojanala Platinum DM,Rustenburg Wastewater Treatment Works,2/26/2025,,,
NAT-WGS-25-0184,Gauteng,Ekurhuleni MM,Olifantsfontein,2/27/2025,,,
NAT-WGS-25-0185,Free State,Mangaung MM,Sterkwater Wastewater Treatment Works,2/25/2025,,,
NAT-WGS-25-0186,Gauteng,Tshwane MM,Daspoort Wastewater Treatment Works,2/28/2025,,,
NAT-WGS-25-0187,Gauteng,Johannesburg MM,Northern Wastewater Treatment Works (GP),2/28/2025,,,
NAT-WGS-25-0188,Gauteng,Ekurhuleni MM,Olifantsfontein,3/3/2025,,,
NAT-WGS-25-0189,KwaZulu-Natal,Umkhanyakude DM,Manguzi Wastewater Treatment Plant,2/26/2025,,,
NAT-WGS-25-0190,KwaZulu-Natal,Umkhanyakude DM,Jozini Wastewater Treatment Plant,2/25/2025,,,
NAT-WGS-25-0191,Gauteng,Tshwane MM,Daspoort Wastewater Treatment Works,3/4/2025,,,
NAT-WGS-25-0192,Gauteng,Johannesburg MM,Northern Wastewater Treatment Works (GP),3/4/2025,,,
NAT-WGS-25-0193,Gauteng,Ekurhuleni MM,Hartebeesfontein Waterworks,3/4/2025,,,
NAT-WGS-25-0194,Mpumalanga,Ehlanzeni DM,Komatipoort Sewage plant,3/1/2025,,,
NAT-WGS-25-0195,Gauteng,Johannesburg MM,Goudkoppies Wastewater Treatment Works,3/5/2025,,,
NAT-WGS-25-0196,Mpumalanga,Ehlanzeni DM,Kingstonvale,3/3/2025,,,
NAT-WGS-25-0197,KwaZulu-Natal,Ethekwini MM,Central Wastewater Treatment Works (KZN),3/4/2025,,,
NAT-WGS-25-0198,KwaZulu-Natal,Ethekwini MM,Northern Wastewater Treatment Works (KZN),3/4/2025,,,
NAT-WGS-25-0199,Western Cape,Cape Town MM,Zandvleit Wastewater Treatment Works,3/4/2025,,,
NAT-WGS-25-0200,Western Cape,Cape Town MM,Borcherds Quarry Wastewater Treatment Works,3/4/2025,,,
NAT-WGS-25-0201,Limpopo,Vhembe DM,Nancefield,3/4/2025,,,
NAT-WGS-25-0202,Limpopo,Vhembe DM,Musina WWTW (in town),3/4/2025,,,
NAT-WGS-25-0203,Free State,Mangaung MM,Sterkwater Wastewater Treatment Works,3/4/2025,,,
NAT-WGS-25-0204,Free State,Mangaung MM,Bloemspruit Wastewater Treatment Works,3/4/2025,,,
NAT-WGS-25-0205,Gauteng,Ekurhuleni MM,ERWAT Vlakplaat Wastewater Treatment Works,3/4/2025,,,
NAT-WGS-25-0206,Eastern Cape,Buffalo City MM,Mdantsane Wastewater Treatment Works,3/4/2025,,,
NAT-WGS-25-0207,Eastern Cape,Buffalo City MM,East Bank Wastewater Treatment Works,3/4/2025,,,
NAT-WGS-25-0208,Gauteng,Ekurhuleni MM,Olifantsfontein,3/6/2025,,,
NAT-WGS-25-0209,North West,Bojanala Platinum DM,Rustenburg Wastewater Treatment Works,3/5/2025,,,
NAT-WGS-25-0210,North West,Bojanala Platinum DM,Boitekong,3/5/2025,,,
NAT-WGS-25-0211,Gauteng,Tshwane MM,Rooiwal Wastewater Treatment Works,3/5/2025,,,
NAT-WGS-25-0212,Gauteng,Tshwane MM,Daspoort Wastewater Treatment Works,3/7/2025,,,
NAT-WGS-25-0213,KwaZulu-Natal,Umkhanyakude DM,Manguzi Wastewater Treatment Plant,3/5/2025,,,
NAT-WGS-25-0214,KwaZulu-Natal,Umkhanyakude DM,Jozini Wastewater Treatment Plant,3/4/2025,,,
NAT-WGS-25-0215,Gauteng,Ekurhuleni MM,Olifantsfontein,3/10/2025,,,
NAT-WGS-25-0216,Gauteng,Tshwane MM,Daspoort Wastewater Treatment Works,3/11/2025,,,
NAT-WGS-25-0217,Gauteng,Johannesburg MM,Northern Wastewater Treatment Works (GP),3/11/2025,,,
NAT-WGS-25-0218,Gauteng,Ekurhuleni MM,ERWAT Vlakplaat Wastewater Treatment Works,3/11/2025,,,
NAT-WGS-25-0219,Gauteng,Ekurhuleni MM,Hartebeesfontein Waterworks,3/11/2025,,,
NAT-WGS-25-0220,Gauteng,Johannesburg MM,Goudkoppies Wastewater Treatment Works,3/12/2025,,,
NAT-WGS-25-0221,Free State,Mangaung MM,Bloemspruit Wastewater Treatment Works,3/11/2025,,,
NAT-WGS-25-0222,Free State,Mangaung MM,Sterkwater Wastewater Treatment Works,3/11/2025,,,
NAT-WGS-25-0223,Western Cape,Cape Town MM,Zandvleit Wastewater Treatment Works,3/11/2025,,,
NAT-WGS-25-0224,Western Cape,Cape Town MM,Borcherds Quarry Wastewater Treatment Works,3/11/2025,,,
NAT-WGS-25-0225,Eastern Cape,Buffalo City MM,East Bank Wastewater Treatment Works,3/11/2025,,,
NAT-WGS-25-0226,Eastern Cape,Buffalo City MM,Mdantsane Wastewater Treatment Works,3/11/2025,,,
NAT-WGS-25-0227,KwaZulu-Natal,Ethekwini MM,Central Wastewater Treatment Works (KZN),3/11/2025,,,
NAT-WGS-25-0228,KwaZulu-Natal,Ethekwini MM,Northern Wastewater Treatment Works (KZN),3/11/2025,,,
NAT-WGS-25-0229,Mpumalanga,Ehlanzeni DM,Kingstonvale,3/10/2025,,,
NAT-WGS-25-0230,Mpumalanga,Ehlanzeni DM,Komatipoort Sewage plant,3/8/2025,,,
NAT-WGS-25-0231,Gauteng,Ekurhuleni MM,Olifantsfontein,3/13/2025,,,
NAT-WGS-25-0232,North West,Bojanala Platinum DM,Rustenburg Wastewater Treatment Works,3/12/2025,,,
NAT-WGS-25-0233,North West,Bojanala Platinum DM,Boitekong,3/12/2025,,,
NAT-WGS-25-0234,Limpopo,Vhembe DM,Nancefield,3/11/2025,,,
NAT-WGS-25-0235,Limpopo,Vhembe DM,Musina WWTW (in town),3/11/2025,,,
NAT-WGS-25-0236,Eastern Cape,Nelson Mandela Bay MM,Brickfield Pre-treatment Works,3/11/2025,,,
NAT-WGS-25-0237,Eastern Cape,Nelson Mandela Bay MM,Kwanobuhle Wastewater Treatment Works,3/10/2025,,,
NAT-WGS-25-0238,Gauteng,Tshwane MM,Daspoort Wastewater Treatment Works,3/14/2025,,,
NAT-WGS-25-0239,Gauteng,Tshwane MM,Rooiwal Wastewater Treatment Works,3/12/2025,,,
NAT-WGS-25-0240,KwaZulu-Natal,Umkhanyakude DM,Manguzi Wastewater Treatment Plant,3/12/2025,,,
NAT-WGS-25-0241,KwaZulu-Natal,Umkhanyakude DM,Jozini Wastewater Treatment Plant,3/11/2025,,,
NAT-WGS-25-0242,Gauteng,Ekurhuleni MM,Olifantsfontein,3/17/2025,,,
NAT-WGS-25-0243,Gauteng,Tshwane MM,Daspoort Wastewater Treatment Works,3/18/2025,,,
NAT-WGS-25-0244,Gauteng,Johannesburg MM,Northern Wastewater Treatment Works (GP),4/18/2025,,,
NAT-WGS-25-0245,Gauteng,Ekurhuleni MM,ERWAT Vlakplaat Wastewater Treatment Works,3/18/2025,,,
NAT-WGS-25-0246,Mpumalanga,Ehlanzeni DM,Komatipoort Sewage plant,3/16/2025,,,
NAT-WGS-25-0247,Gauteng,Johannesburg MM,Goudkoppies Wastewater Treatment Works,3/19/2025,,,
NAT-WGS-25-0248,Gauteng,Tshwane MM,Rooiwal Wastewater Treatment Works,3/18/2025,,,
NAT-WGS-25-0249,Gauteng,Ekurhuleni MM,Olifantsfontein,3/20/2025,,,
NAT-WGS-25-0250,Mpumalanga,Ehlanzeni DM,Kingstonvale,3/17/2025,,,
NAT-WGS-25-0251,Free State,Mangaung MM,Bloemspruit Wastewater Treatment Works,3/18/2025,,,
NAT-WGS-25-0252,Free State,Mangaung MM,Sterkwater Wastewater Treatment Works,3/18/2025,,,
NAT-WGS-25-0253,KwaZulu-Natal,Ethekwini MM,Northern Wastewater Treatment Works (KZN),3/18/2025,,,
NAT-WGS-25-0254,KwaZulu-Natal,Ethekwini MM,Central Wastewater Treatment Works (KZN),3/18/2025,,,
NAT-WGS-25-0255,Eastern Cape,Buffalo City MM,East Bank Wastewater Treatment Works,3/18/2025,,,
NAT-WGS-25-0256,Eastern Cape,Buffalo City MM,Mdantsane Wastewater Treatment Works,3/18/2025,,,
NAT-WGS-25-0257,Western Cape,Cape Town MM,Borcherds Quarry Wastewater Treatment Works,3/18/2025,,,
NAT-WGS-25-0258,Western Cape,Cape Town MM,Zandvleit Wastewater Treatment Works,3/18/2025,,,
NAT-WGS-25-0259,Limpopo,Vhembe DM,Nancefield,3/18/2025,,,
NAT-WGS-25-0260,Limpopo,Vhembe DM,Musina WWTW (in town),3/18/2025,,,
NAT-WGS-25-0261,North West,Bojanala Platinum DM,Boitekong,3/19/2025,,,
NAT-WGS-25-0262,North West,Bojanala Platinum DM,Rustenburg Wastewater Treatment Works,3/19/2025,,,
NAT-WGS-25-0263,Gauteng,Ekurhuleni MM,Olifantsfontein,3/24/2025,,,
NAT-WGS-25-0264,Gauteng,Tshwane MM,Daspoort Wastewater Treatment Works,3/25/2025,,,
NAT-WGS-25-0265,Gauteng,Johannesburg MM,Northern Wastewater Treatment Works (GP),3/25/2025,,,
NAT-WGS-25-0266,Gauteng,Ekurhuleni MM,ERWAT Vlakplaat Wastewater Treatment Works,3/25/2025,,,
NAT-WGS-25-0267,Mpumalanga,Ehlanzeni DM,Komatipoort Sewage plant,3/20/2025,,,
NAT-WGS-25-0268,Gauteng,Ekurhuleni MM,Hartebeesfontein Waterworks,3/25/2025,,,
NAT-WGS-25-0269,Gauteng,Johannesburg MM,Goudkoppies Wastewater Treatment Works,3/25/2025,,,
NAT-WGS-25-0270,Gauteng,Ekurhuleni MM,Olifantsfontein,3/27/2025,,,
NAT-WGS-25-0271,KwaZulu-Natal,Ethekwini MM,Northern Wastewater Treatment Works (KZN),3/25/2025,,,
NAT-WGS-25-0272,KwaZulu-Natal,Ethekwini MM,Central Wastewater Treatment Works (KZN),3/25/2025,,,
NAT-WGS-25-0273,Limpopo,Vhembe DM,Musina WWTW (in town),3/26/2025,,,
NAT-WGS-25-0274,Limpopo,Vhembe DM,Nancefield,3/26/2025,,,
NAT-WGS-25-0275,North West,Bojanala Platinum DM,Boitekong,,,,
NAT-WGS-25-0276,North West,Bojanala Platinum DM,Rustenburg Wastewater Treatment Works,3/26/2025,,,
NAT-WGS-25-0277,Eastern Cape,Buffalo City MM,Mdantsane Wastewater Treatment Works,3/25/2025,,,
NAT-WGS-25-0278,Eastern Cape,Buffalo City MM,East Bank Wastewater Treatment Works,3/25/2025,,,
NAT-WGS-25-0279,Mpumalanga,Ehlanzeni DM,Komatipoort Sewage plant,3/24/2025,,,
NAT-WGS-25-0280,Free State,Mangaung MM,Sterkwater Wastewater Treatment Works,3/25/2025,,,
NAT-WGS-25-0281,Free State,Mangaung MM,Bloemspruit Wastewater Treatment Works,3/25/2025,,,
NAT-WGS-25-0282,Western Cape,Cape Town MM,Zandvleit Wastewater Treatment Works,3/25/2025,,,
NAT-WGS-25-0283,Western Cape,Cape Town MM,Borcherds Quarry Wastewater Treatment Works,3/25/2025,,,
NAT-WGS-25-0284,Gauteng,Tshwane MM,Daspoort Wastewater Treatment Works,3/28/2025,,,
NAT-WGS-25-0285,KwaZulu-Natal,Umkhanyakude DM,Manguzi Wastewater Treatment Plant,3/26/2025,,,
NAT-WGS-25-0286,Gauteng,Ekurhuleni MM,Olifantsfontein,3/31/2025,,,
NAT-WGS-25-0287,Gauteng,Tshwane MM,Daspoort Wastewater Treatment Works,4/1/2025,,,
NAT-WGS-25-0288,Gauteng,Johannesburg MM,Northern Wastewater Treatment Works (GP),4/1/2025,,,
NAT-WGS-25-0289,KwaZulu-Natal,Umkhanyakude DM,Jozini Wastewater Treatment Plant,3/18/2025,,,
NAT-WGS-25-0290,Gauteng,Tshwane MM,Rooiwal Wastewater Treatment Works,3/26/2025,,,
NAT-WGS-25-0291,Gauteng,Johannesburg MM,Goudkoppies Wastewater Treatment Works,4/2/2025,,,
NAT-WGS-25-0292,Mpumalanga,Ehlanzeni DM,Kingstonvale,3/31/2025,,,
NAT-WGS-25-0293,Mpumalanga,Ehlanzeni DM,Komatipoort Sewage plant,3/28/2025,,,
NAT-WGS-25-0294,Western Cape,Cape Town MM,Borcherds Quarry Wastewater Treatment Works,4/1/2025,,,
NAT-WGS-25-0295,Western Cape,Cape Town MM,Zandvleit Wastewater Treatment Works,4/1/2025,,,
NAT-WGS-25-0296,Free State,Mangaung MM,Bloemspruit Wastewater Treatment Works,4/1/2025,,,
NAT-WGS-25-0297,Free State,Mangaung MM,Sterkwater Wastewater Treatment Works,4/1/2025,,,
NAT-WGS-25-0298,KwaZulu-Natal,Ethekwini MM,Central Wastewater Treatment Works (KZN),4/1/2025,,,
NAT-WGS-25-0299,Gauteng,Tshwane MM,Rooiwal Wastewater Treatment Works,4/2/2025,,,
NAT-WGS-25-0300,Gauteng,Ekurhuleni MM,Olifantsfontein,4/3/2025,,,
NAT-WGS-25-0301,Eastern Cape,Buffalo City MM,Mdantsane Wastewater Treatment Works,4/1/2025,,,
NAT-WGS-25-0302,Eastern Cape,Buffalo City MM,East Bank Wastewater Treatment Works,4/1/2025,,,
NAT-WGS-25-0303,Northern Cape,Frances Baard DM,Homevale Kimberley,4/2/2025,,,
NAT-WGS-25-0304,North West,Bojanala Platinum DM,Boitekong,4/2/2025,,,
NAT-WGS-25-0305,North West,Bojanala Platinum DM,Rustenburg Wastewater Treatment Works,4/3/2025,,,
NAT-WGS-25-0306,Gauteng,Tshwane MM,Daspoort Wastewater Treatment Works,4/4/2025,,,
NAT-WGS-25-0307,KwaZulu-Natal,Umkhanyakude DM,Manguzi Wastewater Treatment Plant,4/2/2025,,,
NAT-WGS-25-0308,Gauteng,Ekurhuleni MM,Olifantsfontein,4/7/2025,,,
NAT-WGS-25-0309,Limpopo,Vhembe DM,Musina WWTW (in town),4/1/2025,,,
NAT-WGS-25-0310,Limpopo,Vhembe DM,Nancefield,4/1/2025,,,
NAT-WGS-25-0311,Gauteng,Ekurhuleni MM,Hartebeesfontein Waterworks,4/8/2025,,,
NAT-WGS-25-0312,Gauteng,Ekurhuleni MM,Hartebeesfontein Waterworks,3/18/2025,,,
NAT-WGS-25-0313,Gauteng,Ekurhuleni MM,Hartebeesfontein Waterworks,4/1/2025,,,
NAT-WGS-25-0314,Gauteng,Tshwane MM,Daspoort Wastewater Treatment Works,4/8/2025,,,
NAT-WGS-25-0315,Gauteng,Johannesburg MM,Northern Wastewater Treatment Works (GP),4/8/2025,,,
NAT-WGS-25-0316,Gauteng,Johannesburg MM,Goudkoppies Wastewater Treatment Works,4/9/2025,,,
NAT-WGS-25-0317,Free State,Mangaung MM,Bloemspruit Wastewater Treatment Works,4/8/2025,,,
NAT-WGS-25-0318,Western Cape,Cape Town MM,Borcherds Quarry Wastewater Treatment Works,4/8/2025,,,
NAT-WGS-25-0319,Mpumalanga,Ehlanzeni DM,Komatipoort Sewage plant,4/3/2025,,,
NAT-WGS-25-0320,Eastern Cape,Buffalo City MM,East Bank Wastewater Treatment Works,4/8/2025,,,
NAT-WGS-25-0321,Eastern Cape,Buffalo City MM,Mdantsane Wastewater Treatment Works,4/8/2025,,,
NAT-WGS-25-0322,KwaZulu-Natal,Ethekwini MM,Central Wastewater Treatment Works (KZN),4/8/2025,,,
NAT-WGS-25-0323,KwaZulu-Natal,Ethekwini MM,Northern Wastewater Treatment Works (KZN),4/8/2025,,,
NAT-WGS-25-0324,Western Cape,Cape Town MM,Zandvleit Wastewater Treatment Works,4/8/2025,,,
NAT-WGS-25-0325,Free State,Mangaung MM,Sterkwater Wastewater Treatment Works,4/8/2025,,,
NAT-WGS-25-0326,Mpumalanga,Ehlanzeni DM,Kingstonvale,4/7/2025,,,
NAT-WGS-25-0327,Gauteng,Ekurhuleni MM,Olifantsfontein,4/10/2025,,,
NAT-WGS-25-0328,Gauteng,Tshwane MM,Daspoort Wastewater Treatment Works,4/11/2025,,,
NAT-WGS-25-0329,North West,Bojanala Platinum DM,Boitekong,4/9/2025,,,
NAT-WGS-25-0330,North West,Bojanala Platinum DM,Rustenburg Wastewater Treatment Works,4/9/2025,,,
NAT-WGS-25-0331,Eastern Cape,Nelson Mandela Bay MM,Brickfield Pre-treatment Works,4/8/2025,,,
NAT-WGS-25-0332,Eastern Cape,Nelson Mandela Bay MM,Kwanobuhle Wastewater Treatment Works,4/7/2025,,,
NAT-WGS-25-0333,Gauteng,Ekurhuleni MM,ERWAT Vlakplaat Wastewater Treatment Works,4/8/2025,,,
NAT-WGS-25-0334,Gauteng,Tshwane MM,Rooiwal Wastewater Treatment Works,4/9/2025,,,
NAT-WGS-25-0335,KwaZulu-Natal,Umkhanyakude DM,Jozini Wastewater Treatment Plant,4/8/2025,,,
NAT-WGS-25-0336,KwaZulu-Natal,Umkhanyakude DM,Manguzi Wastewater Treatment Plant,4/9/2025,,,
NAT-WGS-25-0337,Gauteng,Ekurhuleni MM,Olifantsfontein,4/14/2025,,,
NAT-WGS-25-0338,Gauteng,Tshwane MM,Daspoort Wastewater Treatment Works,4/15/2025,,,
NAT-WGS-25-0339,Gauteng,Johannesburg MM,Northern Wastewater Treatment Works (GP),4/15/2025,,,
NAT-WGS-25-0340,Gauteng,Ekurhuleni MM,ERWAT Vlakplaat Wastewater Treatment Works,4/15/2025,,,
NAT-WGS-25-0341,Gauteng,Johannesburg MM,Goudkoppies Wastewater Treatment Works,4/16/2025,,,
NAT-WGS-25-0342,Gauteng,Ekurhuleni MM,Hartebeesfontein Waterworks,4/15/2025,,,
NAT-WGS-25-0343,Gauteng,Tshwane MM,Rooiwal Wastewater Treatment Works,4/16/2025,,,
NAT-WGS-25-0344,Mpumalanga,Ehlanzeni DM,Kingstonvale,4/14/2025,,,
NAT-WGS-25-0345,Mpumalanga,Ehlanzeni DM,Komatipoort Sewage plant,4/11/2025,,,
NAT-WGS-25-0346,Western Cape,Cape Town MM,Zandvleit Wastewater Treatment Works,4/15/2025,,,
NAT-WGS-25-0347,Western Cape,Cape Town MM,Borcherds Quarry Wastewater Treatment Works,4/15/2025,,,
NAT-WGS-25-0348,Free State,Mangaung MM,Bloemspruit Wastewater Treatment Works,4/15/2025,,,
NAT-WGS-25-0349,Eastern Cape,Buffalo City MM,Mdantsane Wastewater Treatment Works,4/15/2025,,,
NAT-WGS-25-0350,Eastern Cape,Buffalo City MM,East Bank Wastewater Treatment Works,4/15/2025,,,
NAT-WGS-25-0351,Free State,Mangaung MM,Sterkwater Wastewater Treatment Works,4/15/2025,,,
NAT-WGS-25-0352,Limpopo,Vhembe DM,Musina WWTW (in town),4/15/2025,,,
NAT-WGS-25-0353,Limpopo,Vhembe DM,Nancefield,4/15/2025,,,
NAT-WGS-25-0354,Gauteng,Ekurhuleni MM,Olifantsfontein,4/17/2025,,,
NAT-WGS-25-0355,North West,Bojanala Platinum DM,Rustenburg Wastewater Treatment Works,4/16/2025,,,
NAT-WGS-25-0356,North West,Bojanala Platinum DM,Boitekong,4/16/2025,,,
NAT-WGS-25-0357,Gauteng,Tshwane MM,Daspoort Wastewater Treatment Works,4/22/2025,,,
NAT-WGS-25-0358,Free State,Mangaung MM,Sterkwater Wastewater Treatment Works,4/22/2025,,,
NAT-WGS-25-0359,Gauteng,Johannesburg MM,Northern Wastewater Treatment Works (GP),4/22/2025,,,
NAT-WGS-25-0360,Gauteng,Ekurhuleni MM,ERWAT Vlakplaat Wastewater Treatment Works,4/22/2025,,,
NAT-WGS-25-0361,KwaZulu-Natal,Ethekwini MM,Central Wastewater Treatment Works (KZN),4/15/2025,,,
NAT-WGS-25-0362,KwaZulu-Natal,Ethekwini MM,Northern Wastewater Treatment Works (KZN),4/15/2025,,,
NAT-WGS-25-0363,Gauteng,Johannesburg MM,Goudkoppies Wastewater Treatment Works,4/23/2025,,,
NAT-WGS-25-0364,Gauteng,Ekurhuleni MM,Hartebeesfontein Waterworks,4/22/2025,,,
NAT-WGS-25-0365,KwaZulu-Natal,Umkhanyakude DM,Jozini Wastewater Treatment Plant,4/15/2025,,,
NAT-WGS-25-0366,KwaZulu-Natal,Umkhanyakude DM,Manguzi Wastewater Treatment Plant,4/16/2025,,,
NAT-WGS-25-0367,Western Cape,Cape Town MM,Zandvleit Wastewater Treatment Works,4/22/2025,,,
NAT-WGS-25-0368,Mpumalanga,Ehlanzeni DM,Kingstonvale,4/22/2025,,,
NAT-WGS-25-0369,Western Cape,Cape Town MM,Borcherds Quarry Wastewater Treatment Works,4/22/2025,,,
NAT-WGS-25-0370,KwaZulu-Natal,Ethekwini MM,Northern Wastewater Treatment Works (KZN),4/22/2025,,,
NAT-WGS-25-0371,Free State,Mangaung MM,Bloemspruit Wastewater Treatment Works,4/22/2025,,,
NAT-WGS-25-0372,KwaZulu-Natal,Ethekwini MM,Central Wastewater Treatment Works (KZN),4/22/2025,,,
NAT-WGS-25-0373,North West,Bojanala Platinum DM,Boitekong,4/23/2025,,,
NAT-WGS-25-0374,North West,Bojanala Platinum DM,Rustenburg Wastewater Treatment Works,4/23/2025,,,
NAT-WGS-25-0375,Mpumalanga,Ehlanzeni DM,Komatipoort Sewage plant,4/17/2025,,,
NAT-WGS-25-0376,Eastern Cape,Buffalo City MM,East Bank Wastewater Treatment Works,4/22/2025,,,
NAT-WGS-25-0377,Eastern Cape,Buffalo City MM,Mdantsane Wastewater Treatment Works,4/22/2025,,,
NAT-WGS-25-0378,Gauteng,Tshwane MM,Daspoort Wastewater Treatment Works,4/24/2025,,,
NAT-WGS-25-0379,Gauteng,Tshwane MM,Daspoort Wastewater Treatment Works,4/29/2025,,,
NAT-WGS-25-0380,KwaZulu-Natal,Umkhanyakude DM,Manguzi Wastewater Treatment Plant,4/23/2025,,,
NAT-WGS-25-0381,Gauteng,Ekurhuleni MM,Hartebeesfontein Waterworks,4/29/2025,,,
NAT-WGS-25-0382,Gauteng,Johannesburg MM,Northern Wastewater Treatment Works (GP),4/29/2025,,,
NAT-WGS-25-0383,Gauteng,Johannesburg MM,Goudkoppies Wastewater Treatment Works,4/30/2025,,,
NAT-WGS-25-0384,KwaZulu-Natal,Ethekwini MM,Central Wastewater Treatment Works (KZN),4/29/2025,,,
NAT-WGS-25-0385,Mpumalanga,Ehlanzeni DM,Komatipoort Sewage plant,4/25/2025,,,
NAT-WGS-25-0386,Western Cape,Cape Town MM,Zandvleit Wastewater Treatment Works,4/29/2025,,,
NAT-WGS-25-0387,Western Cape,Cape Town MM,Borcherds Quarry Wastewater Treatment Works,4/29/2025,,,
NAT-WGS-25-0388,Eastern Cape,Buffalo City MM,East Bank Wastewater Treatment Works,4/29/2025,,,
NAT-WGS-25-0389,Eastern Cape,Buffalo City MM,Mdantsane Wastewater Treatment Works,4/29/2025,,,
NAT-WGS-25-0390,Free State,Mangaung MM,Sterkwater Wastewater Treatment Works,4/30/2025,,,
NAT-WGS-25-0391,Free State,Mangaung MM,Bloemspruit Wastewater Treatment Works,4/29/2025,,,
NAT-WGS-25-0392,Gauteng,Tshwane MM,Rooiwal Wastewater Treatment Works,4/30/2025,,,
NAT-WGS-25-0393,Mpumalanga,Ehlanzeni DM,Kingstonvale,4/29/2025,,,
NAT-WGS-25-0394,North West,Bojanala Platinum DM,Rustenburg Wastewater Treatment Works,4/30/2025,,,
NAT-WGS-25-0395,North West,Bojanala Platinum DM,Boitekong,4/30/2025,,,
NAT-WGS-25-0396,Gauteng,Tshwane MM,Daspoort Wastewater Treatment Works,5/2/2025,,,
NAT-WGS-25-0397,Gauteng,Ekurhuleni MM,Olifantsfontein,5/5/2025,,,
NAT-WGS-25-0398,Gauteng,Tshwane MM,Daspoort Wastewater Treatment Works,5/6/2025,,,
NAT-WGS-25-0399,Gauteng,Johannesburg MM,Northern Wastewater Treatment Works (GP),5/6/2025,,,
NAT-WGS-25-0400,Gauteng,Ekurhuleni MM,Hartebeesfontein Waterworks,5/6/2025,,,
NAT-WGS-25-0401,KwaZulu-Natal,Umkhanyakude DM,Jozini Wastewater Treatment Plant,4/29/2025,,,
NAT-WGS-25-0402,Mpumalanga,Ehlanzeni DM,Komatipoort Sewage plant,5/2/2025,,,
NAT-WGS-25-0403,Gauteng,Johannesburg MM,Goudkoppies Wastewater Treatment Works,5/7/2025,,,
NAT-WGS-25-0404,Eastern Cape,Buffalo City MM,Mdantsane Wastewater Treatment Works,5/6/2025,,,
NAT-WGS-25-0405,Eastern Cape,Buffalo City MM,East Bank Wastewater Treatment Works,5/6/2025,,,
NAT-WGS-25-0406,Limpopo,Vhembe DM,Nancefield,5/6/2025,,,
NAT-WGS-25-0407,KwaZulu-Natal,Ethekwini MM,Northern Wastewater Treatment Works (KZN),5/6/2025,,,
NAT-WGS-25-0408,KwaZulu-Natal,Ethekwini MM,Central Wastewater Treatment Works (KZN),5/6/2025,,,
NAT-WGS-25-0409,Free State,Mangaung MM,Bloemspruit Wastewater Treatment Works,5/6/2025,,,
NAT-WGS-25-0410,Gauteng,Ekurhuleni MM,Olifantsfontein,5/8/2025,,,
NAT-WGS-25-0411,Limpopo,Vhembe DM,Musina WWTW (in town),5/6/2025,,,
NAT-WGS-25-0412,Mpumalanga,Ehlanzeni DM,Kingstonvale,5/5/2025,,,
NAT-WGS-25-0413,Gauteng,Ekurhuleni MM,ERWAT Vlakplaat Wastewater Treatment Works,5/6/2025,,,
NAT-WGS-25-0414,Free State,Mangaung MM,Sterkwater Wastewater Treatment Works,5/6/2025,,,
NAT-WGS-25-0415,Western Cape,Cape Town MM,Zandvleit Wastewater Treatment Works,5/6/2025,,,
NAT-WGS-25-0416,Western Cape,Cape Town MM,Borcherds Quarry Wastewater Treatment Works,5/6/2025,,,
NAT-WGS-25-0417,Gauteng,Tshwane MM,Rooiwal Wastewater Treatment Works,5/7/2025,,,
NAT-WGS-25-0418,Northern Cape,Frances Baard DM,Homevale Kimberley,5/7/2025,,,
NAT-WGS-25-0419,North West,Bojanala Platinum DM,Boitekong,5/7/2025,,,
NAT-WGS-25-0420,North West,Bojanala Platinum DM,Rustenburg Wastewater Treatment Works,5/7/2025,,,
NAT-WGS-25-0421,Gauteng,Tshwane MM,Daspoort Wastewater Treatment Works,5/9/2025,,,
NAT-WGS-25-0422,KwaZulu-Natal,Umkhanyakude DM,Manguzi Wastewater Treatment Plant,5/7/2025,,,
NAT-WGS-25-0423,KwaZulu-Natal,Umkhanyakude DM,Jozini Wastewater Treatment Plant,5/6/2025,,,
NAT-WGS-25-0424,Gauteng,Ekurhuleni MM,Olifantsfontein,5/12/2025,,,
NAT-WGS-25-0425,Gauteng,Tshwane MM,Daspoort Wastewater Treatment Works,5/13/2025,,,
NAT-WGS-25-0426,Gauteng,Johannesburg MM,Northern Wastewater Treatment Works (GP),5/13/2025,,,
NAT-WGS-25-0427,Gauteng,Ekurhuleni MM,ERWAT Vlakplaat Wastewater Treatment Works,5/13/2025,,,
NAT-WGS-25-0428,Gauteng,Ekurhuleni MM,Hartebeesfontein Waterworks,5/13/2025,,,
NAT-WGS-25-0429,KwaZulu-Natal,Ethekwini MM,Central Wastewater Treatment Works (KZN),5/13/2025,,,
NAT-WGS-25-0430,KwaZulu-Natal,Ethekwini MM,Northern Wastewater Treatment Works (KZN),5/13/2025,,,
NAT-WGS-25-0431,Free State,Mangaung MM,Bloemspruit Wastewater Treatment Works,5/13/2025,,,
NAT-WGS-25-0432,Free State,Mangaung MM,Sterkwater Wastewater Treatment Works,5/13/2025,,,
NAT-WGS-25-0433,Mpumalanga,Ehlanzeni DM,Komatipoort Sewage plant,5/9/2025,,,
NAT-WGS-25-0434,Mpumalanga,Ehlanzeni DM,Kingstonvale,5/13/2025,,,
NAT-WGS-25-0435,Western Cape,Cape Town MM,Zandvleit Wastewater Treatment Works,5/13/2025,,,
NAT-WGS-25-0436,Western Cape,Cape Town MM,Borcherds Quarry Wastewater Treatment Works,5/13/2025,,,
NAT-WGS-25-0437,Gauteng,Johannesburg MM,Goudkoppies Wastewater Treatment Works,5/14/2025,,,
NAT-WGS-25-0438,Eastern Cape,Buffalo City MM,Mdantsane Wastewater Treatment Works,5/13/2025,,,
NAT-WGS-25-0439,Eastern Cape,Buffalo City MM,East Bank Wastewater Treatment Works,5/13/2025,,,
NAT-WGS-25-0440,Gauteng,Tshwane MM,Rooiwal Wastewater Treatment Works,5/14/2025,,,
NAT-WGS-25-0441,Limpopo,Vhembe DM,Musina WWTW (in town),5/13/2025,,,
NAT-WGS-25-0442,Limpopo,Vhembe DM,Nancefield,5/13/2025,,,
NAT-WGS-25-0443,North West,Bojanala Platinum DM,Boitekong,5/14/2025,,,
NAT-WGS-25-0444,North West,Bojanala Platinum DM,Rustenburg Wastewater Treatment Works,5/14/2025,,,
NAT-WGS-25-0445,Gauteng,Tshwane MM,Daspoort Wastewater Treatment Works,5/15/2025,,,
NAT-WGS-25-0446,Gauteng,Ekurhuleni MM,Olifantsfontein,5/16/2025,,,
NAT-WGS-25-0447,KwaZulu-Natal,Umkhanyakude DM,Manguzi Wastewater Treatment Plant,5/14/2025,,,
NAT-WGS-25-0448,KwaZulu-Natal,Umkhanyakude DM,Jozini Wastewater Treatment Plant,5/13/2025,,,
NAT-WGS-25-0449,Eastern Cape,Nelson Mandela Bay MM,Brickfield Pre-treatment Works,5/13/2025,,,
NAT-WGS-25-0450,Eastern Cape,Nelson Mandela Bay MM,Kwanobuhle Wastewater Treatment Works,5/12/2025,,,
NAT-WGS-25-0451,Gauteng,Ekurhuleni MM,Olifantsfontein,5/19/2025,,,
NAT-WGS-25-0452,Gauteng,Tshwane MM,Daspoort Wastewater Treatment Works,5/20/2025,,,
NAT-WGS-25-0453,Gauteng,Johannesburg MM,Northern Wastewater Treatment Works (GP),5/20/2025,,,
NAT-WGS-25-0454,Gauteng,Ekurhuleni MM,Hartebeesfontein Waterworks,5/20/2025,,,
NAT-WGS-25-0455,Gauteng,Ekurhuleni MM,ERWAT Vlakplaat Wastewater Treatment Works,5/20/2025,,,
NAT-WGS-25-0456,Gauteng,Johannesburg MM,Goudkoppies Wastewater Treatment Works,5/21/2025,,,
NAT-WGS-25-0457,KwaZulu-Natal,Ethekwini MM,Northern Wastewater Treatment Works (KZN),5/20/2025,,,
NAT-WGS-25-0458,KwaZulu-Natal,Ethekwini MM,Central Wastewater Treatment Works (KZN),5/20/2025,,,
NAT-WGS-25-0459,Eastern Cape,Buffalo City MM,Mdantsane Wastewater Treatment Works,5/21/2025,,,
NAT-WGS-25-0460,Eastern Cape,Buffalo City MM,East Bank Wastewater Treatment Works,5/20/2025,,,
NAT-WGS-25-0461,Western Cape,Cape Town MM,Borcherds Quarry Wastewater Treatment Works,5/20/2025,,,
NAT-WGS-25-0462,Western Cape,Cape Town MM,Zandvleit Wastewater Treatment Works,5/20/2025,,,
NAT-WGS-25-0463,Mpumalanga,Ehlanzeni DM,Kingstonvale,5/20/2025,,,
NAT-WGS-25-0464,Mpumalanga,Ehlanzeni DM,Komatipoort Sewage plant,5/15/2025,,,
NAT-WGS-25-0465,North West,Bojanala Platinum DM,Boitekong,5/21/2025,,,
NAT-WGS-25-0466,North West,Bojanala Platinum DM,Rustenburg Wastewater Treatment Works,5/21/2025,,,
NAT-WGS-25-0467,Free State,Mangaung MM,Bloemspruit Wastewater Treatment Works,5/20/2025,,,
NAT-WGS-25-0468,Free State,Mangaung MM,Sterkwater Wastewater Treatment Works,5/20/2025,,,
NAT-WGS-25-0469,Northern Cape,Frances Baard DM,Homevale Kimberley,5/21/2025,,,
NAT-WGS-25-0470,Gauteng,Tshwane MM,Rooiwal Wastewater Treatment Works,5/21/2025,,,
NAT-WGS-25-0471,Gauteng,Ekurhuleni MM,Olifantsfontein,5/23/2025,,,
NAT-WGS-25-0472,KwaZulu-Natal,Umkhanyakude DM,Jozini Wastewater Treatment Plant,5/20/2025,,,
NAT-WGS-25-0473,KwaZulu-Natal,Umkhanyakude DM,Manguzi Wastewater Treatment Plant,5/21/2025,,,
NAT-WGS-25-0474,Gauteng,Tshwane MM,Daspoort Wastewater Treatment Works,5/23/2025,,,
NAT-WGS-25-0475,Gauteng,Ekurhuleni MM,Olifantsfontein,5/26/2025,,,
NAT-WGS-25-0476,Gauteng,Tshwane MM,Daspoort Wastewater Treatment Works,5/27/2025,,,
NAT-WGS-25-0477,Gauteng,Johannesburg MM,Northern Wastewater Treatment Works (GP),5/27/2025,,,
NAT-WGS-25-0478,Gauteng,Ekurhuleni MM,Hartebeesfontein Waterworks,5/27/2025,,,
NAT-WGS-25-0479,Gauteng,Johannesburg MM,Goudkoppies Wastewater Treatment Works,5/28/2025,,,
NAT-WGS-25-0480,Gauteng,Ekurhuleni MM,Olifantsfontein,5/29/2025,,,
NAT-WGS-25-0481,Limpopo,Vhembe DM,Nancefield,5/28/2025,,,
NAT-WGS-25-0482,Limpopo,Vhembe DM,Musina WWTW (in town),5/28/2025,,,
NAT-WGS-25-0483,North West,Bojanala Platinum DM,Boitekong,5/28/2025,,,
NAT-WGS-25-0484,North West,Bojanala Platinum DM,Rustenburg Wastewater Treatment Works,5/28/2025,,,
NAT-WGS-25-0485,Gauteng,Tshwane MM,Daspoort Wastewater Treatment Works,5/30/2025,,,
NAT-WGS-25-0486,Gauteng,Ekurhuleni MM,Olifantsfontein,6/2/2025,,,
NAT-WGS-25-0487,Northern Cape,Frances Baard DM,Homevale Kimberley,5/30/2025,,,
NAT-WGS-25-0488,Western Cape,Cape Town MM,Zandvleit Wastewater Treatment Works,5/29/2025,,,
NAT-WGS-25-0489,Western Cape,Cape Town MM,Borcherds Quarry Wastewater Treatment Works,5/30/2025,,,
NAT-WGS-25-0490,Free State,Mangaung MM,Bloemspruit Wastewater Treatment Works,5/27/2025,,,
NAT-WGS-25-0491,Free State,Mangaung MM,Sterkwater Wastewater Treatment Works,5/27/2025,,,
NAT-WGS-25-0492,Mpumalanga,Ehlanzeni DM,Komatipoort Sewage plant,5/22/2025,,,
NAT-WGS-25-0493,Mpumalanga,Ehlanzeni DM,Komatipoort Sewage plant,5/30/2025,,,
NAT-WGS-25-0494,Mpumalanga,Ehlanzeni DM,Kingstonvale,5/30/2025,,,
NAT-WGS-25-0495,Gauteng,Ekurhuleni MM,ERWAT Vlakplaat Wastewater Treatment Works,5/27/2025,,,
NAT-WGS-25-0496,Gauteng,Tshwane MM,Rooiwal Wastewater Treatment Works,5/27/2025,,,
NAT-WGS-25-0497,Gauteng,Tshwane MM,Daspoort Wastewater Treatment Works,6/3/2025,,,
NAT-WGS-25-0498,Gauteng,Johannesburg MM,Northern Wastewater Treatment Works (GP),6/3/2025,,,
NAT-WGS-25-0499,Gauteng,Ekurhuleni MM,Hartebeesfontein Waterworks,6/3/2025,,,
NAT-WGS-25-0500,KwaZulu-Natal,Ethekwini MM,Northern Wastewater Treatment Works (KZN),5/27/2025,,,
NAT-WGS-25-0501,KwaZulu-Natal,Ethekwini MM,Central Wastewater Treatment Works (KZN),5/27/2025,,,
NAT-WGS-25-0502,Gauteng,Johannesburg MM,Goudkoppies Wastewater Treatment Works,6/4/2025,,,
NAT-WGS-25-0503,Gauteng,Tshwane MM,Rooiwal Wastewater Treatment Works,6/4/2025,,,
NAT-WGS-25-0504,Gauteng,Ekurhuleni MM,ERWAT Vlakplaat Wastewater Treatment Works,6/3/2025,,,
NAT-WGS-25-0505,Gauteng,Ekurhuleni MM,Olifantsfontein,6/5/2025,,,
NAT-WGS-25-0506,Gauteng,Tshwane MM,Daspoort Wastewater Treatment Works,6/6/2025,,,
NAT-WGS-25-0507,Gauteng,Ekurhuleni MM,Olifantsfontein,6/9/2025,,,
NAT-WGS-25-0508,Gauteng,Tshwane MM,Daspoort Wastewater Treatment Works,6/10/2025,,,
NAT-WGS-25-0509,Gauteng,Johannesburg MM,Northern Wastewater Treatment Works (GP),6/10/2025,,,
NAT-WGS-25-0510,Gauteng,Ekurhuleni MM,ERWAT Vlakplaat Wastewater Treatment Works,6/10/2025,,,
NAT-WGS-25-0511,Gauteng,Ekurhuleni MM,Hartebeesfontein Waterworks,6/10/2025,,,
NAT-WGS-25-0512,Gauteng,Johannesburg MM,Goudkoppies Wastewater Treatment Works,6/11/2025,,,
NAT-WGS-25-0513,Limpopo,Vhembe DM,Musina WWTW (in town),6/10/2025,,,
NAT-WGS-25-0514,Limpopo,Vhembe DM,Nancefield,6/10/2025,,,
NAT-WGS-25-0515,Mpumalanga,Ehlanzeni DM,Komatipoort Sewage plant,6/11/2025,,,
NAT-WGS-25-0516,Mpumalanga,Ehlanzeni DM,Komatipoort Sewage plant,6/9/2025,,,
NAT-WGS-25-0517,Gauteng,Ekurhuleni MM,Olifantsfontein,6/12/2025,,,
NAT-WGS-25-0518,North West,Bojanala Platinum DM,Rustenburg Wastewater Treatment Works,6/11/2025,,,
NAT-WGS-25-0519,North West,Bojanala Platinum DM,Boitekong,6/11/2025,,,
NAT-WGS-25-0520,Gauteng,Tshwane MM,Daspoort Wastewater Treatment Works,6/13/2025,,,
NAT-WGS-25-0521,KwaZulu-Natal,Umkhanyakude DM,Manguzi Wastewater Treatment Plant,5/28/2025,,,
NAT-WGS-25-0522,KwaZulu-Natal,Umkhanyakude DM,Manguzi Wastewater Treatment Plant,6/4/2025,,,
NAT-WGS-25-0523,KwaZulu-Natal,Umkhanyakude DM,Manguzi Wastewater Treatment Plant,6/11/2025,,,
NAT-WGS-25-0524,KwaZulu-Natal,Umkhanyakude DM,Jozini Wastewater Treatment Plant,5/27/2025,,,
NAT-WGS-25-0525,KwaZulu-Natal,Umkhanyakude DM,Jozini Wastewater Treatment Plant,6/3/2025,,,
NAT-WGS-25-0526,KwaZulu-Natal,Umkhanyakude DM,Jozini Wastewater Treatment Plant,6/10/2025,,,
NAT-WGS-25-0527,Gauteng,Tshwane MM,Daspoort Wastewater Treatment Works,6/17/2025,,,
NAT-WGS-25-0528,Gauteng,Johannesburg MM,Northern Wastewater Treatment Works (GP),6/17/2025,,,
NAT-WGS-25-0529,Gauteng,Ekurhuleni MM,ERWAT Vlakplaat Wastewater Treatment Works,6/17/2025,,,
NAT-WGS-25-0530,Gauteng,Johannesburg MM,Goudkoppies Wastewater Treatment Works,6/18/2025,,,
NAT-WGS-25-0531,Gauteng,Tshwane MM,Rooiwal Wastewater Treatment Works,6/18/2025,,,
NAT-WGS-25-0532,Gauteng,Ekurhuleni MM,Olifantsfontein,6/19/2025,,,
NAT-WGS-25-0533,North West,Bojanala Platinum DM,Boitekong,6/18/2025,,,
NAT-WGS-25-0534,North West,Bojanala Platinum DM,Rustenburg Wastewater Treatment Works,6/18/2025,,,
NAT-WGS-25-0535,Mpumalanga,Ehlanzeni DM,Kingstonvale,6/2/2025,,,
NAT-WGS-25-0536,Mpumalanga,Ehlanzeni DM,Kingstonvale,6/17/2025,,,
NAT-WGS-25-0537,Mpumalanga,Ehlanzeni DM,Komatipoort Sewage plant,6/16/2025,,,
NAT-WGS-25-0538,Gauteng,Tshwane MM,Daspoort Wastewater Treatment Works,6/20/2025,,,
NAT-WGS-25-0539,KwaZulu-Natal,Umkhanyakude DM,Jozini Wastewater Treatment Plant,6/17/2025,,,
NAT-WGS-25-0540,KwaZulu-Natal,Umkhanyakude DM,Manguzi Wastewater Treatment Plant,6/18/2025,,,
NAT-WGS-25-0541,Gauteng,Ekurhuleni MM,Olifantsfontein,6/23/2025,,,
NAT-WGS-25-0542,Gauteng,Tshwane MM,Rooiwal Wastewater Treatment Works,6/11/2025,,,
NAT-WGS-25-0543,Gauteng,Tshwane MM,Daspoort Wastewater Treatment Works,6/24/2025,,,
NAT-WGS-25-0544,Gauteng,Johannesburg MM,Northern Wastewater Treatment Works (GP),6/24/2025,,,
NAT-WGS-25-0545,Gauteng,Ekurhuleni MM,ERWAT Vlakplaat Wastewater Treatment Works,6/25/2025,,,
NAT-WGS-25-0546,Mpumalanga,Ehlanzeni DM,Komatipoort Sewage plant,6/23/2025,,,
NAT-WGS-25-0547,Mpumalanga,Ehlanzeni DM,Kingstonvale,6/23/2025,,,
NAT-WGS-25-0548,Limpopo,Vhembe DM,Musina WWTW (in town),6/24/2025,,,
NAT-WGS-25-0549,Limpopo,Vhembe DM,Nancefield,6/24/2025,,,
NAT-WGS-25-0550,Gauteng,Tshwane MM,Rooiwal Wastewater Treatment Works,6/25/2025,,,
NAT-WGS-25-0551,North West,Bojanala Platinum DM,Rustenburg Wastewater Treatment Works,6/25/2025,,,
NAT-WGS-25-0552,North West,Bojanala Platinum DM,Boitekong,6/25/2025,,,
NAT-WGS-25-0553,Gauteng,Tshwane MM,Daspoort Wastewater Treatment Works,6/27/2025,,,
NAT-WGS-25-0554,KwaZulu-Natal,Umkhanyakude DM,Manguzi Wastewater Treatment Plant,6/25/2025,,,
NAT-WGS-25-0555,KwaZulu-Natal,Umkhanyakude DM,Jozini Wastewater Treatment Plant,6/24/2025,,,
NAT-WGS-25-0556,Gauteng,Ekurhuleni MM,Olifantsfontein,6/30/2025,,,
NAT-WGS-25-0557,Gauteng,Tshwane MM,Daspoort Wastewater Treatment Works,7/1/2025,,,
NAT-WGS-25-0558,Gauteng,Ekurhuleni MM,Hartebeesfontein Waterworks,7/1/2025,,,
NAT-WGS-25-0559,Gauteng,Johannesburg MM,Northern Wastewater Treatment Works (GP),7/1/2025,,,
NAT-WGS-25-0560,Gauteng,Johannesburg MM,Goudkoppies Wastewater Treatment Works,7/2/2025,,,
NAT-WGS-25-0561,Mpumalanga,Ehlanzeni DM,Kingstonvale,6/30/2025,,,
NAT-WGS-25-0562,Mpumalanga,Ehlanzeni DM,Komatipoort Sewage plant,6/30/2025,,,
NAT-WGS-25-0563,Gauteng,Ekurhuleni MM,Olifantsfontein,7/3/2025,,,
NAT-WGS-25-0564,North West,Bojanala Platinum DM,Rustenburg Wastewater Treatment Works,7/2/2025,,,
NAT-WGS-25-0565,North West,Bojanala Platinum DM,Boitekong,7/2/2025,,,
NAT-WGS-25-0566,Northern Cape,Frances Baard DM,Homevale Kimberley,7/2/2025,,,
NAT-WGS-25-0567,Limpopo,Vhembe DM,Musina WWTW (in town),7/2/2025,,,
NAT-WGS-25-0568,Limpopo,Vhembe DM,Nancefield,7/2/2025,,,
NAT-WGS-25-0569,Gauteng,Tshwane MM,Daspoort Wastewater Treatment Works,7/4/2025,,,
NAT-WGS-25-0570,Gauteng,Ekurhuleni MM,Olifantsfontein,7/7/2025,,,
NAT-WGS-25-0571,Gauteng,Tshwane MM,Daspoort Wastewater Treatment Works,7/8/2025,,,
NAT-WGS-25-0572,Gauteng,Ekurhuleni MM,Hartebeesfontein Waterworks,7/8/2025,,,
NAT-WGS-25-0573,Gauteng,Johannesburg MM,Northern Wastewater Treatment Works (GP),7/8/2025,,,
NAT-WGS-25-0574,Gauteng,Ekurhuleni MM,ERWAT Vlakplaat Wastewater Treatment Works,7/8/2025,,,
NAT-WGS-25-0575,Mpumalanga,Ehlanzeni DM,Kingstonvale,7/7/2025,,,
NAT-WGS-25-0576,Mpumalanga,Ehlanzeni DM,Komatipoort Sewage plant,7/7/2025,,,
NAT-WGS-25-0577,Gauteng,Johannesburg MM,Goudkoppies Wastewater Treatment Works,7/9/2025,,,
NAT-WGS-25-0578,Gauteng,Ekurhuleni MM,Olifantsfontein,7/10/2025,,,
NAT-WGS-25-0579,Limpopo,Vhembe DM,Nancefield,7/9/2025,,,
NAT-WGS-25-0580,Limpopo,Vhembe DM,Musina WWTW (in town),7/9/2025,,,
NAT-WGS-25-0581,North West,Bojanala Platinum DM,Rustenburg Wastewater Treatment Works,7/9/2025,,,
NAT-WGS-25-0582,North West,Bojanala Platinum DM,Boitekong,7/9/2025,,,
NAT-WGS-25-0583,Gauteng,Tshwane MM,Daspoort Wastewater Treatment Works,7/11/2025,,,
NAT-WGS-25-0584,KwaZulu-Natal,Umkhanyakude DM,Jozini Wastewater Treatment Plant,7/8/2025,,,
NAT-WGS-25-0585,Gauteng,Ekurhuleni MM,Olifantsfontein,7/14/2025,,,
NAT-WGS-25-0586,Gauteng,Tshwane MM,Daspoort Wastewater Treatment Works,7/15/2025,,,
NAT-WGS-25-0587,Gauteng,Johannesburg MM,Northern Wastewater Treatment Works (GP),7/15/2025,,,
NAT-WGS-25-0588,Gauteng,Ekurhuleni MM,Hartebeesfontein Waterworks,7/15/2025,,,
NAT-WGS-25-0589,Gauteng,Ekurhuleni MM,ERWAT Vlakplaat Wastewater Treatment Works,7/15/2025,,,
NAT-WGS-25-0590,Mpumalanga,Ehlanzeni DM,Kingstonvale,7/14/2025,,,
NAT-WGS-25-0591,Mpumalanga,Ehlanzeni DM,Komatipoort Sewage plant,7/14/2025,,,
NAT-WGS-25-0592,Limpopo,Vhembe DM,Musina WWTW (in town),7/15/2025,,,
NAT-WGS-25-0593,Limpopo,Vhembe DM,Nancefield,7/15/2025,,,
NAT-WGS-25-0594,Gauteng,Johannesburg MM,Goudkoppies Wastewater Treatment Works,7/16/2025,,,
NAT-WGS-25-0595,Gauteng,Tshwane MM,Rooiwal Wastewater Treatment Works,7/16/2025,,,
NAT-WGS-25-0596,Gauteng,Ekurhuleni MM,Olifantsfontein,7/17/2025,,,
NAT-WGS-25-0597,North West,Bojanala Platinum DM,Rustenburg Wastewater Treatment Works,7/16/2025,,,
NAT-WGS-25-0598,North West,Bojanala Platinum DM,Boitekong,7/16/2025,,,
NAT-WGS-25-0599,Gauteng,Tshwane MM,Daspoort Wastewater Treatment Works,7/22/2025,,,
NAT-WGS-25-0600,Gauteng,Johannesburg MM,Goudkoppies Wastewater Treatment Works,7/21/2025,,,
NAT-WGS-25-0601,Gauteng,Johannesburg MM,Northern Wastewater Treatment Works (GP),7/22/2025,,,
NAT-WGS-25-0602,Gauteng,Ekurhuleni MM,Olifantsfontein,7/23/2025,,,
NAT-WGS-25-0603,Gauteng,Ekurhuleni MM,Hartebeesfontein Waterworks,7/22/2025,,,
NAT-WGS-25-0604,Mpumalanga,Ehlanzeni DM,Kingstonvale,7/21/2025,,,
NAT-WGS-25-0605,Mpumalanga,Ehlanzeni DM,Komatipoort Sewage plant,7/21/2025,,,
NAT-WGS-25-0606,Limpopo,Vhembe DM,Musina WWTW (in town),7/22/2025,,,
NAT-WGS-25-0607,Limpopo,Vhembe DM,Nancefield,7/22/2025,,,
NAT-WGS-25-0608,Gauteng,Ekurhuleni MM,ERWAT Vlakplaat Wastewater Treatment Works,7/23/2025,,,
NAT-WGS-25-0609,Gauteng,Tshwane MM,Daspoort Wastewater Treatment Works,7/24/2025,,,
NAT-WGS-25-0610,North West,Bojanala Platinum DM,Boitekong,7/23/2025,,,
NAT-WGS-25-0611,North West,Bojanala Platinum DM,Rustenburg Wastewater Treatment Works,7/23/2025,,,
NAT-WGS-25-0612,Gauteng,Ekurhuleni MM,Olifantsfontein,7/25/2025,,,
NAT-WGS-25-0613,KwaZulu-Natal,Umkhanyakude DM,Jozini Wastewater Treatment Plant,7/22/2025,,,
NAT-WGS-25-0614,Gauteng,Ekurhuleni MM,Olifantsfontein,7/28/2025,,Negative,
NAT-WGS-25-0615,Gauteng,Tshwane MM,Daspoort Wastewater Treatment Works,7/29/2025,,Negative,
NAT-WGS-25-0616,Gauteng,Johannesburg MM,Northern Wastewater Treatment Works (GP),7/29/2025,,Negative,
NAT-WGS-25-0617,Mpumalanga,Ehlanzeni DM,Komatipoort Sewage plant,7/28/2025,,Negative,
NAT-WGS-25-0618,Mpumalanga,Ehlanzeni DM,Kingstonvale,7/28/2025,,Negative,
NAT-WGS-25-0619,Gauteng,Johannesburg MM,Goudkoppies Wastewater Treatment Works,7/29/2025,,Negative,
NAT-WGS-25-0620,Gauteng,Ekurhuleni MM,Hartebeesfontein Waterworks,7/29/2025,,Negative,
NAT-WGS-25-0621,Gauteng,Ekurhuleni MM,ERWAT Vlakplaat Wastewater Treatment Works,7/29/2025,,Negative,
NAT-WGS-25-0622,Gauteng,Ekurhuleni MM,Olifantsfontein,7/31/2025,,Negative,
NAT-WGS-25-0623,North West,Bojanala Platinum DM,Boitekong,7/30/2025,,Negative,
NAT-WGS-25-0624,North West,Bojanala Platinum DM,Rustenburg Wastewater Treatment Works,7/30/2025,,Negative,
NAT-WGS-25-0625,Northern Cape,Frances Baard DM,Homevale Kimberley,7/30/2025,,Negative,
NAT-WGS-25-0626,Gauteng,Tshwane MM,Daspoort Wastewater Treatment Works,8/1/2025,,Negative,
NAT-WGS-25-0627,Gauteng,Ekurhuleni MM,Olifantsfontein,8/4/2025,,Negative,
NAT-WGS-25-0628,Gauteng,Tshwane MM,Daspoort Wastewater Treatment Works,8/5/2025,,,
NAT-WGS-25-0629,Gauteng,Johannesburg MM,Northern Wastewater Treatment Works (GP),8/5/2025,,,
NAT-WGS-25-0630,Mpumalanga,Ehlanzeni DM,Komatipoort Sewage plant,8/4/2025,,,
NAT-WGS-25-0631,Mpumalanga,Ehlanzeni DM,Kingstonvale,8/4/2025,,,
NAT-WGS-25-0632,Limpopo,Vhembe DM,Nancefield,8/5/2025,,,
NAT-WGS-25-0633,Limpopo,Vhembe DM,Musina WWTW (in town),8/5/2025,,,
NAT-WGS-25-0634,Gauteng,Johannesburg MM,Goudkoppies Wastewater Treatment Works,8/6/2025,,,
NAT-WGS-25-0635,Gauteng,Ekurhuleni MM,Hartebeesfontein Waterworks,8/5/2025,,,
NAT-WGS-25-0636,Gauteng,Ekurhuleni MM,ERWAT Vlakplaat Wastewater Treatment Works,8/5/2025,,,
NAT-WGS-25-0637,,,,,,,
NAT-WGS-25-0638,Gauteng,Tshwane MM,Rooiwal Wastewater Treatment Works,8/6/2025,,,
NAT-WGS-25-0639,North West,Bojanala Platinum DM,Rustenburg Wastewater Treatment Works,8/6/2025,,,
NAT-WGS-25-0640,North West,Bojanala Platinum DM,Boitekong,8/6/2025,,,
NAT-WGS-25-0641,Gauteng,Tshwane MM,Daspoort Wastewater Treatment Works,8/8/2025,,,
NAT-WGS-25-0642,KwaZulu-Natal,Umkhanyakude DM,Manguzi Wastewater Treatment Plant,8/6/2025,,,
NAT-WGS-25-0643,KwaZulu-Natal,Umkhanyakude DM,Jozini Wastewater Treatment Plant,8/5/2025,,,
NAT-WGS-25-0644,Gauteng,Ekurhuleni MM,Olifantsfontein,8/11/2025,,,
NAT-WGS-25-0645,Gauteng,Tshwane MM,Daspoort Wastewater Treatment Works,8/12/2025,,,
NAT-WGS-25-0646,Gauteng,Johannesburg MM,Northern Wastewater Treatment Works (GP),8/12/2025,,,
NAT-WGS-25-0647,Gauteng,Johannesburg MM,Goudkoppies Wastewater Treatment Works,8/13/2025,,,
NAT-WGS-25-0648,Mpumalanga,Ehlanzeni DM,Kingstonvale,8/11/2025,,,
NAT-WGS-25-0649,Limpopo,Vhembe DM,Musina WWTW (in town),8/12/2025,,,
NAT-WGS-25-0650,Limpopo,Vhembe DM,Nancefield,8/12/2025,,,
NAT-WGS-25-0651,Mpumalanga,Ehlanzeni DM,Komatipoort Sewage plant,8/11/2025,,,
NAT-WGS-25-0652,Gauteng,Ekurhuleni MM,Olifantsfontein,8/14/2025,,,
NAT-WGS-25-0653,North West,Bojanala Platinum DM,Rustenburg Wastewater Treatment Works,8/13/2025,,,
NAT-WGS-25-0654,Gauteng,Ekurhuleni MM,ERWAT Vlakplaat Wastewater Treatment Works,8/12/2025,,,
NAT-WGS-25-0655,Gauteng,Ekurhuleni MM,Hartebeesfontein Waterworks,8/12/2025,,,
NAT-WGS-25-0656,Gauteng,Tshwane MM,Rooiwal Wastewater Treatment Works,8/13/2025,,,
NAT-WGS-25-0657,Gauteng,Tshwane MM,Daspoort Wastewater Treatment Works,8/15/2025,,,
NAT-WGS-25-0658,KwaZulu-Natal,Umkhanyakude DM,Jozini Wastewater Treatment Plant,8/12/2025,,,
NAT-WGS-25-0659,KwaZulu-Natal,Umkhanyakude DM,Manguzi Wastewater Treatment Plant,8/13/2025,,,
NAT-WGS-25-0660,Gauteng,Ekurhuleni MM,Olifantsfontein,8/18/2025,,,
NAT-WGS-25-0661,Gauteng,Tshwane MM,Daspoort Wastewater Treatment Works,8/19/2025,,,
NAT-WGS-25-0662,Gauteng,Johannesburg MM,Northern Wastewater Treatment Works (GP),8/19/2025,,,
NAT-WGS-25-0663,Mpumalanga,Ehlanzeni DM,Komatipoort Sewage plant,8/18/2025,,,
NAT-WGS-25-0664,Gauteng,Johannesburg MM,Goudkoppies Wastewater Treatment Works,8/20/2025,,,
NAT-WGS-25-0665,Limpopo,Vhembe DM,Nancefield,8/19/2025,,,
NAT-WGS-25-0666,Limpopo,Vhembe DM,Musina WWTW (in town),8/19/2025,,,
NAT-WGS-25-0667,Mpumalanga,Ehlanzeni DM,Kingstonvale,8/18/2025,,,
NAT-WGS-25-0668,Gauteng,Ekurhuleni MM,Olifantsfontein,8/21/2025,,,
NAT-WGS-25-0669,Gauteng,Tshwane MM,Rooiwal Wastewater Treatment Works,8/20/2025,,,
NAT-WGS-25-0670,Gauteng,Ekurhuleni MM,Hartebeesfontein Waterworks,8/19/2025,,,
NAT-WGS-25-0671,North West,Bojanala Platinum DM,Boitekong,8/20/2025,,,
NAT-WGS-25-0672,North West,Bojanala Platinum DM,Rustenburg Wastewater Treatment Works,8/20/2025,,,
NAT-WGS-25-0673,Gauteng,Tshwane MM,Daspoort Wastewater Treatment Works,8/22/2025,,,
NAT-WGS-25-0674,KwaZulu-Natal,Umkhanyakude DM,Manguzi Wastewater Treatment Plant,8/22/2025,,,
NAT-WGS-25-0675,Gauteng,Ekurhuleni MM,Olifantsfontein,8/25/2025,,,
NAT-WGS-25-0676,Gauteng,Tshwane MM,Daspoort Wastewater Treatment Works,8/26/2025,,,
NAT-WGS-25-0677,KwaZulu-Natal,Umkhanyakude DM,Jozini Wastewater Treatment Plant,8/19/2025,,,
NAT-WGS-25-0678,Gauteng,Ekurhuleni MM,Hartebeesfontein Waterworks,8/26/2025,,,
NAT-WGS-25-0679,Gauteng,Johannesburg MM,Northern Wastewater Treatment Works (GP),8/26/2025,,,
NAT-WGS-25-0680,Gauteng,Tshwane MM,Rooiwal Wastewater Treatment Works,8/27/2025,,,
NAT-WGS-25-0681,Gauteng,Johannesburg MM,Goudkoppies Wastewater Treatment Works,8/27/2025,,,
NAT-WGS-25-0682,Free State,Mangaung MM,Bloemspruit Wastewater Treatment Works,8/26/2025,,,
NAT-WGS-25-0683,Free State,Mangaung MM,Sterkwater Wastewater Treatment Works,8/26/2025,,,
NAT-WGS-25-0684,Western Cape,Cape Town MM,Zandvleit Wastewater Treatment Works,8/26/2025,,,
NAT-WGS-25-0685,Western Cape,Cape Town MM,Borcherds Quarry Wastewater Treatment Works,8/26/2025,,,
NAT-WGS-25-0686,Mpumalanga,Ehlanzeni DM,Komatipoort Sewage plant,8/25/2025,,,
NAT-WGS-25-0687,Gauteng,Ekurhuleni MM,Olifantsfontein,8/28/2025,,,
NAT-WGS-25-0688,North West,Bojanala Platinum DM,Boitekong,8/27/2025,,,
NAT-WGS-25-0689,North West,Bojanala Platinum DM,Rustenburg Wastewater Treatment Works,8/27/2025,,,
NAT-WGS-25-0690,Gauteng,Ekurhuleni MM,ERWAT Vlakplaat Wastewater Treatment Works,8/26/2025,,,
NAT-WGS-25-0691,KwaZulu-Natal,Umkhanyakude DM,Jozini Wastewater Treatment Plant,8/26/2025,,,
NAT-WGS-25-0692,KwaZulu-Natal,Umkhanyakude DM,Manguzi Wastewater Treatment Plant,8/27/2025,,,
NAT-WGS-25-0693,Gauteng,Ekurhuleni MM,Olifantsfontein,9/1/2025,,,
NAT-WGS-25-0694,Gauteng,Tshwane MM,Daspoort Wastewater Treatment Works,9/2/2025,,,
NAT-WGS-25-0695,Gauteng,Johannesburg MM,Northern Wastewater Treatment Works (GP),9/2/2025,,,
NAT-WGS-25-0696,Gauteng,Ekurhuleni MM,Hartebeesfontein Waterworks,9/2/2025,,,
NAT-WGS-25-0697,Gauteng,Ekurhuleni MM,ERWAT Vlakplaat Wastewater Treatment Works,9/2/2025,,,
NAT-WGS-25-0698,Gauteng,Johannesburg MM,Goudkoppies Wastewater Treatment Works,9/3/2025,,,
NAT-WGS-25-0699,Gauteng,Ekurhuleni MM,Olifantsfontein,9/4/2025,,,
NAT-WGS-25-0700,Gauteng,Tshwane MM,Rooiwal Wastewater Treatment Works,9/3/2025,,,
NAT-WGS-25-0701,Western Cape,Cape Town MM,Zandvleit Wastewater Treatment Works,9/2/2025,,,
NAT-WGS-25-0702,Western Cape,Cape Town MM,Borcherds Quarry Wastewater Treatment Works,9/2/2025,,,
NAT-WGS-25-0703,KwaZulu-Natal,Ethekwini MM,Central Wastewater Treatment Works (KZN),9/2/2025,,,
NAT-WGS-25-0704,KwaZulu-Natal,Ethekwini MM,Northern Wastewater Treatment Works (KZN),9/2/2025,,,
NAT-WGS-25-0705,Limpopo,Vhembe DM,Musina WWTW (in town),9/3/2025,,,
NAT-WGS-25-0706,Limpopo,Vhembe DM,Nancefield,9/3/2025,,,
NAT-WGS-25-0707,Free State,Mangaung MM,Bloemspruit Wastewater Treatment Works,9/2/2025,,,
NAT-WGS-25-0708,Free State,Mangaung MM,Sterkwater Wastewater Treatment Works,9/2/2025,,,
NAT-WGS-25-0709,Mpumalanga,Ehlanzeni DM,Komatipoort Sewage plant,9/1/2025,,,
NAT-WGS-25-0710,Mpumalanga,Ehlanzeni DM,Kingstonvale,9/1/2025,,,
NAT-WGS-25-0711,North West,Bojanala Platinum DM,Rustenburg Wastewater Treatment Works,9/3/2025,,,
NAT-WGS-25-0712,North West,Bojanala Platinum DM,Boitekong,9/3/2025,,,
NAT-WGS-25-0713,Gauteng,Tshwane MM,Daspoort Wastewater Treatment Works,9/5/2025,,,
NAT-WGS-25-0714,Eastern Cape,Buffalo City MM,Mdantsane Wastewater Treatment Works,9/2/2025,,,
NAT-WGS-25-0715,Gauteng,Ekurhuleni MM,Olifantsfontein,9/8/2025,,,
NAT-WGS-25-0716,KwaZulu-Natal,Umkhanyakude DM,Manguzi Wastewater Treatment Plant,9/3/2025,,,
NAT-WGS-25-0717,Gauteng,Tshwane MM,Daspoort Wastewater Treatment Works,9/9/2025,,,
NAT-WGS-25-0718,Gauteng,Johannesburg MM,Northern Wastewater Treatment Works (GP),9/9/2025,,,
NAT-WGS-25-0719,Gauteng,Ekurhuleni MM,Hartebeesfontein Waterworks,9/9/2025,,,
NAT-WGS-25-0720,Gauteng,Ekurhuleni MM,ERWAT Vlakplaat Wastewater Treatment Works,9/9/2025,,,
NAT-WGS-25-0721,Gauteng,Johannesburg MM,Goudkoppies Wastewater Treatment Works,9/10/2025,,,
NAT-WGS-25-0722,Free State,Mangaung MM,Bloemspruit Wastewater Treatment Works,9/9/2025,,,
NAT-WGS-25-0723,Free State,Mangaung MM,Sterkwater Wastewater Treatment Works,9/9/2025,,,
NAT-WGS-25-0724,Eastern Cape,Buffalo City MM,East Bank Wastewater Treatment Works,9/9/2025,,,
NAT-WGS-25-0725,Eastern Cape,Buffalo City MM,Mdantsane Wastewater Treatment Works,9/9/2025,,,
NAT-WGS-25-0726,Limpopo,Vhembe DM,Nancefield,9/9/2025,,,
NAT-WGS-25-0727,Limpopo,Vhembe DM,Musina WWTW (in town),9/9/2025,,,
NAT-WGS-25-0728,Western Cape,Cape Town MM,Zandvleit Wastewater Treatment Works,9/9/2025,,,
NAT-WGS-25-0729,Mpumalanga,Ehlanzeni DM,Kingstonvale,9/8/2025,,,
NAT-WGS-25-0730,Western Cape,Cape Town MM,Borcherds Quarry Wastewater Treatment Works,9/9/2025,,,
NAT-WGS-25-0731,KwaZulu-Natal,Ethekwini MM,Northern Wastewater Treatment Works (KZN),9/9/2025,,,
NAT-WGS-25-0732,KwaZulu-Natal,Ethekwini MM,Central Wastewater Treatment Works (KZN),9/9/2025,,,
NAT-WGS-25-0733,Gauteng,Ekurhuleni MM,Olifantsfontein,9/11/2025,,,
NAT-WGS-25-0734,Northern Cape,Frances Baard DM,Homevale Kimberley,9/10/2025,,,
NAT-WGS-25-0735,North West,Bojanala Platinum DM,Boitekong,9/10/2025,,,
NAT-WGS-25-0736,North West,Bojanala Platinum DM,Rustenburg Wastewater Treatment Works,9/10/2025,,,
NAT-WGS-25-0737,Eastern Cape,Nelson Mandela Bay MM,Kwanobuhle Wastewater Treatment Works,9/8/2025,,,
NAT-WGS-25-0738,Eastern Cape,Nelson Mandela Bay MM,Brickfield Pre-treatment Works,9/9/2025,,,
NAT-WGS-25-0739,Gauteng,Tshwane MM,Daspoort Wastewater Treatment Works,9/12/2025,,,
NAT-WGS-25-0740,Gauteng,Ekurhuleni MM,Olifantsfontein,9/15/2025,,,
NAT-WGS-25-0741,Gauteng,Tshwane MM,Daspoort Wastewater Treatment Works,9/16/2025,,,
NAT-WGS-25-0742,KwaZulu-Natal,Umkhanyakude DM,Manguzi Wastewater Treatment Plant,9/10/2025,,,
NAT-WGS-25-0743,KwaZulu-Natal,Umkhanyakude DM,Jozini Wastewater Treatment Plant,9/9/2025,,,
NAT-WGS-25-0744,Mpumalanga,Ehlanzeni DM,Komatipoort Sewage plant,9/15/2025,,,
NAT-WGS-25-0745,Gauteng,Johannesburg MM,Northern Wastewater Treatment Works (GP),9/16/2025,,,
NAT-WGS-25-0746,,,,,,,
NAT-WGS-25-0747,Mpumalanga,Ehlanzeni DM,Kingstonvale,9/15/2025,,,
NAT-WGS-25-0748,Eastern Cape,Buffalo City MM,East Bank Wastewater Treatment Works,9/16/2025,,,
NAT-WGS-25-0749,Eastern Cape,Buffalo City MM,Mdantsane Wastewater Treatment Works,9/16/2025,,,
NAT-WGS-25-0750,KwaZulu-Natal,Ethekwini MM,Northern Wastewater Treatment Works (KZN),9/16/2025,,,
NAT-WGS-25-0751,KwaZulu-Natal,Ethekwini MM,Central Wastewater Treatment Works (KZN),9/16/2025,,,
NAT-WGS-25-0752,Western Cape,Cape Town MM,Borcherds Quarry Wastewater Treatment Works,9/16/2025,,,
NAT-WGS-25-0753,Western Cape,Cape Town MM,Zandvleit Wastewater Treatment Works,9/16/2025,,,
NAT-WGS-25-0754,Gauteng,Ekurhuleni MM,ERWAT Vlakplaat Wastewater Treatment Works,9/16/2025,,,
NAT-WGS-25-0755,Gauteng,Ekurhuleni MM,Hartebeesfontein Waterworks,9/16/2025,,,
NAT-WGS-25-0756,Gauteng,Ekurhuleni MM,Olifantsfontein,9/18/2025,,,
NAT-WGS-25-0757,Free State,Mangaung MM,Bloemspruit Wastewater Treatment Works,9/16/2025,,,
NAT-WGS-25-0758,North West,Bojanala Platinum DM,Boitekong,9/17/2025,,,
NAT-WGS-25-0759,Northern Cape,Frances Baard DM,Homevale Kimberley,9/17/2025,,,
NAT-WGS-25-0760,Free State,Mangaung MM,Sterkwater Wastewater Treatment Works,9/16/2025,,,
NAT-WGS-25-0761,North West,Bojanala Platinum DM,Rustenburg Wastewater Treatment Works,9/17/2025,,,
NAT-WGS-25-0762,Gauteng,Tshwane MM,Daspoort Wastewater Treatment Works,9/19/2025,,,
NAT-WGS-25-0763,KwaZulu-Natal,Umkhanyakude DM,Jozini Wastewater Treatment Plant,9/16/2025,,,
NAT-WGS-25-0764,KwaZulu-Natal,Umkhanyakude DM,Manguzi Wastewater Treatment Plant,9/17/2025,,,
NAT-WGS-25-0765,Gauteng,Ekurhuleni MM,Olifantsfontein,9/22/2025,,,
NAT-WGS-25-0766,Gauteng,Tshwane MM,Daspoort Wastewater Treatment Works,9/23/2025,,,
NAT-WGS-25-0767,Gauteng,Ekurhuleni MM,Hartebeesfontein Waterworks,9/23/2025,,,
NAT-WGS-25-0768,Gauteng,Ekurhuleni MM,ERWAT Vlakplaat Wastewater Treatment Works,9/23/2025,,,
NAT-WGS-25-0769,Gauteng,Johannesburg MM,Northern Wastewater Treatment Works (GP),9/23/2025,,,
NAT-WGS-25-0770,Gauteng,Ekurhuleni MM,Olifantsfontein,9/25/2025,,,
NAT-WGS-25-0771,Free State,Mangaung MM,Bloemspruit Wastewater Treatment Works,9/23/2025,,,
NAT-WGS-25-0772,Free State,Mangaung MM,Sterkwater Wastewater Treatment Works,9/23/2025,,,
NAT-WGS-25-0773,Mpumalanga,Ehlanzeni DM,Kingstonvale,9/22/2025,,,
NAT-WGS-25-0774,Mpumalanga,Ehlanzeni DM,Komatipoort Sewage plant,9/22/2025,,,
NAT-WGS-25-0775,Gauteng,Tshwane MM,Daspoort Wastewater Treatment Works,9/26/2025,,,
NAT-WGS-25-0776,Eastern Cape,Buffalo City MM,Mdantsane Wastewater Treatment Works,9/23/2025,,,
NAT-WGS-25-0777,North West,Bojanala Platinum DM,Boitekong,9/25/2025,,,
NAT-WGS-25-0778,North West,Bojanala Platinum DM,Rustenburg Wastewater Treatment Works,9/23/2025,,,
NAT-WGS-25-0779,KwaZulu-Natal,Ethekwini MM,Central Wastewater Treatment Works (KZN),9/23/2025,,,
NAT-WGS-25-0780,KwaZulu-Natal,Ethekwini MM,Northern Wastewater Treatment Works (KZN),9/23/2025,,,
NAT-WGS-25-0781,Western Cape,Cape Town MM,Borcherds Quarry Wastewater Treatment Works,9/23/2025,,,
NAT-WGS-25-0782,Western Cape,Cape Town MM,Zandvleit Wastewater Treatment Works,9/23/2025,,,
NAT-WGS-25-0783,,,,,,,
NAT-WGS-25-0784,Gauteng,Tshwane MM,Daspoort Wastewater Treatment Works,9/30/2025,,,
NAT-WGS-25-0785,KwaZulu-Natal,Umkhanyakude DM,Jozini Wastewater Treatment Plant,9/23/2025,,,
NAT-WGS-25-0786,Gauteng,Tshwane MM,Rooiwal Wastewater Treatment Works,9/10/2025,,,
NAT-WGS-25-0787,Gauteng,Johannesburg MM,Northern Wastewater Treatment Works (GP),9/30/2025,,,
NAT-WGS-25-0788,Gauteng,Ekurhuleni MM,ERWAT Vlakplaat Wastewater Treatment Works,9/30/2025,,,
NAT-WGS-25-0789,Western Cape,Cape Town MM,Zandvleit Wastewater Treatment Works,9/30/2025,,,
NAT-WGS-25-0790,Western Cape,Cape Town MM,Borcherds Quarry Wastewater Treatment Works,9/30/2025,,,
NAT-WGS-25-0791,Mpumalanga,Ehlanzeni DM,Komatipoort Sewage plant,9/29/2025,,,
NAT-WGS-25-0792,Limpopo,Vhembe DM,Nancefield,9/30/2025,,,
NAT-WGS-25-0793,Limpopo,Vhembe DM,Musina WWTW (in town),9/30/2025,,,
NAT-WGS-25-0794,Free State,Mangaung MM,Bloemspruit Wastewater Treatment Works,9/30/2025,,,
NAT-WGS-25-0795,Free State,Mangaung MM,Sterkwater Wastewater Treatment Works,9/30/2025,,,
NAT-WGS-25-0796,KwaZulu-Natal,Ethekwini MM,Central Wastewater Treatment Works (KZN),9/30/2025,,,
NAT-WGS-25-0797,Gauteng,Johannesburg MM,Goudkoppies Wastewater Treatment Works,10/1/2025,,,
NAT-WGS-25-0798,Eastern Cape,Buffalo City MM,Mdantsane Wastewater Treatment Works,9/30/2025,,,
NAT-WGS-25-0799,Gauteng,Tshwane MM,Rooiwal Wastewater Treatment Works,9/23/2025,,,
NAT-WGS-25-0800,Gauteng,Tshwane MM,Rooiwal Wastewater Treatment Works,10/1/2025,,,
NAT-WGS-25-0801,Gauteng,Ekurhuleni MM,Hartebeesfontein Waterworks,9/30/2025,,,
NAT-WGS-25-0802,Gauteng,Ekurhuleni MM,Olifantsfontein,10/2/2025,,,
NAT-WGS-25-0803,Mpumalanga,Ehlanzeni DM,Kingstonvale,9/29/2025,,,
NAT-WGS-25-0804,North West,Bojanala Platinum DM,Boitekong,10/1/2025,,,
NAT-WGS-25-0805,North West,Bojanala Platinum DM,Rustenburg Wastewater Treatment Works,10/1/2025,,,
NAT-WGS-25-0806,Gauteng,Tshwane MM,Daspoort Wastewater Treatment Works,10/3/2025,,,
NAT-WGS-25-0807,Gauteng,Ekurhuleni MM,Olifantsfontein,10/6/2025,,,
NAT-WGS-25-0808,KwaZulu-Natal,Umkhanyakude DM,Jozini Wastewater Treatment Plant,9/29/2025,,,
NAT-WGS-25-0809,Gauteng,Tshwane MM,Daspoort Wastewater Treatment Works,10/7/2025,,,
NAT-WGS-25-0810,Mpumalanga,Ehlanzeni DM,Komatipoort Sewage plant,10/6/2025,,,
NAT-WGS-25-0811,Gauteng,Ekurhuleni MM,Hartebeesfontein Waterworks,10/7/2025,,,
NAT-WGS-25-0812,Gauteng,Johannesburg MM,Northern Wastewater Treatment Works (GP),10/7/2025,,,
NAT-WGS-25-0813,Gauteng,Ekurhuleni MM,ERWAT Vlakplaat Wastewater Treatment Works,10/7/2025,,,
NAT-WGS-25-0814,Gauteng,Johannesburg MM,Goudkoppies Wastewater Treatment Works,10/8/2025,,,
NAT-WGS-25-0815,Limpopo,Vhembe DM,Musina WWTW (in town),10/7/2025,,,
NAT-WGS-25-0816,Limpopo,Vhembe DM,Nancefield,10/7/2025,,,
NAT-WGS-25-0817,KwaZulu-Natal,Umkhanyakude DM,Manguzi Wastewater Treatment Plant,10/1/2025,,,
NAT-WGS-25-0818,Western Cape,Cape Town MM,Zandvleit Wastewater Treatment Works,10/7/2025,,,
NAT-WGS-25-0819,Free State,Mangaung MM,Sterkwater Wastewater Treatment Works,10/7/2025,,,
NAT-WGS-25-0820,Mpumalanga,Ehlanzeni DM,Kingstonvale,10/6/2025,,,
NAT-WGS-25-0821,Free State,Mangaung MM,Bloemspruit Wastewater Treatment Works,10/7/2025,,,
NAT-WGS-25-0822,Western Cape,Cape Town MM,Borcherds Quarry Wastewater Treatment Works,10/7/2025,,,
NAT-WGS-25-0823,KwaZulu-Natal,Ethekwini MM,Central Wastewater Treatment Works (KZN),10/7/2025,,,
NAT-WGS-25-0824,KwaZulu-Natal,Ethekwini MM,Northern Wastewater Treatment Works (KZN),10/7/2025,,,
NAT-WGS-25-0825,Eastern Cape,Buffalo City MM,Mdantsane Wastewater Treatment Works,10/7/2025,,,
NAT-WGS-25-0826,Gauteng,Tshwane MM,Rooiwal Wastewater Treatment Works,10/8/2025,,,
NAT-WGS-25-0827,Gauteng,Ekurhuleni MM,Olifantsfontein,10/9/2025,,,
NAT-WGS-25-0828,North West,Bojanala Platinum DM,Rustenburg Wastewater Treatment Works,10/8/2025,,,
NAT-WGS-25-0829,North West,Bojanala Platinum DM,Boitekong,10/8/2025,,,
NAT-WGS-25-0830,,,,,,,
NAT-WGS-25-0831,KwaZulu-Natal,Umkhanyakude DM,Jozini Wastewater Treatment Plant,10/7/2025,,,
NAT-WGS-25-0832,,,,,,,
NAT-WGS-25-0833,,,,,,,
NAT-WGS-25-0834,Gauteng,Ekurhuleni MM,ERWAT Vlakplaat Wastewater Treatment Works,10/14/2025,,,
NAT-WGS-25-0835,Gauteng,Ekurhuleni MM,Hartebeesfontein Waterworks,10/14/2025,,,
NAT-WGS-25-0836,Gauteng,Johannesburg MM,Northern Wastewater Treatment Works (GP),10/14/2025,,,
NAT-WGS-25-0837,Gauteng,Johannesburg MM,Goudkoppies Wastewater Treatment Works,10/15/2025,,,
NAT-WGS-25-0838,Free State,Mangaung MM,Sterkwater Wastewater Treatment Works,10/14/2025,,,
NAT-WGS-25-0839,Free State,Mangaung MM,Bloemspruit Wastewater Treatment Works,10/14/2025,,,
NAT-WGS-25-0840,Western Cape,Cape Town MM,Borcherds Quarry Wastewater Treatment Works,10/14/2025,,,
NAT-WGS-25-0841,Western Cape,Cape Town MM,Zandvleit Wastewater Treatment Works,10/14/2025,,,
NAT-WGS-25-0842,Mpumalanga,Ehlanzeni DM,Kingstonvale,10/13/2025,,,
NAT-WGS-25-0843,Mpumalanga,Ehlanzeni DM,Komatipoort Sewage plant,10/13/2025,,,
NAT-WGS-25-0844,KwaZulu-Natal,Ethekwini MM,Central Wastewater Treatment Works (KZN),10/14/2025,,,
NAT-WGS-25-0845,KwaZulu-Natal,Ethekwini MM,Northern Wastewater Treatment Works (KZN),10/14/2025,,,
NAT-WGS-25-0846,Gauteng,Ekurhuleni MM,Olifantsfontein,10/16/2025,,,
NAT-WGS-25-0847,Eastern Cape,Buffalo City MM,Mdantsane Wastewater Treatment Works,10/14/2025,,,
NAT-WGS-25-0848,Eastern Cape,Nelson Mandela Bay MM,Kwanobuhle Wastewater Treatment Works,10/6/2025,,,
NAT-WGS-25-0849,North West,Bojanala Platinum DM,Rustenburg Wastewater Treatment Works,10/15/2025,,,
NAT-WGS-25-0850,North West,Bojanala Platinum DM,Boitekong,10/15/2025,,,
NAT-WGS-25-0851,Limpopo,Vhembe DM,Nancefield,10/15/2025,,,
NAT-WGS-25-0852,Limpopo,Vhembe DM,Musina WWTW (in town),10/15/2025,,,
NAT-WGS-25-0853,,,,,,,
NAT-WGS-25-0854,KwaZulu-Natal,Umkhanyakude DM,Manguzi Wastewater Treatment Plant,10/15/2025,,,
NAT-WGS-25-0855,KwaZulu-Natal,Umkhanyakude DM,Jozini Wastewater Treatment Plant,10/14/2025,,,
NAT-WGS-25-0856,Gauteng,Tshwane MM,Rooiwal Wastewater Treatment Works,10/15/2025,,,
NAT-WGS-25-0857,Gauteng,Ekurhuleni MM,Olifantsfontein,10/20/2025,,,
NAT-WGS-25-0858,,,,,,,
NAT-WGS-25-0859,Gauteng,Johannesburg MM,Northern Wastewater Treatment Works (GP),10/21/2025,,,
NAT-WGS-25-0860,Gauteng,Ekurhuleni MM,Hartebeesfontein Waterworks,10/21/2025,,,
NAT-WGS-25-0861,Gauteng,Johannesburg MM,Goudkoppies Wastewater Treatment Works,10/22/2025,,,
NAT-WGS-25-0862,Free State,Mangaung MM,Sterkwater Wastewater Treatment Works,10/21/2025,,,
NAT-WGS-25-0863,Mpumalanga,Ehlanzeni DM,Komatipoort Sewage plant,10/20/2025,,,
NAT-WGS-25-0864,Western Cape,Cape Town MM,Zandvleit Wastewater Treatment Works,10/21/2025,,,
NAT-WGS-25-0865,Free State,Mangaung MM,Bloemspruit Wastewater Treatment Works,10/21/2025,,,
NAT-WGS-25-0866,Limpopo,Vhembe DM,Nancefield,10/21/2025,,,
NAT-WGS-25-0867,Limpopo,Vhembe DM,Musina WWTW (in town),10/21/2025,,,
NAT-WGS-25-0868,Western Cape,Cape Town MM,Borcherds Quarry Wastewater Treatment Works,10/21/2025,,,
NAT-WGS-25-0869,KwaZulu-Natal,Ethekwini MM,Central Wastewater Treatment Works (KZN),10/21/2025,,,
NAT-WGS-25-0870,KwaZulu-Natal,Ethekwini MM,Northern Wastewater Treatment Works (KZN),10/21/2025,,,
NAT-WGS-25-0871,Mpumalanga,Ehlanzeni DM,Kingstonvale,10/20/2025,,,
NAT-WGS-25-0872,Eastern Cape,Buffalo City MM,Mdantsane Wastewater Treatment Works,10/21/2025,,,
NAT-WGS-25-0873,Eastern Cape,Buffalo City MM,East Bank Wastewater Treatment Works,10/21/2025,,,
NAT-WGS-25-0874,Gauteng,Ekurhuleni MM,Olifantsfontein,10/23/2025,,,
NAT-WGS-25-0875,North West,Bojanala Platinum DM,Rustenburg Wastewater Treatment Works,10/22/2025,,,
NAT-WGS-25-0876,North West,Bojanala Platinum DM,Boitekong,10/22/2025,,,
NAT-WGS-25-0877,KwaZulu-Natal,Umkhanyakude DM,Jozini Wastewater Treatment Plant,10/21/2025,,,
NAT-WGS-25-0878,Gauteng,Ekurhuleni MM,ERWAT Vlakplaat Wastewater Treatment Works,10/21/2025,,,
NAT-WGS-25-0879,,,,,,,
NAT-WGS-25-0880,,,,,,,
NAT-WGS-25-0881,Northern Cape,Frances Baard DM,Homevale Kimberley,10/24/2025,,,
NAT-WGS-25-0882,Gauteng,Tshwane MM,Rooiwal Wastewater Treatment Works,10/22/2025,,,
NAT-WGS-25-0883,Gauteng,Tshwane MM,Daspoort Wastewater Treatment Works,10/28/2025,,,
NAT-WGS-25-0884,Mpumalanga,Ehlanzeni DM,Komatipoort Sewage plant,10/27/2025,,,
NAT-WGS-25-0885,Gauteng,Ekurhuleni MM,Hartebeesfontein Waterworks,10/28/2025,,,
NAT-WGS-25-0886,Gauteng,Ekurhuleni MM,ERWAT Vlakplaat Wastewater Treatment Works,10/28/2025,,,
NAT-WGS-25-0887,Gauteng,Johannesburg MM,Northern Wastewater Treatment Works (GP),10/28/2025,,,
NAT-WGS-25-0888,Gauteng,Johannesburg MM,Goudkoppies Wastewater Treatment Works,10/29/2025,,,
NAT-WGS-25-0889,Western Cape,Cape Town MM,Borcherds Quarry Wastewater Treatment Works,10/28/2025,,,
NAT-WGS-25-0890,Western Cape,Cape Town MM,Zandvleit Wastewater Treatment Works,10/28/2025,,,
NAT-WGS-25-0891,Eastern Cape,Buffalo City MM,Mdantsane Wastewater Treatment Works,10/28/2025,,,
NAT-WGS-25-0892,Eastern Cape,Buffalo City MM,East Bank Wastewater Treatment Works,10/28/2025,,,
NAT-WGS-25-0893,Free State,Mangaung MM,Sterkwater Wastewater Treatment Works,10/28/2025,,,
NAT-WGS-25-0894,Free State,Mangaung MM,Bloemspruit Wastewater Treatment Works,10/28/2025,,,
NAT-WGS-25-0895,Mpumalanga,Ehlanzeni DM,Kingstonvale,10/27/2025,,,
NAT-WGS-25-0896,KwaZulu-Natal,Ethekwini MM,Central Wastewater Treatment Works (KZN),10/28/2025,,,
NAT-WGS-25-0897,Gauteng,Ekurhuleni MM,Olifantsfontein,10/30/2025,,,
NAT-WGS-25-0898,Northern Cape,Frances Baard DM,Homevale Kimberley,10/29/2025,,,
NAT-WGS-25-0899,North West,Bojanala Platinum DM,Rustenburg Wastewater Treatment Works,10/29/2025,,,
NAT-WGS-25-0900,North West,Bojanala Platinum DM,Boitekong,10/29/2025,,,
NAT-WGS-25-0901,,,,,,,
NAT-WGS-25-0902,KwaZulu-Natal,Umkhanyakude DM,Manguzi Wastewater Treatment Plant,10/29/2025,,,
NAT-WGS-25-0903,KwaZulu-Natal,Umkhanyakude DM,Jozini Wastewater Treatment Plant,10/28/2025,,,
NAT-WGS-25-0904,Gauteng,Ekurhuleni MM,Olifantsfontein,11/3/2025,,,
NAT-WGS-25-0905,Gauteng,Tshwane MM,Rooiwal Wastewater Treatment Works,10/29/2025,,,
NAT-WGS-25-0906,Gauteng,Tshwane MM,Daspoort Wastewater Treatment Works,11/4/2025,,,
NAT-WGS-25-0907,Mpumalanga,Ehlanzeni DM,Komatipoort Sewage plant,11/3/2025,,,
NAT-WGS-25-0908,Gauteng,Johannesburg MM,Northern Wastewater Treatment Works (GP),11/4/2025,,,
NAT-WGS-25-0909,Mpumalanga,Ehlanzeni DM,Kingstonvale,11/3/2025,,,
NAT-WGS-25-0910,Free State,Mangaung MM,Bloemspruit Wastewater Treatment Works,11/4/2025,,,
NAT-WGS-25-0911,Free State,Mangaung MM,Sterkwater Wastewater Treatment Works,11/4/2025,,,
NAT-WGS-25-0912,Limpopo,Vhembe DM,Musina WWTW (in town),11/4/2025,,,
NAT-WGS-25-0913,Limpopo,Vhembe DM,Nancefield,11/4/2025,,,
NAT-WGS-25-0914,KwaZulu-Natal,Ethekwini MM,Northern Wastewater Treatment Works (KZN),11/4/2025,,,
NAT-WGS-25-0915,KwaZulu-Natal,Ethekwini MM,Central Wastewater Treatment Works (KZN),11/4/2025,,,
NAT-WGS-25-0916,Gauteng,Ekurhuleni MM,ERWAT Vlakplaat Wastewater Treatment Works,11/4/2025,,,
NAT-WGS-25-0917,Gauteng,Johannesburg MM,Goudkoppies Wastewater Treatment Works,11/5/2025,,,
NAT-WGS-25-0918,Western Cape,Cape Town MM,Borcherds Quarry Wastewater Treatment Works,11/4/2025,,,
NAT-WGS-25-0919,Western Cape,Cape Town MM,Zandvleit Wastewater Treatment Works,11/4/2025,,,
NAT-WGS-25-0920,Eastern Cape,Buffalo City MM,East Bank Wastewater Treatment Works,11/4/2025,,,
NAT-WGS-25-0921,Eastern Cape,Buffalo City MM,Mdantsane Wastewater Treatment Works,11/4/2025,,,
NAT-WGS-25-0922,Gauteng,Tshwane MM,Rooiwal Wastewater Treatment Works,11/5/2025,,,
NAT-WGS-25-0923,Gauteng,Ekurhuleni MM,Olifantsfontein,11/6/2025,,,
NAT-WGS-25-0924,North West,Bojanala Platinum DM,Boitekong,11/5/2025,,,
NAT-WGS-25-0925,North West,Bojanala Platinum DM,Rustenburg Wastewater Treatment Works,11/5/2025,,,
NAT-WGS-25-0926,Northern Cape,Frances Baard DM,Homevale Kimberley,11/5/2025,,,
NAT-WGS-25-0927,Eastern Cape,Nelson Mandela Bay MM,Kwanobuhle Wastewater Treatment Works,11/3/2025,,,
NAT-WGS-25-0928,Gauteng,Tshwane MM,Daspoort Wastewater Treatment Works,11/7/2025,,,
NAT-WGS-25-0929,Gauteng,Ekurhuleni MM,Hartebeesfontein Waterworks,11/4/2025,,,
NAT-WGS-25-0930,KwaZulu-Natal,Umkhanyakude DM,Jozini Wastewater Treatment Plant,11/4/2025,,,
NAT-WGS-25-0931,Gauteng,Ekurhuleni MM,Olifantsfontein,11/10/2025,,,
NAT-WGS-25-0932,Gauteng,Tshwane MM,Daspoort Wastewater Treatment Works,11/11/2025,,,
NAT-WGS-25-0933,Mpumalanga,Ehlanzeni DM,Komatipoort Sewage plant,11/10/2025,,,
NAT-WGS-25-0934,Gauteng,Ekurhuleni MM,Hartebeesfontein Waterworks,11/11/2025,,,
NAT-WGS-25-0935,Gauteng,Johannesburg MM,Northern Wastewater Treatment Works (GP),11/11/2025,,,
NAT-WGS-25-0936,Gauteng,Johannesburg MM,Goudkoppies Wastewater Treatment Works,11/12/2025,,,
NAT-WGS-25-0937,Gauteng,Ekurhuleni MM,ERWAT Vlakplaat Wastewater Treatment Works,11/11/2025,,,
NAT-WGS-25-0938,Mpumalanga,Ehlanzeni DM,Kingstonvale,11/10/2025,,,
NAT-WGS-25-0939,Western Cape,Cape Town MM,Zandvleit Wastewater Treatment Works,11/11/2025,,,
NAT-WGS-25-0940,Free State,Mangaung MM,Bloemspruit Wastewater Treatment Works,11/11/2025,,,
NAT-WGS-25-0941,KwaZulu-Natal,Ethekwini MM,Northern Wastewater Treatment Works (KZN),11/11/2025,,,
NAT-WGS-25-0942,KwaZulu-Natal,Ethekwini MM,Central Wastewater Treatment Works (KZN),11/11/2025,,,
NAT-WGS-25-0943,Limpopo,Vhembe DM,Nancefield,11/11/2025,,,
NAT-WGS-25-0944,Limpopo,Vhembe DM,Musina WWTW (in town),11/11/2025,,,
NAT-WGS-25-0945,Free State,Mangaung MM,Sterkwater Wastewater Treatment Works,11/11/2025,,,
NAT-WGS-25-0946,Western Cape,Cape Town MM,Borcherds Quarry Wastewater Treatment Works,11/11/2025,,,
NAT-WGS-25-0947,Eastern Cape,Buffalo City MM,Mdantsane Wastewater Treatment Works,11/11/2025,,,
NAT-WGS-25-0948,Eastern Cape,Buffalo City MM,East Bank Wastewater Treatment Works,11/11/2025,,,
NAT-WGS-25-0949,Gauteng,Ekurhuleni MM,Olifantsfontein,11/13/2025,,,
NAT-WGS-25-0950,North West,Bojanala Platinum DM,Boitekong,11/12/2025,,,
NAT-WGS-25-0951,North West,Bojanala Platinum DM,Rustenburg Wastewater Treatment Works,11/12/2025,,,
NAT-WGS-25-0952,Northern Cape,Frances Baard DM,Homevale Kimberley,11/12/2025,,,
NAT-WGS-25-0953,Gauteng,Tshwane MM,Daspoort Wastewater Treatment Works,11/14/2025,,,
NAT-WGS-25-0954,KwaZulu-Natal,Umkhanyakude DM,Manguzi Wastewater Treatment Plant,11/12/2025,,,
NAT-WGS-25-0955,Gauteng,Ekurhuleni MM,Olifantsfontein,11/17/2025,,,
NAT-WGS-25-0956,Gauteng,Tshwane MM,Daspoort Wastewater Treatment Works,11/18/2025,,,
NAT-WGS-25-0957,Mpumalanga,Ehlanzeni DM,Komatipoort Sewage plant,11/17/2025,,,
NAT-WGS-25-0958,Gauteng,Ekurhuleni MM,Hartebeesfontein Waterworks,11/18/2025,,,
NAT-WGS-25-0959,Gauteng,Johannesburg MM,Northern Wastewater Treatment Works (GP),11/18/2025,,,
NAT-WGS-25-0960,Free State,Mangaung MM,Bloemspruit Wastewater Treatment Works,11/18/2025,,,
NAT-WGS-25-0961,Free State,Mangaung MM,Sterkwater Wastewater Treatment Works,11/18/2025,,,
NAT-WGS-25-0962,Mpumalanga,Ehlanzeni DM,Kingstonvale,11/17/2025,,,
NAT-WGS-25-0963,KwaZulu-Natal,Ethekwini MM,Central Wastewater Treatment Works (KZN),11/18/2025,,,
NAT-WGS-25-0964,KwaZulu-Natal,Ethekwini MM,Northern Wastewater Treatment Works (KZN),11/18/2025,,,
NAT-WGS-25-0965,Eastern Cape,Buffalo City MM,East Bank Wastewater Treatment Works,11/18/2025,,,
NAT-WGS-25-0966,Eastern Cape,Buffalo City MM,Mdantsane Wastewater Treatment Works,11/18/2025,,,
NAT-WGS-25-0967,Western Cape,Cape Town MM,Borcherds Quarry Wastewater Treatment Works,11/18/2025,,,
NAT-WGS-25-0968,Western Cape,Cape Town MM,Zandvleit Wastewater Treatment Works,11/18/2025,,,
NAT-WGS-25-0969,Limpopo,Vhembe DM,Musina WWTW (in town),11/18/2025,,,
NAT-WGS-25-0970,Limpopo,Vhembe DM,Nancefield,11/18/2025,,,
NAT-WGS-25-0971,Gauteng,Johannesburg MM,Goudkoppies Wastewater Treatment Works,11/19/2025,,,
NAT-WGS-25-0972,,,,,,,
NAT-WGS-25-0973,North West,Bojanala Platinum DM,Rustenburg Wastewater Treatment Works,11/18/2025,,,
NAT-WGS-25-0974,North West,Bojanala Platinum DM,Boitekong,11/19/2025,,,
NAT-WGS-25-0975,Gauteng,Tshwane MM,Daspoort Wastewater Treatment Works,11/21/2025,,,
NAT-WGS-25-0976,Gauteng,Ekurhuleni MM,ERWAT Vlakplaat Wastewater Treatment Works,11/18/2025,,,
NAT-WGS-25-0977,KwaZulu-Natal,Umkhanyakude DM,Manguzi Wastewater Treatment Plant,11/19/2025,,,
NAT-WGS-25-0978,KwaZulu-Natal,Umkhanyakude DM,Jozini Wastewater Treatment Plant,11/18/2025,,,
NAT-WGS-25-0979,Northern Cape,Frances Baard DM,Homevale Kimberley,11/19/2025,,,
NAT-WGS-25-0980,Gauteng,Ekurhuleni MM,Olifantsfontein,11/24/2025,,,
NAT-WGS-25-0981,Gauteng,Tshwane MM,Daspoort Wastewater Treatment Works,11/25/2025,,,
NAT-WGS-25-0982,,,,,,,
NAT-WGS-25-0983,,,,,,,
NAT-WGS-25-0984,,,,,,,
NAT-WGS-25-0985,,,,,,,
NAT-WGS-25-0986,Gauteng,Ekurhuleni MM,Olifantsfontein,11/26/2025,,,
NAT-WGS-25-0987,Gauteng,Johannesburg MM,Goudkoppies Wastewater Treatment Works,11/27/2025,,,
NAT-WGS-25-0988,Mpumalanga,Ehlanzeni DM,Kingstonvale,11/24/2025,,,
NAT-WGS-25-0989,Northern Cape,Frances Baard DM,Homevale Kimberley,11/25/2025,,,
NAT-WGS-25-0990,KwaZulu-Natal,Ethekwini MM,Central Wastewater Treatment Works (KZN),11/25/2025,,,
NAT-WGS-25-0991,KwaZulu-Natal,Ethekwini MM,Northern Wastewater Treatment Works (KZN),11/25/2025,,,
NAT-WGS-25-0992,Eastern Cape,Buffalo City MM,East Bank Wastewater Treatment Works,11/25/2025,,,
NAT-WGS-25-0993,Eastern Cape,Buffalo City MM,Mdantsane Wastewater Treatment Works,11/25/2025,,,
NAT-WGS-25-0994,,,,,,,
NAT-WGS-25-0995,North West,Bojanala Platinum DM,Boitekong,11/26/2025,,,
NAT-WGS-25-0996,Free State,Mangaung MM,Bloemspruit Wastewater Treatment Works,11/25/2025,,,
NAT-WGS-25-0997,Free State,Mangaung MM,Sterkwater Wastewater Treatment Works,11/25/2025,,,
NAT-WGS-25-0998,Western Cape,Cape Town MM,Zandvleit Wastewater Treatment Works,11/25/2025,,,
NAT-WGS-25-0999,Western Cape,Cape Town MM,Borcherds Quarry Wastewater Treatment Works,11/25/2025,,,
NAT-WGS-25-1000,KwaZulu-Natal,Umkhanyakude DM,Jozini Wastewater Treatment Plant,11/25/2025,,,
NAT-WGS-25-1001,Gauteng,Tshwane MM,Daspoort Wastewater Treatment Works,11/28/2025,,,
NAT-WGS-25-1002,Gauteng,Ekurhuleni MM,Olifantsfontein,12/1/2025,,,
NAT-WGS-25-1003,Gauteng,Tshwane MM,Daspoort Wastewater Treatment Works,12/2/2025,,,
NAT-WGS-25-1004,Gauteng,Johannesburg MM,Northern Wastewater Treatment Works (GP),12/2/2025,,,
NAT-WGS-25-1005,Gauteng,Ekurhuleni MM,Hartebeesfontein Waterworks,12/2/2025,,,
NAT-WGS-25-1006,Gauteng,Ekurhuleni MM,ERWAT Vlakplaat Wastewater Treatment Works,12/2/2025,,,
NAT-WGS-25-1007,Gauteng,Johannesburg MM,Goudkoppies Wastewater Treatment Works,12/3/2025,,,
NAT-WGS-25-1008,Mpumalanga,Ehlanzeni DM,Kingstonvale,12/2/2025,,,
NAT-WGS-25-1009,KwaZulu-Natal,Ethekwini MM,Northern Wastewater Treatment Works (KZN),12/2/2025,,,
NAT-WGS-25-1010,KwaZulu-Natal,Ethekwini MM,Central Wastewater Treatment Works (KZN),12/2/2025,,,
NAT-WGS-25-1011,Free State,Mangaung MM,Bloemspruit Wastewater Treatment Works,12/2/2025,,,
NAT-WGS-25-1012,Free State,Mangaung MM,Sterkwater Wastewater Treatment Works,12/2/2025,,,
NAT-WGS-25-1013,Limpopo,Vhembe DM,Musina WWTW (in town),12/2/2025,,,
NAT-WGS-25-1014,Limpopo,Vhembe DM,Nancefield,12/2/2025,,,
NAT-WGS-25-1015,Western Cape,Cape Town MM,Borcherds Quarry Wastewater Treatment Works,12/2/2025,,,
NAT-WGS-25-1016,Western Cape,Cape Town MM,Zandvleit Wastewater Treatment Works,12/2/2025,,,
NAT-WGS-25-1017,Gauteng,Ekurhuleni MM,Olifantsfontein,12/4/2025,,,
NAT-WGS-25-1018,Eastern Cape,Buffalo City MM,East Bank Wastewater Treatment Works,12/2/2025,,,
NAT-WGS-25-1019,Eastern Cape,Buffalo City MM,Mdantsane Wastewater Treatment Works,12/2/2025,,,
NAT-WGS-25-1020,North West,Bojanala Platinum DM,Rustenburg Wastewater Treatment Works,12/3/2025,,,
NAT-WGS-25-1021,North West,Bojanala Platinum DM,Boitekong,12/3/2025,,,
NAT-WGS-25-1022,Northern Cape,Frances Baard DM,Homevale Kimberley,12/3/2025,,,
NAT-WGS-25-1023,KwaZulu-Natal,Umkhanyakude DM,Manguzi Wastewater Treatment Plant,12/3/2025,,,
NAT-WGS-25-1024,KwaZulu-Natal,Umkhanyakude DM,Jozini Wastewater Treatment Plant,12/2/2025,,,
NAT-WGS-25-1025,,,,,,,
NAT-WGS-25-1026,Gauteng,Tshwane MM,Daspoort Wastewater Treatment Works,12/9/2025,,,
NAT-WGS-25-1027,Gauteng,Johannesburg MM,Northern Wastewater Treatment Works (GP),12/9/2025,,,
NAT-WGS-25-1028,Mpumalanga,Ehlanzeni DM,Kingstonvale,12/9/2025,,,
NAT-WGS-25-1029,Mpumalanga,Ehlanzeni DM,Komatipoort Sewage plant,12/8/2025,,,
NAT-WGS-25-1030,KwaZulu-Natal,Ethekwini MM,Central Wastewater Treatment Works (KZN),12/9/2025,,,
NAT-WGS-25-1031,KwaZulu-Natal,Ethekwini MM,Northern Wastewater Treatment Works (KZN),12/9/2025,,,
NAT-WGS-25-1032,Western Cape,Cape Town MM,Borcherds Quarry Wastewater Treatment Works,12/9/2025,,,
NAT-WGS-25-1033,Western Cape,Cape Town MM,Zandvleit Wastewater Treatment Works,12/9/2025,,,
NAT-WGS-25-1034,Eastern Cape,Buffalo City MM,Mdantsane Wastewater Treatment Works,12/9/2025,,,
NAT-WGS-25-1035,Eastern Cape,Buffalo City MM,East Bank Wastewater Treatment Works,12/9/2025,,,
NAT-WGS-25-1036,Free State,Mangaung MM,Bloemspruit Wastewater Treatment Works,12/9/2025,,,
NAT-WGS-25-1037,North West,Bojanala Platinum DM,Boitekong,12/10/2025,,,
NAT-WGS-25-1038,North West,Bojanala Platinum DM,Rustenburg Wastewater Treatment Works,12/10/2025,,,
NAT-WGS-25-1039,Northern Cape,Frances Baard DM,Homevale Kimberley,12/10/2025,,,
NAT-WGS-25-1040,Gauteng,Tshwane MM,Rooiwal Wastewater Treatment Works,12/10/2025,,,
NAT-WGS-25-1041,Gauteng,Johannesburg MM,Goudkoppies Wastewater Treatment Works,12/10/2025,,,
NAT-WGS-25-1042,Gauteng,Ekurhuleni MM,Hartebeesfontein Waterworks,12/9/2025,,,
NAT-WGS-25-1043,Gauteng,Ekurhuleni MM,ERWAT Vlakplaat Wastewater Treatment Works,12/9/2025,,,
NAT-WGS-25-1044,,,,,,,
NAT-WGS-25-1045,Gauteng,Tshwane MM,Daspoort Wastewater Treatment Works,12/12/2025,,,
NAT-WGS-25-1046,Free State,Mangaung MM,Sterkwater Wastewater Treatment Works,12/9/2025,,,
NAT-WGS-25-1047,KwaZulu-Natal,Umkhanyakude DM,Manguzi Wastewater Treatment Plant,12/10/2025,,,
NAT-WGS-25-1048,Gauteng,Ekurhuleni MM,Olifantsfontein,12/15/2025,,,
NAT-WGS-25-1049,,,,,,,
NAT-WGS-25-1050,Gauteng,Ekurhuleni MM,Olifantsfontein,12/18/2025,,,
NAT-WGS-25-1051,KwaZulu-Natal,Umkhanyakude DM,Jozini Wastewater Treatment Plant,12/9/2025,,,
NAT-WGS-25-1052,Gauteng,Ekurhuleni MM,Olifantsfontein,12/18/2025,,,
NAT-WGS-25-1053,Gauteng,Tshwane MM,Rooiwal Wastewater Treatment Works,12/19/2025,,,
NAT-WGS-25-1054,Mpumalanga,Ehlanzeni DM,Komatipoort Sewage plant,12/15/2025,,,
NAT-WGS-25-1055,Mpumalanga,Ehlanzeni DM,Komatipoort Sewage plant,12/22/2025,,,
NAT-WGS-25-1056,Mpumalanga,Ehlanzeni DM,Komatipoort Sewage plant,12/30/2025,,,
NAT-WGS-26-0001,Gauteng,Tshwane MM,Daspoort Wastewater Treatment Works,1/6/2026,,,
NAT-WGS-26-0002,Gauteng,Ekurhuleni MM,Hartebeesfontein Waterworks,1/6/2026,,,
NAT-WGS-26-0003,Gauteng,Johannesburg MM,Northern Wastewater Treatment Works (GP),1/6/2026,,,
NAT-WGS-26-0004,Gauteng,Ekurhuleni MM,ERWAT Vlakplaat Wastewater Treatment Works,1/6/2026,,,
NAT-WGS-26-0005,Free State,Mangaung MM,Bloemspruit Wastewater Treatment Works,1/6/2026,,,
NAT-WGS-26-0006,Free State,Mangaung MM,Sterkwater Wastewater Treatment Works,1/6/2026,,,
NAT-WGS-26-0007,Gauteng,Johannesburg MM,Goudkoppies Wastewater Treatment Works,1/7/2026,,,
NAT-WGS-26-0008,Eastern Cape,Buffalo City MM,Mdantsane Wastewater Treatment Works,1/6/2026,,,
NAT-WGS-26-0009,Eastern Cape,Buffalo City MM,East Bank Wastewater Treatment Works,1/6/2026,,,
NAT-WGS-26-0010,Gauteng,Ekurhuleni MM,Olifantsfontein,1/8/2026,,,
NAT-WGS-26-0011,Gauteng,Tshwane MM,Daspoort Wastewater Treatment Works,1/9/2026,,,
NAT-WGS-26-0012,Gauteng,Ekurhuleni MM,Olifantsfontein,1/12/2026,,,
NAT-WGS-26-0013,Gauteng,Tshwane MM,Daspoort Wastewater Treatment Works,1/13/2026,,,
NAT-WGS-26-0014,Gauteng,Ekurhuleni MM,Hartebeesfontein Waterworks,1/13/2026,,,
NAT-WGS-26-0015,Gauteng,Johannesburg MM,Northern Wastewater Treatment Works (GP),1/13/2026,,,
NAT-WGS-26-0016,Gauteng,Ekurhuleni MM,ERWAT Vlakplaat Wastewater Treatment Works,1/13/2026,,,
NAT-WGS-26-0017,Mpumalanga,Ehlanzeni DM,Komatipoort Sewage plant,1/12/2026,,,
NAT-WGS-26-0018,Free State,Mangaung MM,Bloemspruit Wastewater Treatment Works,1/13/2026,,,
NAT-WGS-26-0019,Western Cape,Cape Town MM,Borcherds Quarry Wastewater Treatment Works,1/13/2026,,,
NAT-WGS-26-0020,Western Cape,Cape Town MM,Zandvleit Wastewater Treatment Works,1/13/2026,,,
NAT-WGS-26-0021,Eastern Cape,Buffalo City MM,Mdantsane Wastewater Treatment Works,1/13/2026,,,
NAT-WGS-26-0022,Eastern Cape,Buffalo City MM,East Bank Wastewater Treatment Works,1/13/2026,,,
NAT-WGS-26-0023,KwaZulu-Natal,Ethekwini MM,Northern Wastewater Treatment Works (KZN),1/13/2026,,,
NAT-WGS-26-0024,KwaZulu-Natal,Ethekwini MM,Central Wastewater Treatment Works (KZN),1/13/2026,,,
NAT-WGS-26-0025,Gauteng,Johannesburg MM,Goudkoppies Wastewater Treatment Works,1/14/2026,,,
NAT-WGS-26-0026,Gauteng,Ekurhuleni MM,Olifantsfontein,1/15/2026,,,
NAT-WGS-26-0027,Gauteng,Tshwane MM,Daspoort Wastewater Treatment Works,1/16/2026,,,
NAT-WGS-26-0028,KwaZulu-Natal,Umkhanyakude DM,Jozini Wastewater Treatment Plant,1/6/2026,,,
NAT-WGS-26-0029,KwaZulu-Natal,Umkhanyakude DM,Manguzi Wastewater Treatment Plant,1/14/2026,,,
NAT-WGS-26-0030,North West,Bojanala Platinum DM,Rustenburg Wastewater Treatment Works,1/14/2026,,,
NAT-WGS-26-0031,North West,Bojanala Platinum DM,Boitekong,1/14/2026,,,
NAT-WGS-26-0032,Gauteng,Ekurhuleni MM,Olifantsfontein,1/19/2026,,,
NAT-WGS-26-0033,Gauteng,Tshwane MM,Rooiwal Wastewater Treatment Works,1/14/2026,,,
NAT-WGS-26-0034,Gauteng,Tshwane MM,Daspoort Wastewater Treatment Works,1/20/2026,,,
NAT-WGS-26-0035,Gauteng,Johannesburg MM,Northern Wastewater Treatment Works (GP),1/20/2026,,,
NAT-WGS-26-0036,Gauteng,Ekurhuleni MM,Hartebeesfontein Waterworks,1/20/2026,,,
NAT-WGS-26-0037,Gauteng,Ekurhuleni MM,ERWAT Vlakplaat Wastewater Treatment Works,1/20/2026,,,
NAT-WGS-26-0038,Gauteng,Johannesburg MM,Goudkoppies Wastewater Treatment Works,1/21/2026,,,
NAT-WGS-26-0039,KwaZulu-Natal,Ethekwini MM,Northern Wastewater Treatment Works (KZN),1/20/2026,,,
NAT-WGS-26-0040,KwaZulu-Natal,Ethekwini MM,Central Wastewater Treatment Works (KZN),1/20/2026,,,
NAT-WGS-26-0041,Free State,Mangaung MM,Bloemspruit Wastewater Treatment Works,1/20/2026,,,
NAT-WGS-26-0042,Western Cape,Cape Town MM,Borcherds Quarry Wastewater Treatment Works,1/20/2026,,,
NAT-WGS-26-0043,Free State,Mangaung MM,Sterkwater Wastewater Treatment Works,1/20/2026,,,
NAT-WGS-26-0044,Gauteng,Ekurhuleni MM,Olifantsfontein,1/22/2026,,,
NAT-WGS-26-0045,Western Cape,Cape Town MM,Zandvleit Wastewater Treatment Works,1/20/2026,,,
NAT-WGS-26-0046,Eastern Cape,Buffalo City MM,Mdantsane Wastewater Treatment Works,1/20/2026,,,
NAT-WGS-26-0047,Eastern Cape,Buffalo City MM,East Bank Wastewater Treatment Works,1/20/2026,,,
NAT-WGS-26-0048,Northern Cape,Frances Baard DM,Homevale Kimberley,1/21/2026,,,
NAT-WGS-26-0049,Gauteng,Tshwane MM,Daspoort Wastewater Treatment Works,1/23/2026,,,
NAT-WGS-26-0050,KwaZulu-Natal,Umkhanyakude DM,Jozini Wastewater Treatment Plant,1/13/2026,,,
NAT-WGS-26-0051,KwaZulu-Natal,Umkhanyakude DM,Jozini Wastewater Treatment Plant,1/20/2026,,,
NAT-WGS-26-0052,Gauteng,Ekurhuleni MM,Olifantsfontein,1/26/2026,,,
NAT-WGS-26-0053,Gauteng,Tshwane MM,Rooiwal Wastewater Treatment Works,1/21/2026,,,
NAT-WGS-26-0054,Gauteng,Tshwane MM,Daspoort Wastewater Treatment Works,1/27/2026,,,
NAT-WGS-26-0055,North West,Bojanala Platinum DM,Boitekong,1/21/2026,,,
NAT-WGS-26-0056,North West,Bojanala Platinum DM,Rustenburg Wastewater Treatment Works,1/21/2026,,,
NAT-WGS-26-0057,Gauteng,Ekurhuleni MM,ERWAT Vlakplaat Wastewater Treatment Works,1/27/2026,,,
NAT-WGS-26-0058,Gauteng,Johannesburg MM,Northern Wastewater Treatment Works (GP),1/27/2026,,,
NAT-WGS-26-0059,Gauteng,Ekurhuleni MM,Hartebeesfontein Waterworks,1/27/2026,,,
NAT-WGS-26-0060,Gauteng,Johannesburg MM,Goudkoppies Wastewater Treatment Works,1/28/2026,,,
NAT-WGS-26-0061,Free State,Mangaung MM,Sterkwater Wastewater Treatment Works,1/27/2026,,,
NAT-WGS-26-0062,Free State,Mangaung MM,Bloemspruit Wastewater Treatment Works,1/27/2026,,,
NAT-WGS-26-0063,Western Cape,Cape Town MM,Zandvleit Wastewater Treatment Works,1/27/2026,,,
NAT-WGS-26-0064,Western Cape,Cape Town MM,Borcherds Quarry Wastewater Treatment Works,1/27/2026,,,
NAT-WGS-26-0065,KwaZulu-Natal,Ethekwini MM,Northern Wastewater Treatment Works (KZN),1/27/2026,,,
NAT-WGS-26-0066,KwaZulu-Natal,Ethekwini MM,Central Wastewater Treatment Works (KZN),1/27/2026,,,
NAT-WGS-26-0067,Limpopo,Vhembe DM,Nancefield,1/27/2026,,,
NAT-WGS-26-0068,Limpopo,Vhembe DM,Musina WWTW (in town),1/27/2026,,,
NAT-WGS-26-0069,Eastern Cape,Buffalo City MM,East Bank Wastewater Treatment Works,1/27/2026,,,
NAT-WGS-26-0070,Eastern Cape,Buffalo City MM,Mdantsane Wastewater Treatment Works,1/27/2026,,,
NAT-WGS-26-0071,Gauteng,Tshwane MM,Rooiwal Wastewater Treatment Works,1/28/2026,,,
NAT-WGS-26-0072,Gauteng,Ekurhuleni MM,Olifantsfontein,1/29/2026,,,
NAT-WGS-26-0073,North West,Bojanala Platinum DM,Rustenburg Wastewater Treatment Works,1/28/2026,,,
NAT-WGS-26-0074,North West,Bojanala Platinum DM,Boitekong,1/28/2026,,,
NAT-WGS-26-0075,Mpumalanga,Ehlanzeni DM,Komatipoort Sewage plant,1/26/2026,,,
NAT-WGS-26-0076,Gauteng,Tshwane MM,Daspoort Wastewater Treatment Works,1/30/2026,,,
NAT-WGS-26-0077,KwaZulu-Natal,Umkhanyakude DM,Manguzi Wastewater Treatment Plant,1/28/2026,,,
NAT-WGS-26-0078,Gauteng,Ekurhuleni MM,Olifantsfontein,2/2/2026,,,
NAT-WGS-26-0079,KwaZulu-Natal,Umkhanyakude DM,Jozini Wastewater Treatment Plant,1/27/2026,,,
NAT-WGS-26-0080,Gauteng,Ekurhuleni MM,ERWAT Vlakplaat Wastewater Treatment Works,2/3/2026,,,
NAT-WGS-26-0081,Gauteng,Tshwane MM,Daspoort Wastewater Treatment Works,2/3/2026,,,
NAT-WGS-26-0082,Gauteng,Johannesburg MM,Northern Wastewater Treatment Works (GP),2/3/2026,,,
NAT-WGS-26-0083,Gauteng,Ekurhuleni MM,Hartebeesfontein Waterworks,2/3/2026,,,
NAT-WGS-26-0084,Gauteng,Ekurhuleni MM,Olifantsfontein,2/5/2026,,,
NAT-WGS-26-0085,Gauteng,Tshwane MM,Groenkloof,2/4/2026,,,
NAT-WGS-26-0086,Mpumalanga,Ehlanzeni DM,Komatipoort Sewage plant,2/2/2026,,,
NAT-WGS-26-0087,Western Cape,Cape Town MM,Borcherds Quarry Wastewater Treatment Works,2/3/2026,,,
NAT-WGS-26-0088,Western Cape,Cape Town MM,Zandvleit Wastewater Treatment Works,2/3/2026,,,
NAT-WGS-26-0089,Free State,Mangaung MM,Bloemspruit Wastewater Treatment Works,2/3/2026,,,
NAT-WGS-26-0090,Free State,Mangaung MM,Sterkwater Wastewater Treatment Works,2/3/2026,,,
NAT-WGS-26-0091,Eastern Cape,Buffalo City MM,East Bank Wastewater Treatment Works,2/4/2026,,,
NAT-WGS-26-0092,Eastern Cape,Buffalo City MM,Mdantsane Wastewater Treatment Works,2/3/2026,,,
NAT-WGS-26-0093,KwaZulu-Natal,Ethekwini MM,Northern Wastewater Treatment Works (KZN),2/3/2026,,,
NAT-WGS-26-0094,KwaZulu-Natal,Ethekwini MM,Central Wastewater Treatment Works (KZN),2/3/2026,,,
NAT-WGS-26-0095,Gauteng,Tshwane MM,Rooiwal Wastewater Treatment Works,2/4/2026,,,
NAT-WGS-26-0096,North West,Bojanala Platinum DM,Boitekong,2/4/2026,,,
NAT-WGS-26-0097,North West,Bojanala Platinum DM,Rustenburg Wastewater Treatment Works,2/4/2026,,,
NAT-WGS-26-0098,Limpopo,Vhembe DM,Musina WWTW (in town),2/4/2026,,,
NAT-WGS-26-0099,Limpopo,Vhembe DM,Nancefield,2/4/2026,,,
NAT-WGS-26-0100,Gauteng,Tshwane MM,Daspoort Wastewater Treatment Works,2/6/2026,,,
NAT-WGS-26-0101,KwaZulu-Natal,Umkhanyakude DM,Manguzi Wastewater Treatment Plant,2/4/2026,,,
NAT-WGS-26-0102,KwaZulu-Natal,Umkhanyakude DM,Jozini Wastewater Treatment Plant,2/3/2026,,,
NAT-WGS-26-0103,Gauteng,Ekurhuleni MM,Olifantsfontein,2/9/2026,,,
NAT-WGS-26-0104,Gauteng,Tshwane MM,Daspoort Wastewater Treatment Works,2/10/2026,,,
NAT-WGS-26-0105,Gauteng,Johannesburg MM,Northern Wastewater Treatment Works (GP),2/10/2026,,,
NAT-WGS-26-0106,Gauteng,Ekurhuleni MM,ERWAT Vlakplaat Wastewater Treatment Works,2/10/2026,,,
NAT-WGS-26-0107,Gauteng,Ekurhuleni MM,Hartebeesfontein Waterworks,2/10/2026,,,
NAT-WGS-26-0108,Gauteng,Johannesburg MM,Goudkoppies Wastewater Treatment Works,2/11/2026,,,
NAT-WGS-26-0109,Mpumalanga,Ehlanzeni DM,Komatipoort Sewage plant,2/9/2026,,,
NAT-WGS-26-0110,KwaZulu-Natal,Ethekwini MM,Northern Wastewater Treatment Works (KZN),2/10/2026,,,
NAT-WGS-26-0111,KwaZulu-Natal,Ethekwini MM,Central Wastewater Treatment Works (KZN),2/10/2026,,,
NAT-WGS-26-0112,Limpopo,Vhembe DM,Musina WWTW (in town),2/10/2026,,,
NAT-WGS-26-0113,Limpopo,Vhembe DM,Nancefield,2/10/2026,,,
NAT-WGS-26-0114,Eastern Cape,Buffalo City MM,East Bank Wastewater Treatment Works,2/10/2026,,,
NAT-WGS-26-0115,Eastern Cape,Buffalo City MM,Mdantsane Wastewater Treatment Works,2/10/2026,,,
NAT-WGS-26-0116,Free State,Mangaung MM,Bloemspruit Wastewater Treatment Works,2/10/2026,,,
NAT-WGS-26-0117,Gauteng,Ekurhuleni MM,Olifantsfontein,2/12/2026,,,
NAT-WGS-26-0118,Western Cape,Cape Town MM,Zandvleit Wastewater Treatment Works,2/10/2026,,,
NAT-WGS-26-0119,Western Cape,Cape Town MM,Borcherds Quarry Wastewater Treatment Works,2/10/2026,,,
NAT-WGS-26-0120,North West,Bojanala Platinum DM,Boitekong,2/11/2026,,,
NAT-WGS-26-0121,North West,Bojanala Platinum DM,Rustenburg Wastewater Treatment Works,2/11/2026,,,
NAT-WGS-26-0122,Gauteng,Tshwane MM,Rooiwal Wastewater Treatment Works,2/11/2026,,,
NAT-WGS-26-0123,,,,,,,
NAT-WGS-26-0124,Gauteng,Tshwane MM,Daspoort Wastewater Treatment Works,2/13/2026,,,
NAT-WGS-26-0125,KwaZulu-Natal,Umkhanyakude DM,Manguzi Wastewater Treatment Plant,2/11/2026,,,
NAT-WGS-26-0126,KwaZulu-Natal,Umkhanyakude DM,Jozini Wastewater Treatment Plant,2/10/2026,,,
NAT-WGS-26-0127,Gauteng,Ekurhuleni MM,Olifantsfontein,2/16/2026,,,
NAT-WGS-26-0128,Free State,Mangaung MM,Sterkwater Wastewater Treatment Works,2/10/2026,,,
NAT-WGS-26-0129,Gauteng,Tshwane MM,Daspoort Wastewater Treatment Works,2/17/2026,,,
NAT-WGS-26-0130,Gauteng,Ekurhuleni MM,Hartebeesfontein Waterworks,2/17/2026,,,
NAT-WGS-26-0131,Gauteng,Johannesburg MM,Northern Wastewater Treatment Works (GP),2/17/2026,,,
NAT-WGS-26-0132,Gauteng,Ekurhuleni MM,ERWAT Vlakplaat Wastewater Treatment Works,2/17/2026,,,
NAT-WGS-26-0133,Gauteng,Johannesburg MM,Goudkoppies Wastewater Treatment Works,2/18/2026,,,
NAT-WGS-26-0134,Limpopo,Vhembe DM,Nancefield,2/17/2026,,,
NAT-WGS-26-0135,Limpopo,Vhembe DM,Musina WWTW (in town),2/17/2026,,,
NAT-WGS-26-0136,KwaZulu-Natal,Ethekwini MM,Northern Wastewater Treatment Works (KZN),2/17/2026,,,
NAT-WGS-26-0137,KwaZulu-Natal,Ethekwini MM,Central Wastewater Treatment Works (KZN),2/17/2026,,,
NAT-WGS-26-0138,Eastern Cape,Buffalo City MM,East Bank Wastewater Treatment Works,2/17/2026,,,
NAT-WGS-26-0139,Eastern Cape,Buffalo City MM,Mdantsane Wastewater Treatment Works,2/17/2026,,,
NAT-WGS-26-0140,Free State,Mangaung MM,Sterkwater Wastewater Treatment Works,2/17/2026,,,
NAT-WGS-26-0141,Free State,Mangaung MM,Bloemspruit Wastewater Treatment Works,2/17/2026,,,
NAT-WGS-26-0142,Western Cape,Cape Town MM,Borcherds Quarry Wastewater Treatment Works,2/17/2026,,,
NAT-WGS-26-0143,Western Cape,Cape Town MM,Zandvleit Wastewater Treatment Works,2/17/2026,,,
NAT-WGS-26-0144,Mpumalanga,Ehlanzeni DM,Komatipoort Sewage plant,2/16/2026,,,
NAT-WGS-26-0145,Gauteng,Tshwane MM,Rooiwal Wastewater Treatment Works,2/18/2026,,,
NAT-WGS-26-0146,Gauteng,Ekurhuleni MM,Olifantsfontein,2/19/2026,,,
NAT-WGS-26-0147,North West,Bojanala Platinum DM,Rustenburg Wastewater Treatment Works,2/18/2026,,,
NAT-WGS-26-0148,North West,Bojanala Platinum DM,Boitekong,2/18/2026,,,
NAT-WGS-26-0149,Northern Cape,Frances Baard DM,Homevale Kimberley,2/18/2026,,,
NAT-WGS-26-0150,Gauteng,Tshwane MM,Daspoort Wastewater Treatment Works,2/20/2026,,,
NAT-WGS-26-0151,KwaZulu-Natal,Umkhanyakude DM,Jozini Wastewater Treatment Plant,2/17/2026,,,
NAT-WGS-26-0152,KwaZulu-Natal,Umkhanyakude DM,Manguzi Wastewater Treatment Plant,2/18/2026,,,
NAT-WGS-26-0153,Gauteng,Tshwane MM,Daspoort Wastewater Treatment Works,2/23/2026,,,
NAT-WGS-26-0154,Gauteng,Tshwane MM,Daspoort Wastewater Treatment Works,2/24/2026,,,
NAT-WGS-26-0155,Gauteng,Ekurhuleni MM,ERWAT Vlakplaat Wastewater Treatment Works,2/24/2026,,,
NAT-WGS-26-0156,Gauteng,Ekurhuleni MM,Hartebeesfontein Waterworks,2/24/2026,,,
NAT-WGS-26-0157,Gauteng,Johannesburg MM,Northern Wastewater Treatment Works (GP),2/24/2026,,,
NAT-WGS-26-0158,Gauteng,Johannesburg MM,Goudkoppies Wastewater Treatment Works,2/25/2026,,,
NAT-WGS-26-0159,Mpumalanga,Ehlanzeni DM,Komatipoort Sewage plant,2/23/2026,,,
NAT-WGS-26-0160,KwaZulu-Natal,Ethekwini MM,Central Wastewater Treatment Works (KZN),2/24/2026,,,
NAT-WGS-26-0161,KwaZulu-Natal,Ethekwini MM,Northern Wastewater Treatment Works (KZN),2/24/2026,,,
NAT-WGS-26-0162,Western Cape,Cape Town MM,Zandvleit Wastewater Treatment Works,2/24/2026,,,
NAT-WGS-26-0163,Western Cape,Cape Town MM,Borcherds Quarry Wastewater Treatment Works,2/24/2026,,,
NAT-WGS-26-0164,Limpopo,Vhembe DM,Nancefield,2/24/2026,,,
NAT-WGS-26-0165,Limpopo,Vhembe DM,Musina WWTW (in town),2/24/2026,,,
NAT-WGS-26-0166,Free State,Mangaung MM,Sterkwater Wastewater Treatment Works,2/24/2026,,,
NAT-WGS-26-0167,Free State,Mangaung MM,Bloemspruit Wastewater Treatment Works,2/24/2026,,,
NAT-WGS-26-0168,Gauteng,Tshwane MM,Rooiwal Wastewater Treatment Works,2/25/2026,,,
NAT-WGS-26-0169,Gauteng,Ekurhuleni MM,Sasol Garage,2/26/2026,,,
NAT-WGS-26-0170,North West,Bojanala Platinum DM,Boitekong,2/25/2026,,,
NAT-WGS-26-0171,North West,Bojanala Platinum DM,Rustenburg Wastewater Treatment Works,2/25/2026,,,
NAT-WGS-26-0172,Eastern Cape,Buffalo City MM,Mdantsane Wastewater Treatment Works,2/24/2026,,,
NAT-WGS-26-0173,Eastern Cape,Buffalo City MM,East Bank Wastewater Treatment Works,2/25/2026,,,
NAT-WGS-26-0174,Gauteng,Ekurhuleni MM,Olifantsfontein,2/27/2026,,,
NAT-WGS-26-0175,KwaZulu-Natal,Umkhanyakude DM,Manguzi Wastewater Treatment Plant,2/25/2026,,,
NAT-WGS-26-0176,KwaZulu-Natal,Umkhanyakude DM,Jozini Wastewater Treatment Plant,2/24/2026,,,
NAT-WGS-26-0177,Gauteng,Ekurhuleni MM,Olifantsfontein,3/2/2026,,,
NAT-WGS-26-0178,Gauteng,Tshwane MM,Daspoort Wastewater Treatment Works,3/3/2026,,,
NAT-WGS-26-0179,Gauteng,Ekurhuleni MM,Hartebeesfontein Waterworks,3/3/2026,,,
NAT-WGS-26-0180,Gauteng,Johannesburg MM,Northern Wastewater Treatment Works (GP),3/3/2026,,,
NAT-WGS-26-0181,Free State,Mangaung MM,Sterkwater Wastewater Treatment Works,3/3/2026,,,
NAT-WGS-26-0182,Free State,Mangaung MM,Bloemspruit Wastewater Treatment Works,3/3/2026,,,
NAT-WGS-26-0183,KwaZulu-Natal,Ethekwini MM,Northern Wastewater Treatment Works (KZN),3/3/2026,,,
NAT-WGS-26-0184,KwaZulu-Natal,Ethekwini MM,Central Wastewater Treatment Works (KZN),3/3/2026,,,
NAT-WGS-26-0185,Mpumalanga,Ehlanzeni DM,Komatipoort Sewage plant,3/2/2026,,,
NAT-WGS-26-0186,Western Cape,Cape Town MM,Borcherds Quarry Wastewater Treatment Works,3/3/2026,,,
NAT-WGS-26-0187,Western Cape,Cape Town MM,Zandvleit Wastewater Treatment Works,3/3/2026,,,
NAT-WGS-26-0188,Eastern Cape,Buffalo City MM,Mdantsane Wastewater Treatment Works,3/3/2026,,,
NAT-WGS-26-0189,Gauteng,Johannesburg MM,Goudkoppies Wastewater Treatment Works,3/4/2026,,,
NAT-WGS-26-0190,Gauteng,Ekurhuleni MM,ERWAT Vlakplaat Wastewater Treatment Works,3/3/2026,,,
NAT-WGS-26-0191,Gauteng,Tshwane MM,Rooiwal Wastewater Treatment Works,3/4/2026,,,
NAT-WGS-26-0192,Gauteng,Tshwane MM,Daspoort Wastewater Treatment Works,3/6/2026,,,
NAT-WGS-26-0193,Northern Cape,Frances Baard DM,Homevale Kimberley,3/4/2026,,,
NAT-WGS-26-0194,North West,Bojanala Platinum DM,Boitekong,3/4/2026,,,
NAT-WGS-26-0195,North West,Bojanala Platinum DM,Rustenburg Wastewater Treatment Works,3/4/2026,,,
NAT-WGS-26-0196,KwaZulu-Natal,Umkhanyakude DM,Jozini Wastewater Treatment Plant,3/3/2026,,,
NAT-WGS-26-0197,KwaZulu-Natal,Umkhanyakude DM,Manguzi Wastewater Treatment Plant,3/4/2026,,,
NAT-WGS-26-0198,Gauteng,Ekurhuleni MM,Olifantsfontein,3/9/2026,,,
NAT-WGS-26-0199,Gauteng,Tshwane MM,Daspoort Wastewater Treatment Works,3/10/2026,,,
NAT-WGS-26-0200,Gauteng,Johannesburg MM,Northern Wastewater Treatment Works (GP),3/10/2026,,,
NAT-WGS-26-0201,Gauteng,Ekurhuleni MM,Hartebeesfontein Waterworks,3/10/2026,,,
NAT-WGS-26-0202,Gauteng,Ekurhuleni MM,ERWAT Vlakplaat Wastewater Treatment Works,3/10/2026,,,
NAT-WGS-26-0203,Mpumalanga,Ehlanzeni DM,Komatipoort Sewage plant,3/9/2026,,,
NAT-WGS-26-0204,Limpopo,Vhembe DM,Musina WWTW (in town),3/10/2026,,,
NAT-WGS-26-0205,Limpopo,Vhembe DM,Nancefield,3/10/2026,,,
NAT-WGS-26-0206,KwaZulu-Natal,Ethekwini MM,Central Wastewater Treatment Works (KZN),3/10/2026,,,
NAT-WGS-26-0207,KwaZulu-Natal,Ethekwini MM,Northern Wastewater Treatment Works (KZN),3/10/2026,,,
NAT-WGS-26-0208,Western Cape,Cape Town MM,Borcherds Quarry Wastewater Treatment Works,3/10/2026,,,
NAT-WGS-26-0209,Western Cape,Cape Town MM,Zandvleit Wastewater Treatment Works,3/10/2026,,,
NAT-WGS-26-0210,Gauteng,Johannesburg MM,Goudkoppies Wastewater Treatment Works,3/11/2026,,,
NAT-WGS-26-0211,Eastern Cape,Buffalo City MM,East Bank Wastewater Treatment Works,3/11/2026,,,
NAT-WGS-26-0212,North West,Bojanala Platinum DM,Rustenburg Wastewater Treatment Works,3/11/2026,,,
NAT-WGS-26-0213,North West,Bojanala Platinum DM,Boitekong,3/11/2026,,,
NAT-WGS-26-0214,Eastern Cape,Buffalo City MM,Mdantsane Wastewater Treatment Works,3/11/2026,,,
NAT-WGS-26-0215,Gauteng,Tshwane MM,Daspoort Wastewater Treatment Works,3/13/2026,,,
NAT-WGS-26-0216,Free State,Mangaung MM,Bloemspruit Wastewater Treatment Works,3/10/2026,,,
NAT-WGS-26-0217,Free State,Mangaung MM,Sterkwater Wastewater Treatment Works,3/10/2026,,,
NAT-WGS-26-0218,Gauteng,Tshwane MM,Rooiwal Wastewater Treatment Works,3/11/2026,,,
NAT-WGS-26-0219,Gauteng,Ekurhuleni MM,Olifantsfontein,3/16/2026,,,
NAT-WGS-26-0220,Northern Cape,Frances Baard DM,Homevale Kimberley,3/11/2026,,,
NAT-WGS-26-0221,KwaZulu-Natal,Umkhanyakude DM,Jozini Wastewater Treatment Plant,3/10/2026,,,
NAT-WGS-26-0222,KwaZulu-Natal,Umkhanyakude DM,Manguzi Wastewater Treatment Plant,3/11/2026,,,
NAT-WGS-26-0223,Gauteng,Tshwane MM,Daspoort Wastewater Treatment Works,3/17/2026,,,
NAT-WGS-26-0224,Gauteng,Ekurhuleni MM,Hartebeesfontein Waterworks,3/17/2026,,,
NAT-WGS-26-0225,Gauteng,Ekurhuleni MM,ERWAT Vlakplaat Wastewater Treatment Works,3/17/2026,,,
NAT-WGS-26-0226,Gauteng,Johannesburg MM,Northern Wastewater Treatment Works (GP),3/17/2026,,,
NAT-WGS-26-0227,Free State,Mangaung MM,Bloemspruit Wastewater Treatment Works,3/17/2026,,,
NAT-WGS-26-0228,Free State,Mangaung MM,Sterkwater Wastewater Treatment Works,3/17/2026,,,
NAT-WGS-26-0229,KwaZulu-Natal,Ethekwini MM,Northern Wastewater Treatment Works (KZN),3/17/2026,,,
NAT-WGS-26-0230,KwaZulu-Natal,Ethekwini MM,Central Wastewater Treatment Works (KZN),3/17/2026,,,
NAT-WGS-26-0231,Limpopo,Vhembe DM,Musina WWTW (in town),3/17/2026,,,
NAT-WGS-26-0232,Limpopo,Vhembe DM,Nancefield,3/17/2026,,,
NAT-WGS-26-0233,Western Cape,Cape Town MM,Borcherds Quarry Wastewater Treatment Works,3/17/2026,,,
NAT-WGS-26-0234,Western Cape,Cape Town MM,Zandvleit Wastewater Treatment Works,3/17/2026,,,
NAT-WGS-26-0235,Gauteng,Johannesburg MM,Goudkoppies Wastewater Treatment Works,3/18/2026,,,
NAT-WGS-26-0236,Gauteng,Ekurhuleni MM,Olifantsfontein,3/19/2026,,,
NAT-WGS-26-0237,Gauteng,Tshwane MM,Rooiwal Wastewater Treatment Works,3/18/2026,,,
NAT-WGS-26-0238,North West,Bojanala Platinum DM,Boitekong,3/18/2026,,,
NAT-WGS-26-0239,North West,Bojanala Platinum DM,Rustenburg Wastewater Treatment Works,3/18/2026,,,
NAT-WGS-26-0240,Eastern Cape,Buffalo City MM,Mdantsane Wastewater Treatment Works,3/18/2026,,,
NAT-WGS-26-0241,Eastern Cape,Buffalo City MM,East Bank Wastewater Treatment Works,3/18/2026,,,
NAT-WGS-26-0242,Gauteng,Tshwane MM,Daspoort Wastewater Treatment Works,3/20/2026,,,
NAT-WGS-26-0243,KwaZulu-Natal,Umkhanyakude DM,Jozini Wastewater Treatment Plant,3/17/2026,,,
NAT-WGS-26-0244,Gauteng,Ekurhuleni MM,Olifantsfontein,3/23/2026,,,
NAT-WGS-26-O123,Eastern Cape,Nelson Mandela Bay MM,Kwanobuhle Wastewater Treatment Works,2/9/2026,,,
NAT-WHS-25-0642,KwaZulu-Natal,Umkhanyakude DM,Manguzi Wastewater Treatment Plant,8/6/2025,,,
NIC-COV-23-0611,Gauteng,Ekurhuleni MM,Midstream,8/3/2023,,,
NIC-COV-23-0615,Gauteng,Tshwane MM,SAPS Training College,8/4/2023,,,
NIC-COV-23-0617,Gauteng,Tshwane MM,Atteridgeville Train Station,8/4/2023,,,
NIC-COV-23-0619,Gauteng,Tshwane MM,Laudium,8/4/2023,,,
NIC-COV-23-0620,Gauteng,Tshwane MM,Groenkloof,8/4/2023,,,
NIC-COV-23-0629,Gauteng,Tshwane MM,SAPS Training College,8/8/2023,,,
NIC-COV-23-0631,Gauteng,Tshwane MM,Atteridgeville Train Station,8/8/2023,,,
NIC-COV-23-0633,Gauteng,Tshwane MM,Laudium,8/8/2023,,,
NIC-COV-23-0634,Gauteng,Tshwane MM,Groenkloof,8/8/2023,,,
NIC-COV-23-0640,Gauteng,Ekurhuleni MM,Moloreng,8/10/2023,,,
NIC-COV-23-0649,Gauteng,Tshwane MM,SAPS Training College,8/11/2023,,,
NIC-COV-23-0651,Gauteng,Tshwane MM,Atteridgeville Train Station,8/11/2023,,,
NIC-COV-23-0653,Gauteng,Tshwane MM,Laudium,8/11/2023,,,
NIC-COV-23-0654,Gauteng,Tshwane MM,Groenkloof,8/11/2023,,,
NIC-COV-23-0655,Gauteng,Ekurhuleni MM,Midstream,8/14/2023,,,
NIC-COV-23-0657,Gauteng,Ekurhuleni MM,Moloreng,8/14/2023,,,
NIC-COV-23-0660,Gauteng,Tshwane MM,Daspoort Wastewater Treatment Works,8/15/2023,,,
NIC-COV-23-0661,Gauteng,Tshwane MM,SAPS Training College,8/15/2023,,,
NIC-COV-23-0663,Gauteng,Tshwane MM,Atteridgeville Train Station,8/15/2023,,,
NIC-COV-23-0665,Gauteng,Tshwane MM,Laudium,8/15/2023,,,
NIC-COV-23-0666,Gauteng,Tshwane MM,Groenkloof,8/15/2023,,,
NIC-COV-23-0672,Gauteng,Johannesburg MM,Motsoaledi,8/16/2023,,,
NIC-COV-23-0673,Gauteng,Johannesburg MM,Klipsruit Yard (Before tunnel),8/16/2023,,,
NIC-COV-23-0674,Gauteng,Johannesburg MM,Klipspruit Veggies (After tunnel),8/16/2023,,,
NIC-COV-23-0675,Gauteng,Johannesburg MM,Bushkoppies Inlet,8/16/2023,,,
NIC-COV-23-0681,Gauteng,Ekurhuleni MM,Moloreng,8/17/2023,,,
